ISO-10303-21;
HEADER;
/* Generated by software containing ST-Developer
 * from STEP Tools, Inc. (www.steptools.com) 
 */

FILE_DESCRIPTION(
/* description */ (''),
/* implementation_level */ '2;1');

FILE_NAME(
/* name */ 'GoPro_Hero_5_Session.step',
/* time_stamp */ '2026-04-04T16:00:53+02:00',
/* author */ (''),
/* organization */ (''),
/* preprocessor_version */ 'ST-DEVELOPER v20.1',
/* originating_system */ 'Autodesk Translation Framework v14.24.0.0',
/* authorisation */ '');

FILE_SCHEMA (('AUTOMOTIVE_DESIGN { 1 0 10303 214 3 1 1 }'));
ENDSEC;

DATA;
#10=MECHANICAL_DESIGN_GEOMETRIC_PRESENTATION_REPRESENTATION('',(#650,#651,
#652,#653,#654,#655,#656,#657,#658,#659,#660,#661,#662,#663,#664,#665,#666,
#667,#668,#669,#670,#671,#672,#673,#674,#675,#676,#677,#678,#679,#680,#681,
#682,#683,#684,#685,#686,#687,#688,#689,#690,#691,#692,#693,#694,#695,#696,
#697,#698),#14650);
#11=SHAPE_REPRESENTATION_RELATIONSHIP('SRR','None',#14657,#12);
#12=ADVANCED_BREP_SHAPE_REPRESENTATION('',(#30,#31,#32,#33,#34,#35,#36,
#37,#38,#39,#40,#41,#42),#14649);
#13=(
BOUNDED_SURFACE()
B_SPLINE_SURFACE(2,2,((#14422,#14423,#14424,#14425,#14426,#14427,#14428,
#14429,#14430),(#14431,#14432,#14433,#14434,#14435,#14436,#14437,#14438,
#14439),(#14440,#14441,#14442,#14443,#14444,#14445,#14446,#14447,#14448)),
 .UNSPECIFIED.,.F.,.T.,.F.)
B_SPLINE_SURFACE_WITH_KNOTS((3,3),(3,2,2,2,3),(0.991001803934859,1.57732885036659),
(-3.14159265358979,-1.5707963267949,0.,1.5707963267949,3.14159265358979),
 .UNSPECIFIED.)
GEOMETRIC_REPRESENTATION_ITEM()
RATIONAL_B_SPLINE_SURFACE(((1.,0.707106781186548,1.,0.707106781186548,1.,
0.707106781186548,1.,0.707106781186548,1.),(0.957334465528386,0.676937692438721,
0.957334465528386,0.676937692438721,0.957334465528386,0.676937692438721,
0.957334465528386,0.676937692438721,0.957334465528386),(1.,0.707106781186548,
1.,0.707106781186548,1.,0.707106781186548,1.,0.707106781186548,1.)))
REPRESENTATION_ITEM('')
SURFACE()
);
#14=CONICAL_SURFACE('',#8780,1.175,0.785398163397448);
#15=CONICAL_SURFACE('',#8836,1.175,0.785398163397448);
#16=CONICAL_SURFACE('',#8892,1.175,0.785398163397448);
#17=CONICAL_SURFACE('',#8948,1.175,0.785398163397448);
#18=CONICAL_SURFACE('',#9004,1.175,0.785398163397448);
#19=CONICAL_SURFACE('',#9060,1.175,0.785398163397448);
#20=CONICAL_SURFACE('',#9116,1.175,0.785398163397448);
#21=CONICAL_SURFACE('',#9172,1.175,0.785398163397448);
#22=CONICAL_SURFACE('',#9415,4.04999999999999,0.785398163397448);
#23=CONICAL_SURFACE('',#9463,4.05000000000001,0.785398163397447);
#24=CONICAL_SURFACE('',#9465,4.05,0.785398163397448);
#25=CONICAL_SURFACE('',#9467,4.05,0.785398163397448);
#26=CONICAL_SURFACE('',#9495,5.19999999999999,0.785398163397448);
#27=CONICAL_SURFACE('',#9499,5.2,0.785398163397448);
#28=CONICAL_SURFACE('',#9503,5.2,0.785398163397448);
#29=CONICAL_SURFACE('',#9507,5.20000000000001,0.785398163397448);
#30=MANIFOLD_SOLID_BREP('Body',#8627);
#31=MANIFOLD_SOLID_BREP('Glas',#8628);
#32=MANIFOLD_SOLID_BREP('Bolt',#8629);
#33=MANIFOLD_SOLID_BREP('Bolt (1)',#8630);
#34=MANIFOLD_SOLID_BREP('Bolt (2)',#8631);
#35=MANIFOLD_SOLID_BREP('Bolt (3)',#8632);
#36=MANIFOLD_SOLID_BREP('Bolt (4)',#8633);
#37=MANIFOLD_SOLID_BREP('Bolt (1) (1)',#8634);
#38=MANIFOLD_SOLID_BREP('Bolt (1) (2)',#8635);
#39=MANIFOLD_SOLID_BREP('Bolt (1) (3)',#8636);
#40=MANIFOLD_SOLID_BREP('Front_Plate',#8637);
#41=MANIFOLD_SOLID_BREP('Door',#8638);
#42=MANIFOLD_SOLID_BREP('Back\X\FCplate',#8639);
#43=TOROIDAL_SURFACE('',#8743,6.1,0.35);
#44=FACE_BOUND('',#1200,.T.);
#45=FACE_BOUND('',#1201,.T.);
#46=FACE_BOUND('',#1208,.T.);
#47=FACE_BOUND('',#1214,.T.);
#48=FACE_BOUND('',#1219,.T.);
#49=FACE_BOUND('',#1248,.T.);
#50=FACE_BOUND('',#1252,.T.);
#51=FACE_BOUND('',#1254,.T.);
#52=FACE_BOUND('',#1260,.T.);
#53=FACE_BOUND('',#1261,.T.);
#54=FACE_BOUND('',#1278,.T.);
#55=FACE_BOUND('',#1308,.T.);
#56=FACE_BOUND('',#1338,.T.);
#57=FACE_BOUND('',#1368,.T.);
#58=FACE_BOUND('',#1398,.T.);
#59=FACE_BOUND('',#1428,.T.);
#60=FACE_BOUND('',#1458,.T.);
#61=FACE_BOUND('',#1488,.T.);
#62=FACE_BOUND('',#1527,.T.);
#63=FACE_BOUND('',#1534,.T.);
#64=FACE_BOUND('',#1535,.T.);
#65=FACE_BOUND('',#1536,.T.);
#66=FACE_BOUND('',#1537,.T.);
#67=FACE_BOUND('',#1538,.T.);
#68=FACE_BOUND('',#1539,.T.);
#69=FACE_BOUND('',#1540,.T.);
#70=FACE_BOUND('',#1541,.T.);
#71=FACE_BOUND('',#1545,.T.);
#72=FACE_BOUND('',#1554,.T.);
#73=FACE_BOUND('',#1564,.T.);
#74=FACE_BOUND('',#1575,.T.);
#75=FACE_BOUND('',#1581,.T.);
#76=FACE_BOUND('',#1594,.T.);
#77=FACE_BOUND('',#1600,.T.);
#78=FACE_BOUND('',#1610,.T.);
#79=FACE_BOUND('',#1648,.T.);
#80=FACE_BOUND('',#1651,.T.);
#81=FACE_BOUND('',#1670,.T.);
#82=ELLIPSE('',#8659,1.4142135623731,1.);
#83=ELLIPSE('',#8661,1.41421356237309,1.);
#84=ELLIPSE('',#9251,1.90918830920368,1.35);
#85=ELLIPSE('',#9256,1.90918830920368,1.35);
#86=ELLIPSE('',#9259,1.90918830920368,1.35);
#87=ELLIPSE('',#9260,1.90918830920368,1.35);
#88=ELLIPSE('',#9296,1.90918830920368,1.35);
#89=ELLIPSE('',#9299,1.90918830920368,1.35);
#90=ELLIPSE('',#9304,1.90918830920368,1.35);
#91=ELLIPSE('',#9305,1.90918830920368,1.35);
#92=ELLIPSE('',#9336,1.90918830920368,1.35);
#93=ELLIPSE('',#9341,1.90918830920368,1.35);
#94=ELLIPSE('',#9347,1.90918830920368,1.35);
#95=ELLIPSE('',#9352,1.90918830920368,1.35);
#96=ELLIPSE('',#9373,1.90918830920368,1.35);
#97=ELLIPSE('',#9375,1.90918830920368,1.35);
#98=ELLIPSE('',#9383,1.90918830920368,1.35);
#99=ELLIPSE('',#9386,1.90918830920368,1.35);
#100=CIRCLE('',#8658,1.);
#101=CIRCLE('',#8663,1.);
#102=CIRCLE('',#8667,0.25);
#103=CIRCLE('',#8668,0.25);
#104=CIRCLE('',#8671,0.25);
#105=CIRCLE('',#8672,0.25);
#106=CIRCLE('',#8673,0.25);
#107=CIRCLE('',#8675,0.25);
#108=CIRCLE('',#8678,0.25);
#109=CIRCLE('',#8681,0.25);
#110=CIRCLE('',#8693,0.5);
#111=CIRCLE('',#8694,0.5);
#112=CIRCLE('',#8706,5.99999999999999);
#113=CIRCLE('',#8707,6.00000000000001);
#114=CIRCLE('',#8708,6.);
#115=CIRCLE('',#8709,6.);
#116=CIRCLE('',#8725,6.);
#117=CIRCLE('',#8726,6.);
#118=CIRCLE('',#8727,6.00000000000001);
#119=CIRCLE('',#8728,5.99999999999999);
#120=CIRCLE('',#8730,2.865);
#121=CIRCLE('',#8739,5.75);
#122=CIRCLE('',#8740,5.);
#123=CIRCLE('',#8742,5.);
#124=CIRCLE('',#8744,6.1);
#125=CIRCLE('',#8745,0.35);
#126=CIRCLE('',#8747,3.435);
#127=CIRCLE('',#8749,3.435);
#128=CIRCLE('',#8750,2.865);
#129=CIRCLE('',#8759,1.26);
#130=CIRCLE('',#8760,1.26);
#131=CIRCLE('',#8763,1.26);
#132=CIRCLE('',#8764,0.749999999999991);
#133=CIRCLE('',#8765,0.750000000000004);
#134=CIRCLE('',#8766,0.750000000000008);
#135=CIRCLE('',#8768,1.26);
#136=CIRCLE('',#8771,0.749999999999991);
#137=CIRCLE('',#8774,0.750000000000004);
#138=CIRCLE('',#8777,0.750000000000008);
#139=CIRCLE('',#8781,1.125);
#140=CIRCLE('',#8782,1.225);
#141=CIRCLE('',#8784,0.1);
#142=CIRCLE('',#8785,0.1);
#143=CIRCLE('',#8786,0.1);
#144=CIRCLE('',#8787,0.1);
#145=CIRCLE('',#8788,0.1);
#146=CIRCLE('',#8789,0.1);
#147=CIRCLE('',#8790,0.1);
#148=CIRCLE('',#8791,0.1);
#149=CIRCLE('',#8792,0.1);
#150=CIRCLE('',#8793,0.1);
#151=CIRCLE('',#8794,0.1);
#152=CIRCLE('',#8795,0.1);
#153=CIRCLE('',#8797,1.225);
#154=CIRCLE('',#8799,0.1);
#155=CIRCLE('',#8802,0.1);
#156=CIRCLE('',#8805,0.1);
#157=CIRCLE('',#8808,0.1);
#158=CIRCLE('',#8810,0.1);
#159=CIRCLE('',#8811,0.1);
#160=CIRCLE('',#8812,0.1);
#161=CIRCLE('',#8813,0.1);
#162=CIRCLE('',#8814,0.1);
#163=CIRCLE('',#8815,0.1);
#164=CIRCLE('',#8816,0.1);
#165=CIRCLE('',#8817,0.1);
#166=CIRCLE('',#8837,1.125);
#167=CIRCLE('',#8838,1.225);
#168=CIRCLE('',#8840,0.1);
#169=CIRCLE('',#8841,0.1);
#170=CIRCLE('',#8842,0.1);
#171=CIRCLE('',#8843,0.1);
#172=CIRCLE('',#8844,0.1);
#173=CIRCLE('',#8845,0.1);
#174=CIRCLE('',#8846,0.1);
#175=CIRCLE('',#8847,0.1);
#176=CIRCLE('',#8848,0.1);
#177=CIRCLE('',#8849,0.1);
#178=CIRCLE('',#8850,0.1);
#179=CIRCLE('',#8851,0.1);
#180=CIRCLE('',#8853,1.225);
#181=CIRCLE('',#8855,0.1);
#182=CIRCLE('',#8858,0.1);
#183=CIRCLE('',#8861,0.1);
#184=CIRCLE('',#8864,0.1);
#185=CIRCLE('',#8866,0.1);
#186=CIRCLE('',#8867,0.1);
#187=CIRCLE('',#8868,0.1);
#188=CIRCLE('',#8869,0.1);
#189=CIRCLE('',#8870,0.1);
#190=CIRCLE('',#8871,0.1);
#191=CIRCLE('',#8872,0.1);
#192=CIRCLE('',#8873,0.1);
#193=CIRCLE('',#8893,1.125);
#194=CIRCLE('',#8894,1.225);
#195=CIRCLE('',#8896,0.1);
#196=CIRCLE('',#8897,0.1);
#197=CIRCLE('',#8898,0.1);
#198=CIRCLE('',#8899,0.1);
#199=CIRCLE('',#8900,0.1);
#200=CIRCLE('',#8901,0.1);
#201=CIRCLE('',#8902,0.1);
#202=CIRCLE('',#8903,0.1);
#203=CIRCLE('',#8904,0.1);
#204=CIRCLE('',#8905,0.1);
#205=CIRCLE('',#8906,0.1);
#206=CIRCLE('',#8907,0.1);
#207=CIRCLE('',#8909,1.225);
#208=CIRCLE('',#8911,0.1);
#209=CIRCLE('',#8914,0.1);
#210=CIRCLE('',#8917,0.1);
#211=CIRCLE('',#8920,0.1);
#212=CIRCLE('',#8922,0.1);
#213=CIRCLE('',#8923,0.1);
#214=CIRCLE('',#8924,0.1);
#215=CIRCLE('',#8925,0.1);
#216=CIRCLE('',#8926,0.1);
#217=CIRCLE('',#8927,0.1);
#218=CIRCLE('',#8928,0.1);
#219=CIRCLE('',#8929,0.1);
#220=CIRCLE('',#8949,1.125);
#221=CIRCLE('',#8950,1.225);
#222=CIRCLE('',#8952,0.1);
#223=CIRCLE('',#8953,0.1);
#224=CIRCLE('',#8954,0.1);
#225=CIRCLE('',#8955,0.1);
#226=CIRCLE('',#8956,0.1);
#227=CIRCLE('',#8957,0.1);
#228=CIRCLE('',#8958,0.1);
#229=CIRCLE('',#8959,0.1);
#230=CIRCLE('',#8960,0.1);
#231=CIRCLE('',#8961,0.1);
#232=CIRCLE('',#8962,0.1);
#233=CIRCLE('',#8963,0.1);
#234=CIRCLE('',#8965,1.225);
#235=CIRCLE('',#8967,0.1);
#236=CIRCLE('',#8970,0.1);
#237=CIRCLE('',#8973,0.1);
#238=CIRCLE('',#8976,0.1);
#239=CIRCLE('',#8978,0.1);
#240=CIRCLE('',#8979,0.1);
#241=CIRCLE('',#8980,0.1);
#242=CIRCLE('',#8981,0.1);
#243=CIRCLE('',#8982,0.1);
#244=CIRCLE('',#8983,0.1);
#245=CIRCLE('',#8984,0.1);
#246=CIRCLE('',#8985,0.1);
#247=CIRCLE('',#9005,1.125);
#248=CIRCLE('',#9006,1.225);
#249=CIRCLE('',#9008,0.1);
#250=CIRCLE('',#9009,0.1);
#251=CIRCLE('',#9010,0.1);
#252=CIRCLE('',#9011,0.1);
#253=CIRCLE('',#9012,0.1);
#254=CIRCLE('',#9013,0.1);
#255=CIRCLE('',#9014,0.1);
#256=CIRCLE('',#9015,0.1);
#257=CIRCLE('',#9016,0.1);
#258=CIRCLE('',#9017,0.1);
#259=CIRCLE('',#9018,0.1);
#260=CIRCLE('',#9019,0.1);
#261=CIRCLE('',#9021,1.225);
#262=CIRCLE('',#9023,0.1);
#263=CIRCLE('',#9026,0.1);
#264=CIRCLE('',#9029,0.1);
#265=CIRCLE('',#9032,0.1);
#266=CIRCLE('',#9034,0.1);
#267=CIRCLE('',#9035,0.1);
#268=CIRCLE('',#9036,0.1);
#269=CIRCLE('',#9037,0.1);
#270=CIRCLE('',#9038,0.1);
#271=CIRCLE('',#9039,0.1);
#272=CIRCLE('',#9040,0.1);
#273=CIRCLE('',#9041,0.1);
#274=CIRCLE('',#9061,1.125);
#275=CIRCLE('',#9062,1.225);
#276=CIRCLE('',#9064,0.1);
#277=CIRCLE('',#9065,0.1);
#278=CIRCLE('',#9066,0.1);
#279=CIRCLE('',#9067,0.1);
#280=CIRCLE('',#9068,0.1);
#281=CIRCLE('',#9069,0.1);
#282=CIRCLE('',#9070,0.1);
#283=CIRCLE('',#9071,0.1);
#284=CIRCLE('',#9072,0.1);
#285=CIRCLE('',#9073,0.1);
#286=CIRCLE('',#9074,0.1);
#287=CIRCLE('',#9075,0.1);
#288=CIRCLE('',#9077,1.225);
#289=CIRCLE('',#9079,0.1);
#290=CIRCLE('',#9082,0.1);
#291=CIRCLE('',#9085,0.1);
#292=CIRCLE('',#9088,0.1);
#293=CIRCLE('',#9090,0.1);
#294=CIRCLE('',#9091,0.1);
#295=CIRCLE('',#9092,0.1);
#296=CIRCLE('',#9093,0.1);
#297=CIRCLE('',#9094,0.1);
#298=CIRCLE('',#9095,0.1);
#299=CIRCLE('',#9096,0.1);
#300=CIRCLE('',#9097,0.1);
#301=CIRCLE('',#9117,1.125);
#302=CIRCLE('',#9118,1.225);
#303=CIRCLE('',#9120,0.1);
#304=CIRCLE('',#9121,0.1);
#305=CIRCLE('',#9122,0.1);
#306=CIRCLE('',#9123,0.1);
#307=CIRCLE('',#9124,0.1);
#308=CIRCLE('',#9125,0.1);
#309=CIRCLE('',#9126,0.1);
#310=CIRCLE('',#9127,0.1);
#311=CIRCLE('',#9128,0.1);
#312=CIRCLE('',#9129,0.1);
#313=CIRCLE('',#9130,0.1);
#314=CIRCLE('',#9131,0.1);
#315=CIRCLE('',#9133,1.225);
#316=CIRCLE('',#9135,0.1);
#317=CIRCLE('',#9138,0.1);
#318=CIRCLE('',#9141,0.1);
#319=CIRCLE('',#9144,0.1);
#320=CIRCLE('',#9146,0.1);
#321=CIRCLE('',#9147,0.1);
#322=CIRCLE('',#9148,0.1);
#323=CIRCLE('',#9149,0.1);
#324=CIRCLE('',#9150,0.1);
#325=CIRCLE('',#9151,0.1);
#326=CIRCLE('',#9152,0.1);
#327=CIRCLE('',#9153,0.1);
#328=CIRCLE('',#9173,1.125);
#329=CIRCLE('',#9174,1.225);
#330=CIRCLE('',#9176,0.1);
#331=CIRCLE('',#9177,0.1);
#332=CIRCLE('',#9178,0.1);
#333=CIRCLE('',#9179,0.1);
#334=CIRCLE('',#9180,0.1);
#335=CIRCLE('',#9181,0.1);
#336=CIRCLE('',#9182,0.1);
#337=CIRCLE('',#9183,0.1);
#338=CIRCLE('',#9184,0.1);
#339=CIRCLE('',#9185,0.1);
#340=CIRCLE('',#9186,0.1);
#341=CIRCLE('',#9187,0.1);
#342=CIRCLE('',#9189,1.225);
#343=CIRCLE('',#9191,0.1);
#344=CIRCLE('',#9194,0.1);
#345=CIRCLE('',#9197,0.1);
#346=CIRCLE('',#9200,0.1);
#347=CIRCLE('',#9202,0.1);
#348=CIRCLE('',#9203,0.1);
#349=CIRCLE('',#9204,0.1);
#350=CIRCLE('',#9205,0.1);
#351=CIRCLE('',#9206,0.1);
#352=CIRCLE('',#9207,0.1);
#353=CIRCLE('',#9208,0.1);
#354=CIRCLE('',#9209,0.1);
#355=CIRCLE('',#9229,5.99999999999999);
#356=CIRCLE('',#9230,6.);
#357=CIRCLE('',#9231,6.);
#358=CIRCLE('',#9232,6.00000000000001);
#359=CIRCLE('',#9235,6.);
#360=CIRCLE('',#9238,5.99999999999999);
#361=CIRCLE('',#9241,6.);
#362=CIRCLE('',#9244,0.9);
#363=CIRCLE('',#9245,0.9);
#364=CIRCLE('',#9248,1.35);
#365=CIRCLE('',#9249,1.35);
#366=CIRCLE('',#9252,1.35);
#367=CIRCLE('',#9257,1.35);
#368=CIRCLE('',#9262,1.25);
#369=CIRCLE('',#9263,1.25);
#370=CIRCLE('',#9264,1.35);
#371=CIRCLE('',#9265,3.25000000000001);
#372=CIRCLE('',#9266,0.349999999999999);
#373=CIRCLE('',#9267,0.349999999999999);
#374=CIRCLE('',#9268,0.349999999999999);
#375=CIRCLE('',#9269,0.349999999999999);
#376=CIRCLE('',#9270,0.349999999999999);
#377=CIRCLE('',#9271,0.349999999999999);
#378=CIRCLE('',#9272,0.349999999999999);
#379=CIRCLE('',#9273,0.349999999999999);
#380=CIRCLE('',#9275,0.9);
#381=CIRCLE('',#9276,0.9);
#382=CIRCLE('',#9279,1.35);
#383=CIRCLE('',#9280,1.35);
#384=CIRCLE('',#9282,1.35);
#385=CIRCLE('',#9286,1.35);
#386=CIRCLE('',#9289,0.9);
#387=CIRCLE('',#9290,0.9);
#388=CIRCLE('',#9293,1.35);
#389=CIRCLE('',#9294,1.35);
#390=CIRCLE('',#9297,1.35);
#391=CIRCLE('',#9300,1.35);
#392=CIRCLE('',#9307,1.35);
#393=CIRCLE('',#9309,0.9);
#394=CIRCLE('',#9310,0.9);
#395=CIRCLE('',#9313,1.35);
#396=CIRCLE('',#9314,1.35);
#397=CIRCLE('',#9316,1.35);
#398=CIRCLE('',#9321,0.750000000000004);
#399=CIRCLE('',#9322,1.35);
#400=CIRCLE('',#9323,3.25);
#401=CIRCLE('',#9325,0.9);
#402=CIRCLE('',#9326,0.9);
#403=CIRCLE('',#9329,0.9);
#404=CIRCLE('',#9330,0.9);
#405=CIRCLE('',#9333,1.35);
#406=CIRCLE('',#9334,1.35);
#407=CIRCLE('',#9337,1.35);
#408=CIRCLE('',#9342,1.35);
#409=CIRCLE('',#9344,1.35);
#410=CIRCLE('',#9345,1.35);
#411=CIRCLE('',#9348,1.35);
#412=CIRCLE('',#9355,2.64999999999999);
#413=CIRCLE('',#9356,0.749999999999991);
#414=CIRCLE('',#9358,3.25);
#415=CIRCLE('',#9359,1.35);
#416=CIRCLE('',#9360,0.750000000000006);
#417=CIRCLE('',#9362,0.9);
#418=CIRCLE('',#9363,0.9);
#419=CIRCLE('',#9366,0.9);
#420=CIRCLE('',#9367,0.9);
#421=CIRCLE('',#9370,1.35);
#422=CIRCLE('',#9371,1.35);
#423=CIRCLE('',#9376,1.35);
#424=CIRCLE('',#9380,1.35);
#425=CIRCLE('',#9381,1.35);
#426=CIRCLE('',#9384,1.35);
#427=CIRCLE('',#9393,1.25);
#428=CIRCLE('',#9395,1.25);
#429=CIRCLE('',#9396,0.750000000000006);
#430=CIRCLE('',#9397,0.750000000000004);
#431=CIRCLE('',#9398,0.749999999999991);
#432=CIRCLE('',#9403,4.54999999999999);
#433=CIRCLE('',#9404,2.64999999999999);
#434=CIRCLE('',#9405,4.54999999999999);
#435=CIRCLE('',#9406,2.65999999999999);
#436=CIRCLE('',#9412,2.65999999999999);
#437=CIRCLE('',#9414,3.24999999999999);
#438=CIRCLE('',#9416,4.84999999999999);
#439=CIRCLE('',#9418,0.349999999999999);
#440=CIRCLE('',#9421,0.349999999999999);
#441=CIRCLE('',#9424,0.349999999999999);
#442=CIRCLE('',#9427,0.349999999999999);
#443=CIRCLE('',#9430,0.349999999999999);
#444=CIRCLE('',#9433,0.349999999999999);
#445=CIRCLE('',#9436,0.349999999999999);
#446=CIRCLE('',#9439,0.349999999999999);
#447=CIRCLE('',#9449,11.1835732827903);
#448=CIRCLE('',#9450,6.2);
#449=CIRCLE('',#9451,6.2);
#450=CIRCLE('',#9453,11.5);
#451=CIRCLE('',#9454,6.2);
#452=CIRCLE('',#9456,11.5);
#453=CIRCLE('',#9464,4.85);
#454=CIRCLE('',#9466,4.85);
#455=CIRCLE('',#9468,4.85);
#456=CIRCLE('',#9470,4.85);
#457=CIRCLE('',#9473,4.85);
#458=CIRCLE('',#9476,4.84999999999999);
#459=CIRCLE('',#9479,4.85);
#460=CIRCLE('',#9482,6.00000000000001);
#461=CIRCLE('',#9496,4.39999999999999);
#462=CIRCLE('',#9497,5.99999999999999);
#463=CIRCLE('',#9500,4.4);
#464=CIRCLE('',#9501,6.);
#465=CIRCLE('',#9504,4.4);
#466=CIRCLE('',#9505,6.);
#467=CIRCLE('',#9508,4.40000000000001);
#468=CIRCLE('',#9509,6.00000000000001);
#469=CIRCLE('',#9511,6.);
#470=CIRCLE('',#9514,5.99999999999999);
#471=CIRCLE('',#9518,6.00000000000001);
#472=CIRCLE('',#9521,6.);
#473=CYLINDRICAL_SURFACE('',#8657,1.);
#474=CYLINDRICAL_SURFACE('',#8660,1.);
#475=CYLINDRICAL_SURFACE('',#8662,1.);
#476=CYLINDRICAL_SURFACE('',#8666,0.25);
#477=CYLINDRICAL_SURFACE('',#8674,0.25);
#478=CYLINDRICAL_SURFACE('',#8677,0.25);
#479=CYLINDRICAL_SURFACE('',#8680,0.25);
#480=CYLINDRICAL_SURFACE('',#8692,0.5);
#481=CYLINDRICAL_SURFACE('',#8731,5.99999999999999);
#482=CYLINDRICAL_SURFACE('',#8741,5.);
#483=CYLINDRICAL_SURFACE('',#8751,3.435);
#484=CYLINDRICAL_SURFACE('',#8752,2.865);
#485=CYLINDRICAL_SURFACE('',#8753,6.);
#486=CYLINDRICAL_SURFACE('',#8756,6.00000000000001);
#487=CYLINDRICAL_SURFACE('',#8757,6.);
#488=CYLINDRICAL_SURFACE('',#8758,1.26);
#489=CYLINDRICAL_SURFACE('',#8767,1.26);
#490=CYLINDRICAL_SURFACE('',#8770,0.749999999999991);
#491=CYLINDRICAL_SURFACE('',#8773,0.750000000000004);
#492=CYLINDRICAL_SURFACE('',#8776,0.750000000000008);
#493=CYLINDRICAL_SURFACE('',#8796,1.225);
#494=CYLINDRICAL_SURFACE('',#8798,0.1);
#495=CYLINDRICAL_SURFACE('',#8801,0.1);
#496=CYLINDRICAL_SURFACE('',#8804,0.1);
#497=CYLINDRICAL_SURFACE('',#8807,0.1);
#498=CYLINDRICAL_SURFACE('',#8819,0.1);
#499=CYLINDRICAL_SURFACE('',#8821,0.1);
#500=CYLINDRICAL_SURFACE('',#8823,0.1);
#501=CYLINDRICAL_SURFACE('',#8825,0.1);
#502=CYLINDRICAL_SURFACE('',#8827,0.1);
#503=CYLINDRICAL_SURFACE('',#8829,0.1);
#504=CYLINDRICAL_SURFACE('',#8831,0.1);
#505=CYLINDRICAL_SURFACE('',#8832,0.1);
#506=CYLINDRICAL_SURFACE('',#8852,1.225);
#507=CYLINDRICAL_SURFACE('',#8854,0.1);
#508=CYLINDRICAL_SURFACE('',#8857,0.1);
#509=CYLINDRICAL_SURFACE('',#8860,0.1);
#510=CYLINDRICAL_SURFACE('',#8863,0.1);
#511=CYLINDRICAL_SURFACE('',#8875,0.1);
#512=CYLINDRICAL_SURFACE('',#8877,0.1);
#513=CYLINDRICAL_SURFACE('',#8879,0.1);
#514=CYLINDRICAL_SURFACE('',#8881,0.1);
#515=CYLINDRICAL_SURFACE('',#8883,0.1);
#516=CYLINDRICAL_SURFACE('',#8885,0.1);
#517=CYLINDRICAL_SURFACE('',#8887,0.1);
#518=CYLINDRICAL_SURFACE('',#8888,0.1);
#519=CYLINDRICAL_SURFACE('',#8908,1.225);
#520=CYLINDRICAL_SURFACE('',#8910,0.1);
#521=CYLINDRICAL_SURFACE('',#8913,0.1);
#522=CYLINDRICAL_SURFACE('',#8916,0.1);
#523=CYLINDRICAL_SURFACE('',#8919,0.1);
#524=CYLINDRICAL_SURFACE('',#8931,0.1);
#525=CYLINDRICAL_SURFACE('',#8933,0.1);
#526=CYLINDRICAL_SURFACE('',#8935,0.1);
#527=CYLINDRICAL_SURFACE('',#8937,0.1);
#528=CYLINDRICAL_SURFACE('',#8939,0.1);
#529=CYLINDRICAL_SURFACE('',#8941,0.1);
#530=CYLINDRICAL_SURFACE('',#8943,0.1);
#531=CYLINDRICAL_SURFACE('',#8944,0.1);
#532=CYLINDRICAL_SURFACE('',#8964,1.225);
#533=CYLINDRICAL_SURFACE('',#8966,0.1);
#534=CYLINDRICAL_SURFACE('',#8969,0.1);
#535=CYLINDRICAL_SURFACE('',#8972,0.1);
#536=CYLINDRICAL_SURFACE('',#8975,0.1);
#537=CYLINDRICAL_SURFACE('',#8987,0.1);
#538=CYLINDRICAL_SURFACE('',#8989,0.1);
#539=CYLINDRICAL_SURFACE('',#8991,0.1);
#540=CYLINDRICAL_SURFACE('',#8993,0.1);
#541=CYLINDRICAL_SURFACE('',#8995,0.1);
#542=CYLINDRICAL_SURFACE('',#8997,0.1);
#543=CYLINDRICAL_SURFACE('',#8999,0.1);
#544=CYLINDRICAL_SURFACE('',#9000,0.1);
#545=CYLINDRICAL_SURFACE('',#9020,1.225);
#546=CYLINDRICAL_SURFACE('',#9022,0.1);
#547=CYLINDRICAL_SURFACE('',#9025,0.1);
#548=CYLINDRICAL_SURFACE('',#9028,0.1);
#549=CYLINDRICAL_SURFACE('',#9031,0.1);
#550=CYLINDRICAL_SURFACE('',#9043,0.1);
#551=CYLINDRICAL_SURFACE('',#9045,0.1);
#552=CYLINDRICAL_SURFACE('',#9047,0.1);
#553=CYLINDRICAL_SURFACE('',#9049,0.1);
#554=CYLINDRICAL_SURFACE('',#9051,0.1);
#555=CYLINDRICAL_SURFACE('',#9053,0.1);
#556=CYLINDRICAL_SURFACE('',#9055,0.1);
#557=CYLINDRICAL_SURFACE('',#9056,0.1);
#558=CYLINDRICAL_SURFACE('',#9076,1.225);
#559=CYLINDRICAL_SURFACE('',#9078,0.1);
#560=CYLINDRICAL_SURFACE('',#9081,0.1);
#561=CYLINDRICAL_SURFACE('',#9084,0.1);
#562=CYLINDRICAL_SURFACE('',#9087,0.1);
#563=CYLINDRICAL_SURFACE('',#9099,0.1);
#564=CYLINDRICAL_SURFACE('',#9101,0.1);
#565=CYLINDRICAL_SURFACE('',#9103,0.1);
#566=CYLINDRICAL_SURFACE('',#9105,0.1);
#567=CYLINDRICAL_SURFACE('',#9107,0.1);
#568=CYLINDRICAL_SURFACE('',#9109,0.1);
#569=CYLINDRICAL_SURFACE('',#9111,0.1);
#570=CYLINDRICAL_SURFACE('',#9112,0.1);
#571=CYLINDRICAL_SURFACE('',#9132,1.225);
#572=CYLINDRICAL_SURFACE('',#9134,0.1);
#573=CYLINDRICAL_SURFACE('',#9137,0.1);
#574=CYLINDRICAL_SURFACE('',#9140,0.1);
#575=CYLINDRICAL_SURFACE('',#9143,0.1);
#576=CYLINDRICAL_SURFACE('',#9155,0.1);
#577=CYLINDRICAL_SURFACE('',#9157,0.1);
#578=CYLINDRICAL_SURFACE('',#9159,0.1);
#579=CYLINDRICAL_SURFACE('',#9161,0.1);
#580=CYLINDRICAL_SURFACE('',#9163,0.1);
#581=CYLINDRICAL_SURFACE('',#9165,0.1);
#582=CYLINDRICAL_SURFACE('',#9167,0.1);
#583=CYLINDRICAL_SURFACE('',#9168,0.1);
#584=CYLINDRICAL_SURFACE('',#9188,1.225);
#585=CYLINDRICAL_SURFACE('',#9190,0.1);
#586=CYLINDRICAL_SURFACE('',#9193,0.1);
#587=CYLINDRICAL_SURFACE('',#9196,0.1);
#588=CYLINDRICAL_SURFACE('',#9199,0.1);
#589=CYLINDRICAL_SURFACE('',#9211,0.1);
#590=CYLINDRICAL_SURFACE('',#9213,0.1);
#591=CYLINDRICAL_SURFACE('',#9215,0.1);
#592=CYLINDRICAL_SURFACE('',#9217,0.1);
#593=CYLINDRICAL_SURFACE('',#9219,0.1);
#594=CYLINDRICAL_SURFACE('',#9221,0.1);
#595=CYLINDRICAL_SURFACE('',#9223,0.1);
#596=CYLINDRICAL_SURFACE('',#9224,0.1);
#597=CYLINDRICAL_SURFACE('',#9234,6.);
#598=CYLINDRICAL_SURFACE('',#9237,5.99999999999999);
#599=CYLINDRICAL_SURFACE('',#9240,6.);
#600=CYLINDRICAL_SURFACE('',#9243,0.9);
#601=CYLINDRICAL_SURFACE('',#9250,1.35);
#602=CYLINDRICAL_SURFACE('',#9255,1.35);
#603=CYLINDRICAL_SURFACE('',#9274,0.9);
#604=CYLINDRICAL_SURFACE('',#9281,1.35);
#605=CYLINDRICAL_SURFACE('',#9285,1.35);
#606=CYLINDRICAL_SURFACE('',#9288,0.9);
#607=CYLINDRICAL_SURFACE('',#9295,1.35);
#608=CYLINDRICAL_SURFACE('',#9298,1.35);
#609=CYLINDRICAL_SURFACE('',#9308,0.9);
#610=CYLINDRICAL_SURFACE('',#9315,1.35);
#611=CYLINDRICAL_SURFACE('',#9317,1.35);
#612=CYLINDRICAL_SURFACE('',#9324,0.9);
#613=CYLINDRICAL_SURFACE('',#9328,0.9);
#614=CYLINDRICAL_SURFACE('',#9335,1.35);
#615=CYLINDRICAL_SURFACE('',#9340,1.35);
#616=CYLINDRICAL_SURFACE('',#9346,1.35);
#617=CYLINDRICAL_SURFACE('',#9351,1.35);
#618=CYLINDRICAL_SURFACE('',#9361,0.9);
#619=CYLINDRICAL_SURFACE('',#9365,0.9);
#620=CYLINDRICAL_SURFACE('',#9372,1.35);
#621=CYLINDRICAL_SURFACE('',#9374,1.35);
#622=CYLINDRICAL_SURFACE('',#9382,1.35);
#623=CYLINDRICAL_SURFACE('',#9385,1.35);
#624=CYLINDRICAL_SURFACE('',#9392,1.25);
#625=CYLINDRICAL_SURFACE('',#9400,1.25);
#626=CYLINDRICAL_SURFACE('',#9408,2.64999999999999);
#627=CYLINDRICAL_SURFACE('',#9411,2.65999999999999);
#628=CYLINDRICAL_SURFACE('',#9417,0.349999999999999);
#629=CYLINDRICAL_SURFACE('',#9420,0.349999999999999);
#630=CYLINDRICAL_SURFACE('',#9423,0.349999999999999);
#631=CYLINDRICAL_SURFACE('',#9426,0.349999999999999);
#632=CYLINDRICAL_SURFACE('',#9429,0.349999999999999);
#633=CYLINDRICAL_SURFACE('',#9432,0.349999999999999);
#634=CYLINDRICAL_SURFACE('',#9435,0.349999999999999);
#635=CYLINDRICAL_SURFACE('',#9438,0.349999999999999);
#636=CYLINDRICAL_SURFACE('',#9447,0.750000000000006);
#637=CYLINDRICAL_SURFACE('',#9455,11.5);
#638=CYLINDRICAL_SURFACE('',#9458,6.2);
#639=CYLINDRICAL_SURFACE('',#9459,0.750000000000004);
#640=CYLINDRICAL_SURFACE('',#9461,0.749999999999991);
#641=CYLINDRICAL_SURFACE('',#9469,4.85);
#642=CYLINDRICAL_SURFACE('',#9472,4.85);
#643=CYLINDRICAL_SURFACE('',#9475,4.84999999999999);
#644=CYLINDRICAL_SURFACE('',#9478,4.85);
#645=CYLINDRICAL_SURFACE('',#9481,6.00000000000001);
#646=CYLINDRICAL_SURFACE('',#9510,6.);
#647=CYLINDRICAL_SURFACE('',#9513,5.99999999999999);
#648=CYLINDRICAL_SURFACE('',#9517,6.00000000000001);
#649=CYLINDRICAL_SURFACE('',#9520,6.);
#650=STYLED_ITEM('',(#14668),#8149);
#651=STYLED_ITEM('',(#14668),#8155);
#652=STYLED_ITEM('',(#14668),#8156);
#653=STYLED_ITEM('',(#14668),#8157);
#654=STYLED_ITEM('',(#14668),#8158);
#655=STYLED_ITEM('',(#14668),#8159);
#656=STYLED_ITEM('',(#14668),#8160);
#657=STYLED_ITEM('',(#14668),#8161);
#658=STYLED_ITEM('',(#14668),#8162);
#659=STYLED_ITEM('',(#14668),#8163);
#660=STYLED_ITEM('',(#14668),#8165);
#661=STYLED_ITEM('',(#14669),#8189);
#662=STYLED_ITEM('',(#14669),#8196);
#663=STYLED_ITEM('',(#14669),#8197);
#664=STYLED_ITEM('',(#14669),#8198);
#665=STYLED_ITEM('',(#14669),#8200);
#666=STYLED_ITEM('',(#14669),#8201);
#667=STYLED_ITEM('',(#14669),#8202);
#668=STYLED_ITEM('',(#14669),#8208);
#669=STYLED_ITEM('',(#14669),#8210);
#670=STYLED_ITEM('',(#14669),#8211);
#671=STYLED_ITEM('',(#14670),#8212);
#672=STYLED_ITEM('',(#14669),#8215);
#673=STYLED_ITEM('',(#14669),#8216);
#674=STYLED_ITEM('',(#14669),#8217);
#675=STYLED_ITEM('',(#14669),#8218);
#676=STYLED_ITEM('',(#14669),#8219);
#677=STYLED_ITEM('',(#14667),#30);
#678=STYLED_ITEM('',(#14671),#31);
#679=STYLED_ITEM('',(#14672),#32);
#680=STYLED_ITEM('',(#14672),#33);
#681=STYLED_ITEM('',(#14672),#34);
#682=STYLED_ITEM('',(#14672),#35);
#683=STYLED_ITEM('',(#14672),#36);
#684=STYLED_ITEM('',(#14672),#37);
#685=STYLED_ITEM('',(#14672),#38);
#686=STYLED_ITEM('',(#14672),#39);
#687=STYLED_ITEM('',(#14669),#8541);
#688=STYLED_ITEM('',(#14669),#8569);
#689=STYLED_ITEM('',(#14669),#8570);
#690=STYLED_ITEM('',(#14669),#8571);
#691=STYLED_ITEM('',(#14669),#8572);
#692=STYLED_ITEM('',(#14669),#8573);
#693=STYLED_ITEM('',(#14668),#8578);
#694=STYLED_ITEM('',(#14668),#8580);
#695=STYLED_ITEM('',(#14672),#40);
#696=STYLED_ITEM('',(#14667),#8607);
#697=STYLED_ITEM('',(#14666),#41);
#698=STYLED_ITEM('',(#14672),#42);
#699=FACE_OUTER_BOUND('',#1180,.T.);
#700=FACE_OUTER_BOUND('',#1181,.T.);
#701=FACE_OUTER_BOUND('',#1182,.T.);
#702=FACE_OUTER_BOUND('',#1183,.T.);
#703=FACE_OUTER_BOUND('',#1184,.T.);
#704=FACE_OUTER_BOUND('',#1185,.T.);
#705=FACE_OUTER_BOUND('',#1186,.T.);
#706=FACE_OUTER_BOUND('',#1187,.T.);
#707=FACE_OUTER_BOUND('',#1188,.T.);
#708=FACE_OUTER_BOUND('',#1189,.T.);
#709=FACE_OUTER_BOUND('',#1190,.T.);
#710=FACE_OUTER_BOUND('',#1191,.T.);
#711=FACE_OUTER_BOUND('',#1192,.T.);
#712=FACE_OUTER_BOUND('',#1193,.T.);
#713=FACE_OUTER_BOUND('',#1194,.T.);
#714=FACE_OUTER_BOUND('',#1195,.T.);
#715=FACE_OUTER_BOUND('',#1196,.T.);
#716=FACE_OUTER_BOUND('',#1197,.T.);
#717=FACE_OUTER_BOUND('',#1198,.T.);
#718=FACE_OUTER_BOUND('',#1199,.T.);
#719=FACE_OUTER_BOUND('',#1202,.T.);
#720=FACE_OUTER_BOUND('',#1203,.T.);
#721=FACE_OUTER_BOUND('',#1204,.T.);
#722=FACE_OUTER_BOUND('',#1205,.T.);
#723=FACE_OUTER_BOUND('',#1206,.T.);
#724=FACE_OUTER_BOUND('',#1207,.T.);
#725=FACE_OUTER_BOUND('',#1209,.T.);
#726=FACE_OUTER_BOUND('',#1210,.T.);
#727=FACE_OUTER_BOUND('',#1211,.T.);
#728=FACE_OUTER_BOUND('',#1212,.T.);
#729=FACE_OUTER_BOUND('',#1213,.T.);
#730=FACE_OUTER_BOUND('',#1215,.T.);
#731=FACE_OUTER_BOUND('',#1216,.T.);
#732=FACE_OUTER_BOUND('',#1217,.T.);
#733=FACE_OUTER_BOUND('',#1218,.T.);
#734=FACE_OUTER_BOUND('',#1220,.T.);
#735=FACE_OUTER_BOUND('',#1221,.T.);
#736=FACE_OUTER_BOUND('',#1222,.T.);
#737=FACE_OUTER_BOUND('',#1223,.T.);
#738=FACE_OUTER_BOUND('',#1224,.T.);
#739=FACE_OUTER_BOUND('',#1225,.T.);
#740=FACE_OUTER_BOUND('',#1226,.T.);
#741=FACE_OUTER_BOUND('',#1227,.T.);
#742=FACE_OUTER_BOUND('',#1228,.T.);
#743=FACE_OUTER_BOUND('',#1229,.T.);
#744=FACE_OUTER_BOUND('',#1230,.T.);
#745=FACE_OUTER_BOUND('',#1231,.T.);
#746=FACE_OUTER_BOUND('',#1232,.T.);
#747=FACE_OUTER_BOUND('',#1233,.T.);
#748=FACE_OUTER_BOUND('',#1234,.T.);
#749=FACE_OUTER_BOUND('',#1235,.T.);
#750=FACE_OUTER_BOUND('',#1236,.T.);
#751=FACE_OUTER_BOUND('',#1237,.T.);
#752=FACE_OUTER_BOUND('',#1238,.T.);
#753=FACE_OUTER_BOUND('',#1239,.T.);
#754=FACE_OUTER_BOUND('',#1240,.T.);
#755=FACE_OUTER_BOUND('',#1241,.T.);
#756=FACE_OUTER_BOUND('',#1242,.T.);
#757=FACE_OUTER_BOUND('',#1243,.T.);
#758=FACE_OUTER_BOUND('',#1244,.T.);
#759=FACE_OUTER_BOUND('',#1245,.T.);
#760=FACE_OUTER_BOUND('',#1246,.T.);
#761=FACE_OUTER_BOUND('',#1247,.T.);
#762=FACE_OUTER_BOUND('',#1249,.T.);
#763=FACE_OUTER_BOUND('',#1250,.T.);
#764=FACE_OUTER_BOUND('',#1251,.T.);
#765=FACE_OUTER_BOUND('',#1253,.T.);
#766=FACE_OUTER_BOUND('',#1255,.T.);
#767=FACE_OUTER_BOUND('',#1256,.T.);
#768=FACE_OUTER_BOUND('',#1257,.T.);
#769=FACE_OUTER_BOUND('',#1258,.T.);
#770=FACE_OUTER_BOUND('',#1259,.T.);
#771=FACE_OUTER_BOUND('',#1262,.T.);
#772=FACE_OUTER_BOUND('',#1263,.T.);
#773=FACE_OUTER_BOUND('',#1264,.T.);
#774=FACE_OUTER_BOUND('',#1265,.T.);
#775=FACE_OUTER_BOUND('',#1266,.T.);
#776=FACE_OUTER_BOUND('',#1267,.T.);
#777=FACE_OUTER_BOUND('',#1268,.T.);
#778=FACE_OUTER_BOUND('',#1269,.T.);
#779=FACE_OUTER_BOUND('',#1270,.T.);
#780=FACE_OUTER_BOUND('',#1271,.T.);
#781=FACE_OUTER_BOUND('',#1272,.T.);
#782=FACE_OUTER_BOUND('',#1273,.T.);
#783=FACE_OUTER_BOUND('',#1274,.T.);
#784=FACE_OUTER_BOUND('',#1275,.T.);
#785=FACE_OUTER_BOUND('',#1276,.T.);
#786=FACE_OUTER_BOUND('',#1277,.T.);
#787=FACE_OUTER_BOUND('',#1279,.T.);
#788=FACE_OUTER_BOUND('',#1280,.T.);
#789=FACE_OUTER_BOUND('',#1281,.T.);
#790=FACE_OUTER_BOUND('',#1282,.T.);
#791=FACE_OUTER_BOUND('',#1283,.T.);
#792=FACE_OUTER_BOUND('',#1284,.T.);
#793=FACE_OUTER_BOUND('',#1285,.T.);
#794=FACE_OUTER_BOUND('',#1286,.T.);
#795=FACE_OUTER_BOUND('',#1287,.T.);
#796=FACE_OUTER_BOUND('',#1288,.T.);
#797=FACE_OUTER_BOUND('',#1289,.T.);
#798=FACE_OUTER_BOUND('',#1290,.T.);
#799=FACE_OUTER_BOUND('',#1291,.T.);
#800=FACE_OUTER_BOUND('',#1292,.T.);
#801=FACE_OUTER_BOUND('',#1293,.T.);
#802=FACE_OUTER_BOUND('',#1294,.T.);
#803=FACE_OUTER_BOUND('',#1295,.T.);
#804=FACE_OUTER_BOUND('',#1296,.T.);
#805=FACE_OUTER_BOUND('',#1297,.T.);
#806=FACE_OUTER_BOUND('',#1298,.T.);
#807=FACE_OUTER_BOUND('',#1299,.T.);
#808=FACE_OUTER_BOUND('',#1300,.T.);
#809=FACE_OUTER_BOUND('',#1301,.T.);
#810=FACE_OUTER_BOUND('',#1302,.T.);
#811=FACE_OUTER_BOUND('',#1303,.T.);
#812=FACE_OUTER_BOUND('',#1304,.T.);
#813=FACE_OUTER_BOUND('',#1305,.T.);
#814=FACE_OUTER_BOUND('',#1306,.T.);
#815=FACE_OUTER_BOUND('',#1307,.T.);
#816=FACE_OUTER_BOUND('',#1309,.T.);
#817=FACE_OUTER_BOUND('',#1310,.T.);
#818=FACE_OUTER_BOUND('',#1311,.T.);
#819=FACE_OUTER_BOUND('',#1312,.T.);
#820=FACE_OUTER_BOUND('',#1313,.T.);
#821=FACE_OUTER_BOUND('',#1314,.T.);
#822=FACE_OUTER_BOUND('',#1315,.T.);
#823=FACE_OUTER_BOUND('',#1316,.T.);
#824=FACE_OUTER_BOUND('',#1317,.T.);
#825=FACE_OUTER_BOUND('',#1318,.T.);
#826=FACE_OUTER_BOUND('',#1319,.T.);
#827=FACE_OUTER_BOUND('',#1320,.T.);
#828=FACE_OUTER_BOUND('',#1321,.T.);
#829=FACE_OUTER_BOUND('',#1322,.T.);
#830=FACE_OUTER_BOUND('',#1323,.T.);
#831=FACE_OUTER_BOUND('',#1324,.T.);
#832=FACE_OUTER_BOUND('',#1325,.T.);
#833=FACE_OUTER_BOUND('',#1326,.T.);
#834=FACE_OUTER_BOUND('',#1327,.T.);
#835=FACE_OUTER_BOUND('',#1328,.T.);
#836=FACE_OUTER_BOUND('',#1329,.T.);
#837=FACE_OUTER_BOUND('',#1330,.T.);
#838=FACE_OUTER_BOUND('',#1331,.T.);
#839=FACE_OUTER_BOUND('',#1332,.T.);
#840=FACE_OUTER_BOUND('',#1333,.T.);
#841=FACE_OUTER_BOUND('',#1334,.T.);
#842=FACE_OUTER_BOUND('',#1335,.T.);
#843=FACE_OUTER_BOUND('',#1336,.T.);
#844=FACE_OUTER_BOUND('',#1337,.T.);
#845=FACE_OUTER_BOUND('',#1339,.T.);
#846=FACE_OUTER_BOUND('',#1340,.T.);
#847=FACE_OUTER_BOUND('',#1341,.T.);
#848=FACE_OUTER_BOUND('',#1342,.T.);
#849=FACE_OUTER_BOUND('',#1343,.T.);
#850=FACE_OUTER_BOUND('',#1344,.T.);
#851=FACE_OUTER_BOUND('',#1345,.T.);
#852=FACE_OUTER_BOUND('',#1346,.T.);
#853=FACE_OUTER_BOUND('',#1347,.T.);
#854=FACE_OUTER_BOUND('',#1348,.T.);
#855=FACE_OUTER_BOUND('',#1349,.T.);
#856=FACE_OUTER_BOUND('',#1350,.T.);
#857=FACE_OUTER_BOUND('',#1351,.T.);
#858=FACE_OUTER_BOUND('',#1352,.T.);
#859=FACE_OUTER_BOUND('',#1353,.T.);
#860=FACE_OUTER_BOUND('',#1354,.T.);
#861=FACE_OUTER_BOUND('',#1355,.T.);
#862=FACE_OUTER_BOUND('',#1356,.T.);
#863=FACE_OUTER_BOUND('',#1357,.T.);
#864=FACE_OUTER_BOUND('',#1358,.T.);
#865=FACE_OUTER_BOUND('',#1359,.T.);
#866=FACE_OUTER_BOUND('',#1360,.T.);
#867=FACE_OUTER_BOUND('',#1361,.T.);
#868=FACE_OUTER_BOUND('',#1362,.T.);
#869=FACE_OUTER_BOUND('',#1363,.T.);
#870=FACE_OUTER_BOUND('',#1364,.T.);
#871=FACE_OUTER_BOUND('',#1365,.T.);
#872=FACE_OUTER_BOUND('',#1366,.T.);
#873=FACE_OUTER_BOUND('',#1367,.T.);
#874=FACE_OUTER_BOUND('',#1369,.T.);
#875=FACE_OUTER_BOUND('',#1370,.T.);
#876=FACE_OUTER_BOUND('',#1371,.T.);
#877=FACE_OUTER_BOUND('',#1372,.T.);
#878=FACE_OUTER_BOUND('',#1373,.T.);
#879=FACE_OUTER_BOUND('',#1374,.T.);
#880=FACE_OUTER_BOUND('',#1375,.T.);
#881=FACE_OUTER_BOUND('',#1376,.T.);
#882=FACE_OUTER_BOUND('',#1377,.T.);
#883=FACE_OUTER_BOUND('',#1378,.T.);
#884=FACE_OUTER_BOUND('',#1379,.T.);
#885=FACE_OUTER_BOUND('',#1380,.T.);
#886=FACE_OUTER_BOUND('',#1381,.T.);
#887=FACE_OUTER_BOUND('',#1382,.T.);
#888=FACE_OUTER_BOUND('',#1383,.T.);
#889=FACE_OUTER_BOUND('',#1384,.T.);
#890=FACE_OUTER_BOUND('',#1385,.T.);
#891=FACE_OUTER_BOUND('',#1386,.T.);
#892=FACE_OUTER_BOUND('',#1387,.T.);
#893=FACE_OUTER_BOUND('',#1388,.T.);
#894=FACE_OUTER_BOUND('',#1389,.T.);
#895=FACE_OUTER_BOUND('',#1390,.T.);
#896=FACE_OUTER_BOUND('',#1391,.T.);
#897=FACE_OUTER_BOUND('',#1392,.T.);
#898=FACE_OUTER_BOUND('',#1393,.T.);
#899=FACE_OUTER_BOUND('',#1394,.T.);
#900=FACE_OUTER_BOUND('',#1395,.T.);
#901=FACE_OUTER_BOUND('',#1396,.T.);
#902=FACE_OUTER_BOUND('',#1397,.T.);
#903=FACE_OUTER_BOUND('',#1399,.T.);
#904=FACE_OUTER_BOUND('',#1400,.T.);
#905=FACE_OUTER_BOUND('',#1401,.T.);
#906=FACE_OUTER_BOUND('',#1402,.T.);
#907=FACE_OUTER_BOUND('',#1403,.T.);
#908=FACE_OUTER_BOUND('',#1404,.T.);
#909=FACE_OUTER_BOUND('',#1405,.T.);
#910=FACE_OUTER_BOUND('',#1406,.T.);
#911=FACE_OUTER_BOUND('',#1407,.T.);
#912=FACE_OUTER_BOUND('',#1408,.T.);
#913=FACE_OUTER_BOUND('',#1409,.T.);
#914=FACE_OUTER_BOUND('',#1410,.T.);
#915=FACE_OUTER_BOUND('',#1411,.T.);
#916=FACE_OUTER_BOUND('',#1412,.T.);
#917=FACE_OUTER_BOUND('',#1413,.T.);
#918=FACE_OUTER_BOUND('',#1414,.T.);
#919=FACE_OUTER_BOUND('',#1415,.T.);
#920=FACE_OUTER_BOUND('',#1416,.T.);
#921=FACE_OUTER_BOUND('',#1417,.T.);
#922=FACE_OUTER_BOUND('',#1418,.T.);
#923=FACE_OUTER_BOUND('',#1419,.T.);
#924=FACE_OUTER_BOUND('',#1420,.T.);
#925=FACE_OUTER_BOUND('',#1421,.T.);
#926=FACE_OUTER_BOUND('',#1422,.T.);
#927=FACE_OUTER_BOUND('',#1423,.T.);
#928=FACE_OUTER_BOUND('',#1424,.T.);
#929=FACE_OUTER_BOUND('',#1425,.T.);
#930=FACE_OUTER_BOUND('',#1426,.T.);
#931=FACE_OUTER_BOUND('',#1427,.T.);
#932=FACE_OUTER_BOUND('',#1429,.T.);
#933=FACE_OUTER_BOUND('',#1430,.T.);
#934=FACE_OUTER_BOUND('',#1431,.T.);
#935=FACE_OUTER_BOUND('',#1432,.T.);
#936=FACE_OUTER_BOUND('',#1433,.T.);
#937=FACE_OUTER_BOUND('',#1434,.T.);
#938=FACE_OUTER_BOUND('',#1435,.T.);
#939=FACE_OUTER_BOUND('',#1436,.T.);
#940=FACE_OUTER_BOUND('',#1437,.T.);
#941=FACE_OUTER_BOUND('',#1438,.T.);
#942=FACE_OUTER_BOUND('',#1439,.T.);
#943=FACE_OUTER_BOUND('',#1440,.T.);
#944=FACE_OUTER_BOUND('',#1441,.T.);
#945=FACE_OUTER_BOUND('',#1442,.T.);
#946=FACE_OUTER_BOUND('',#1443,.T.);
#947=FACE_OUTER_BOUND('',#1444,.T.);
#948=FACE_OUTER_BOUND('',#1445,.T.);
#949=FACE_OUTER_BOUND('',#1446,.T.);
#950=FACE_OUTER_BOUND('',#1447,.T.);
#951=FACE_OUTER_BOUND('',#1448,.T.);
#952=FACE_OUTER_BOUND('',#1449,.T.);
#953=FACE_OUTER_BOUND('',#1450,.T.);
#954=FACE_OUTER_BOUND('',#1451,.T.);
#955=FACE_OUTER_BOUND('',#1452,.T.);
#956=FACE_OUTER_BOUND('',#1453,.T.);
#957=FACE_OUTER_BOUND('',#1454,.T.);
#958=FACE_OUTER_BOUND('',#1455,.T.);
#959=FACE_OUTER_BOUND('',#1456,.T.);
#960=FACE_OUTER_BOUND('',#1457,.T.);
#961=FACE_OUTER_BOUND('',#1459,.T.);
#962=FACE_OUTER_BOUND('',#1460,.T.);
#963=FACE_OUTER_BOUND('',#1461,.T.);
#964=FACE_OUTER_BOUND('',#1462,.T.);
#965=FACE_OUTER_BOUND('',#1463,.T.);
#966=FACE_OUTER_BOUND('',#1464,.T.);
#967=FACE_OUTER_BOUND('',#1465,.T.);
#968=FACE_OUTER_BOUND('',#1466,.T.);
#969=FACE_OUTER_BOUND('',#1467,.T.);
#970=FACE_OUTER_BOUND('',#1468,.T.);
#971=FACE_OUTER_BOUND('',#1469,.T.);
#972=FACE_OUTER_BOUND('',#1470,.T.);
#973=FACE_OUTER_BOUND('',#1471,.T.);
#974=FACE_OUTER_BOUND('',#1472,.T.);
#975=FACE_OUTER_BOUND('',#1473,.T.);
#976=FACE_OUTER_BOUND('',#1474,.T.);
#977=FACE_OUTER_BOUND('',#1475,.T.);
#978=FACE_OUTER_BOUND('',#1476,.T.);
#979=FACE_OUTER_BOUND('',#1477,.T.);
#980=FACE_OUTER_BOUND('',#1478,.T.);
#981=FACE_OUTER_BOUND('',#1479,.T.);
#982=FACE_OUTER_BOUND('',#1480,.T.);
#983=FACE_OUTER_BOUND('',#1481,.T.);
#984=FACE_OUTER_BOUND('',#1482,.T.);
#985=FACE_OUTER_BOUND('',#1483,.T.);
#986=FACE_OUTER_BOUND('',#1484,.T.);
#987=FACE_OUTER_BOUND('',#1485,.T.);
#988=FACE_OUTER_BOUND('',#1486,.T.);
#989=FACE_OUTER_BOUND('',#1487,.T.);
#990=FACE_OUTER_BOUND('',#1489,.T.);
#991=FACE_OUTER_BOUND('',#1490,.T.);
#992=FACE_OUTER_BOUND('',#1491,.T.);
#993=FACE_OUTER_BOUND('',#1492,.T.);
#994=FACE_OUTER_BOUND('',#1493,.T.);
#995=FACE_OUTER_BOUND('',#1494,.T.);
#996=FACE_OUTER_BOUND('',#1495,.T.);
#997=FACE_OUTER_BOUND('',#1496,.T.);
#998=FACE_OUTER_BOUND('',#1497,.T.);
#999=FACE_OUTER_BOUND('',#1498,.T.);
#1000=FACE_OUTER_BOUND('',#1499,.T.);
#1001=FACE_OUTER_BOUND('',#1500,.T.);
#1002=FACE_OUTER_BOUND('',#1501,.T.);
#1003=FACE_OUTER_BOUND('',#1502,.T.);
#1004=FACE_OUTER_BOUND('',#1503,.T.);
#1005=FACE_OUTER_BOUND('',#1504,.T.);
#1006=FACE_OUTER_BOUND('',#1505,.T.);
#1007=FACE_OUTER_BOUND('',#1506,.T.);
#1008=FACE_OUTER_BOUND('',#1507,.T.);
#1009=FACE_OUTER_BOUND('',#1508,.T.);
#1010=FACE_OUTER_BOUND('',#1509,.T.);
#1011=FACE_OUTER_BOUND('',#1510,.T.);
#1012=FACE_OUTER_BOUND('',#1511,.T.);
#1013=FACE_OUTER_BOUND('',#1512,.T.);
#1014=FACE_OUTER_BOUND('',#1513,.T.);
#1015=FACE_OUTER_BOUND('',#1514,.T.);
#1016=FACE_OUTER_BOUND('',#1515,.T.);
#1017=FACE_OUTER_BOUND('',#1516,.T.);
#1018=FACE_OUTER_BOUND('',#1517,.T.);
#1019=FACE_OUTER_BOUND('',#1518,.T.);
#1020=FACE_OUTER_BOUND('',#1519,.T.);
#1021=FACE_OUTER_BOUND('',#1520,.T.);
#1022=FACE_OUTER_BOUND('',#1521,.T.);
#1023=FACE_OUTER_BOUND('',#1522,.T.);
#1024=FACE_OUTER_BOUND('',#1523,.T.);
#1025=FACE_OUTER_BOUND('',#1524,.T.);
#1026=FACE_OUTER_BOUND('',#1525,.T.);
#1027=FACE_OUTER_BOUND('',#1526,.T.);
#1028=FACE_OUTER_BOUND('',#1528,.T.);
#1029=FACE_OUTER_BOUND('',#1529,.T.);
#1030=FACE_OUTER_BOUND('',#1530,.T.);
#1031=FACE_OUTER_BOUND('',#1531,.T.);
#1032=FACE_OUTER_BOUND('',#1532,.T.);
#1033=FACE_OUTER_BOUND('',#1533,.T.);
#1034=FACE_OUTER_BOUND('',#1542,.T.);
#1035=FACE_OUTER_BOUND('',#1543,.T.);
#1036=FACE_OUTER_BOUND('',#1544,.T.);
#1037=FACE_OUTER_BOUND('',#1546,.T.);
#1038=FACE_OUTER_BOUND('',#1547,.T.);
#1039=FACE_OUTER_BOUND('',#1548,.T.);
#1040=FACE_OUTER_BOUND('',#1549,.T.);
#1041=FACE_OUTER_BOUND('',#1550,.T.);
#1042=FACE_OUTER_BOUND('',#1551,.T.);
#1043=FACE_OUTER_BOUND('',#1552,.T.);
#1044=FACE_OUTER_BOUND('',#1553,.T.);
#1045=FACE_OUTER_BOUND('',#1555,.T.);
#1046=FACE_OUTER_BOUND('',#1556,.T.);
#1047=FACE_OUTER_BOUND('',#1557,.T.);
#1048=FACE_OUTER_BOUND('',#1558,.T.);
#1049=FACE_OUTER_BOUND('',#1559,.T.);
#1050=FACE_OUTER_BOUND('',#1560,.T.);
#1051=FACE_OUTER_BOUND('',#1561,.T.);
#1052=FACE_OUTER_BOUND('',#1562,.T.);
#1053=FACE_OUTER_BOUND('',#1563,.T.);
#1054=FACE_OUTER_BOUND('',#1565,.T.);
#1055=FACE_OUTER_BOUND('',#1566,.T.);
#1056=FACE_OUTER_BOUND('',#1567,.T.);
#1057=FACE_OUTER_BOUND('',#1568,.T.);
#1058=FACE_OUTER_BOUND('',#1569,.T.);
#1059=FACE_OUTER_BOUND('',#1570,.T.);
#1060=FACE_OUTER_BOUND('',#1571,.T.);
#1061=FACE_OUTER_BOUND('',#1572,.T.);
#1062=FACE_OUTER_BOUND('',#1573,.T.);
#1063=FACE_OUTER_BOUND('',#1574,.T.);
#1064=FACE_OUTER_BOUND('',#1576,.T.);
#1065=FACE_OUTER_BOUND('',#1577,.T.);
#1066=FACE_OUTER_BOUND('',#1578,.T.);
#1067=FACE_OUTER_BOUND('',#1579,.T.);
#1068=FACE_OUTER_BOUND('',#1580,.T.);
#1069=FACE_OUTER_BOUND('',#1582,.T.);
#1070=FACE_OUTER_BOUND('',#1583,.T.);
#1071=FACE_OUTER_BOUND('',#1584,.T.);
#1072=FACE_OUTER_BOUND('',#1585,.T.);
#1073=FACE_OUTER_BOUND('',#1586,.T.);
#1074=FACE_OUTER_BOUND('',#1587,.T.);
#1075=FACE_OUTER_BOUND('',#1588,.T.);
#1076=FACE_OUTER_BOUND('',#1589,.T.);
#1077=FACE_OUTER_BOUND('',#1590,.T.);
#1078=FACE_OUTER_BOUND('',#1591,.T.);
#1079=FACE_OUTER_BOUND('',#1592,.T.);
#1080=FACE_OUTER_BOUND('',#1593,.T.);
#1081=FACE_OUTER_BOUND('',#1595,.T.);
#1082=FACE_OUTER_BOUND('',#1596,.T.);
#1083=FACE_OUTER_BOUND('',#1597,.T.);
#1084=FACE_OUTER_BOUND('',#1598,.T.);
#1085=FACE_OUTER_BOUND('',#1599,.T.);
#1086=FACE_OUTER_BOUND('',#1601,.T.);
#1087=FACE_OUTER_BOUND('',#1602,.T.);
#1088=FACE_OUTER_BOUND('',#1603,.T.);
#1089=FACE_OUTER_BOUND('',#1604,.T.);
#1090=FACE_OUTER_BOUND('',#1605,.T.);
#1091=FACE_OUTER_BOUND('',#1606,.T.);
#1092=FACE_OUTER_BOUND('',#1607,.T.);
#1093=FACE_OUTER_BOUND('',#1608,.T.);
#1094=FACE_OUTER_BOUND('',#1609,.T.);
#1095=FACE_OUTER_BOUND('',#1611,.T.);
#1096=FACE_OUTER_BOUND('',#1612,.T.);
#1097=FACE_OUTER_BOUND('',#1613,.T.);
#1098=FACE_OUTER_BOUND('',#1614,.T.);
#1099=FACE_OUTER_BOUND('',#1615,.T.);
#1100=FACE_OUTER_BOUND('',#1616,.T.);
#1101=FACE_OUTER_BOUND('',#1617,.T.);
#1102=FACE_OUTER_BOUND('',#1618,.T.);
#1103=FACE_OUTER_BOUND('',#1619,.T.);
#1104=FACE_OUTER_BOUND('',#1620,.T.);
#1105=FACE_OUTER_BOUND('',#1621,.T.);
#1106=FACE_OUTER_BOUND('',#1622,.T.);
#1107=FACE_OUTER_BOUND('',#1623,.T.);
#1108=FACE_OUTER_BOUND('',#1624,.T.);
#1109=FACE_OUTER_BOUND('',#1625,.T.);
#1110=FACE_OUTER_BOUND('',#1626,.T.);
#1111=FACE_OUTER_BOUND('',#1627,.T.);
#1112=FACE_OUTER_BOUND('',#1628,.T.);
#1113=FACE_OUTER_BOUND('',#1629,.T.);
#1114=FACE_OUTER_BOUND('',#1630,.T.);
#1115=FACE_OUTER_BOUND('',#1631,.T.);
#1116=FACE_OUTER_BOUND('',#1632,.T.);
#1117=FACE_OUTER_BOUND('',#1633,.T.);
#1118=FACE_OUTER_BOUND('',#1634,.T.);
#1119=FACE_OUTER_BOUND('',#1635,.T.);
#1120=FACE_OUTER_BOUND('',#1636,.T.);
#1121=FACE_OUTER_BOUND('',#1637,.T.);
#1122=FACE_OUTER_BOUND('',#1638,.T.);
#1123=FACE_OUTER_BOUND('',#1639,.T.);
#1124=FACE_OUTER_BOUND('',#1640,.T.);
#1125=FACE_OUTER_BOUND('',#1641,.T.);
#1126=FACE_OUTER_BOUND('',#1642,.T.);
#1127=FACE_OUTER_BOUND('',#1643,.T.);
#1128=FACE_OUTER_BOUND('',#1644,.T.);
#1129=FACE_OUTER_BOUND('',#1645,.T.);
#1130=FACE_OUTER_BOUND('',#1646,.T.);
#1131=FACE_OUTER_BOUND('',#1647,.T.);
#1132=FACE_OUTER_BOUND('',#1649,.T.);
#1133=FACE_OUTER_BOUND('',#1650,.T.);
#1134=FACE_OUTER_BOUND('',#1652,.T.);
#1135=FACE_OUTER_BOUND('',#1653,.T.);
#1136=FACE_OUTER_BOUND('',#1654,.T.);
#1137=FACE_OUTER_BOUND('',#1655,.T.);
#1138=FACE_OUTER_BOUND('',#1656,.T.);
#1139=FACE_OUTER_BOUND('',#1657,.T.);
#1140=FACE_OUTER_BOUND('',#1658,.T.);
#1141=FACE_OUTER_BOUND('',#1659,.T.);
#1142=FACE_OUTER_BOUND('',#1660,.T.);
#1143=FACE_OUTER_BOUND('',#1661,.T.);
#1144=FACE_OUTER_BOUND('',#1662,.T.);
#1145=FACE_OUTER_BOUND('',#1663,.T.);
#1146=FACE_OUTER_BOUND('',#1664,.T.);
#1147=FACE_OUTER_BOUND('',#1665,.T.);
#1148=FACE_OUTER_BOUND('',#1666,.T.);
#1149=FACE_OUTER_BOUND('',#1667,.T.);
#1150=FACE_OUTER_BOUND('',#1668,.T.);
#1151=FACE_OUTER_BOUND('',#1669,.T.);
#1152=FACE_OUTER_BOUND('',#1671,.T.);
#1153=FACE_OUTER_BOUND('',#1672,.T.);
#1154=FACE_OUTER_BOUND('',#1673,.T.);
#1155=FACE_OUTER_BOUND('',#1674,.T.);
#1156=FACE_OUTER_BOUND('',#1675,.T.);
#1157=FACE_OUTER_BOUND('',#1676,.T.);
#1158=FACE_OUTER_BOUND('',#1677,.T.);
#1159=FACE_OUTER_BOUND('',#1678,.T.);
#1160=FACE_OUTER_BOUND('',#1679,.T.);
#1161=FACE_OUTER_BOUND('',#1680,.T.);
#1162=FACE_OUTER_BOUND('',#1681,.T.);
#1163=FACE_OUTER_BOUND('',#1682,.T.);
#1164=FACE_OUTER_BOUND('',#1683,.T.);
#1165=FACE_OUTER_BOUND('',#1684,.T.);
#1166=FACE_OUTER_BOUND('',#1685,.T.);
#1167=FACE_OUTER_BOUND('',#1686,.T.);
#1168=FACE_OUTER_BOUND('',#1687,.T.);
#1169=FACE_OUTER_BOUND('',#1688,.T.);
#1170=FACE_OUTER_BOUND('',#1689,.T.);
#1171=FACE_OUTER_BOUND('',#1690,.T.);
#1172=FACE_OUTER_BOUND('',#1691,.T.);
#1173=FACE_OUTER_BOUND('',#1692,.T.);
#1174=FACE_OUTER_BOUND('',#1693,.T.);
#1175=FACE_OUTER_BOUND('',#1694,.T.);
#1176=FACE_OUTER_BOUND('',#1695,.T.);
#1177=FACE_OUTER_BOUND('',#1696,.T.);
#1178=FACE_OUTER_BOUND('',#1697,.T.);
#1179=FACE_OUTER_BOUND('',#1698,.T.);
#1180=EDGE_LOOP('',(#5406,#5407,#5408,#5409));
#1181=EDGE_LOOP('',(#5410,#5411,#5412,#5413));
#1182=EDGE_LOOP('',(#5414,#5415,#5416,#5417));
#1183=EDGE_LOOP('',(#5418,#5419,#5420));
#1184=EDGE_LOOP('',(#5421,#5422,#5423,#5424));
#1185=EDGE_LOOP('',(#5425,#5426,#5427,#5428));
#1186=EDGE_LOOP('',(#5429,#5430,#5431,#5432));
#1187=EDGE_LOOP('',(#5433,#5434,#5435,#5436));
#1188=EDGE_LOOP('',(#5437,#5438,#5439,#5440));
#1189=EDGE_LOOP('',(#5441,#5442,#5443,#5444));
#1190=EDGE_LOOP('',(#5445,#5446,#5447,#5448));
#1191=EDGE_LOOP('',(#5449,#5450,#5451,#5452,#5453,#5454,#5455,#5456));
#1192=EDGE_LOOP('',(#5457,#5458,#5459,#5460));
#1193=EDGE_LOOP('',(#5461,#5462,#5463,#5464));
#1194=EDGE_LOOP('',(#5465,#5466,#5467,#5468));
#1195=EDGE_LOOP('',(#5469,#5470,#5471,#5472));
#1196=EDGE_LOOP('',(#5473,#5474,#5475,#5476));
#1197=EDGE_LOOP('',(#5477,#5478,#5479,#5480));
#1198=EDGE_LOOP('',(#5481,#5482,#5483,#5484,#5485,#5486));
#1199=EDGE_LOOP('',(#5487,#5488,#5489,#5490));
#1200=EDGE_LOOP('',(#5491,#5492,#5493));
#1201=EDGE_LOOP('',(#5494,#5495,#5496,#5497,#5498,#5499,#5500,#5501));
#1202=EDGE_LOOP('',(#5502,#5503,#5504,#5505));
#1203=EDGE_LOOP('',(#5506,#5507,#5508,#5509));
#1204=EDGE_LOOP('',(#5510,#5511,#5512,#5513));
#1205=EDGE_LOOP('',(#5514,#5515,#5516,#5517,#5518,#5519));
#1206=EDGE_LOOP('',(#5520,#5521,#5522,#5523));
#1207=EDGE_LOOP('',(#5524,#5525,#5526,#5527));
#1208=EDGE_LOOP('',(#5528,#5529,#5530,#5531,#5532,#5533));
#1209=EDGE_LOOP('',(#5534,#5535,#5536,#5537));
#1210=EDGE_LOOP('',(#5538,#5539,#5540,#5541));
#1211=EDGE_LOOP('',(#5542,#5543,#5544,#5545));
#1212=EDGE_LOOP('',(#5546,#5547,#5548,#5549,#5550));
#1213=EDGE_LOOP('',(#5551,#5552,#5553,#5554));
#1214=EDGE_LOOP('',(#5555));
#1215=EDGE_LOOP('',(#5556,#5557,#5558,#5559));
#1216=EDGE_LOOP('',(#5560,#5561,#5562,#5563,#5564,#5565,#5566,#5567));
#1217=EDGE_LOOP('',(#5568,#5569,#5570,#5571));
#1218=EDGE_LOOP('',(#5572,#5573,#5574,#5575));
#1219=EDGE_LOOP('',(#5576));
#1220=EDGE_LOOP('',(#5577,#5578,#5579,#5580,#5581));
#1221=EDGE_LOOP('',(#5582,#5583,#5584,#5585));
#1222=EDGE_LOOP('',(#5586,#5587,#5588,#5589));
#1223=EDGE_LOOP('',(#5590,#5591,#5592,#5593,#5594,#5595,#5596,#5597,#5598,
#5599,#5600,#5601,#5602,#5603,#5604,#5605,#5606,#5607,#5608,#5609,#5610,
#5611,#5612,#5613,#5614,#5615,#5616,#5617));
#1224=EDGE_LOOP('',(#5618,#5619,#5620,#5621));
#1225=EDGE_LOOP('',(#5622,#5623,#5624,#5625,#5626,#5627));
#1226=EDGE_LOOP('',(#5628,#5629,#5630,#5631));
#1227=EDGE_LOOP('',(#5632,#5633,#5634,#5635,#5636,#5637));
#1228=EDGE_LOOP('',(#5638,#5639,#5640,#5641));
#1229=EDGE_LOOP('',(#5642,#5643,#5644,#5645));
#1230=EDGE_LOOP('',(#5646,#5647,#5648,#5649));
#1231=EDGE_LOOP('',(#5650,#5651,#5652,#5653));
#1232=EDGE_LOOP('',(#5654,#5655,#5656,#5657));
#1233=EDGE_LOOP('',(#5658,#5659,#5660,#5661));
#1234=EDGE_LOOP('',(#5662,#5663,#5664,#5665));
#1235=EDGE_LOOP('',(#5666,#5667,#5668,#5669));
#1236=EDGE_LOOP('',(#5670,#5671,#5672,#5673));
#1237=EDGE_LOOP('',(#5674,#5675,#5676,#5677));
#1238=EDGE_LOOP('',(#5678,#5679,#5680,#5681,#5682,#5683,#5684,#5685,#5686,
#5687,#5688,#5689,#5690,#5691,#5692,#5693,#5694,#5695,#5696,#5697,#5698,
#5699,#5700,#5701));
#1239=EDGE_LOOP('',(#5702));
#1240=EDGE_LOOP('',(#5703,#5704,#5705,#5706));
#1241=EDGE_LOOP('',(#5707,#5708,#5709,#5710));
#1242=EDGE_LOOP('',(#5711,#5712,#5713,#5714));
#1243=EDGE_LOOP('',(#5715,#5716,#5717,#5718));
#1244=EDGE_LOOP('',(#5719,#5720,#5721,#5722));
#1245=EDGE_LOOP('',(#5723,#5724,#5725,#5726));
#1246=EDGE_LOOP('',(#5727,#5728,#5729,#5730));
#1247=EDGE_LOOP('',(#5731));
#1248=EDGE_LOOP('',(#5732));
#1249=EDGE_LOOP('',(#5733,#5734,#5735,#5736));
#1250=EDGE_LOOP('',(#5737,#5738,#5739,#5740));
#1251=EDGE_LOOP('',(#5741));
#1252=EDGE_LOOP('',(#5742));
#1253=EDGE_LOOP('',(#5743));
#1254=EDGE_LOOP('',(#5744));
#1255=EDGE_LOOP('',(#5745,#5746,#5747,#5748));
#1256=EDGE_LOOP('',(#5749,#5750,#5751,#5752));
#1257=EDGE_LOOP('',(#5753,#5754,#5755,#5756));
#1258=EDGE_LOOP('',(#5757,#5758,#5759,#5760));
#1259=EDGE_LOOP('',(#5761,#5762,#5763,#5764));
#1260=EDGE_LOOP('',(#5765));
#1261=EDGE_LOOP('',(#5766,#5767,#5768,#5769));
#1262=EDGE_LOOP('',(#5770,#5771,#5772,#5773));
#1263=EDGE_LOOP('',(#5774,#5775,#5776,#5777));
#1264=EDGE_LOOP('',(#5778,#5779,#5780,#5781));
#1265=EDGE_LOOP('',(#5782,#5783,#5784,#5785));
#1266=EDGE_LOOP('',(#5786,#5787,#5788,#5789,#5790,#5791,#5792,#5793,#5794,
#5795));
#1267=EDGE_LOOP('',(#5796,#5797,#5798,#5799));
#1268=EDGE_LOOP('',(#5800,#5801,#5802,#5803));
#1269=EDGE_LOOP('',(#5804,#5805,#5806,#5807));
#1270=EDGE_LOOP('',(#5808,#5809,#5810,#5811));
#1271=EDGE_LOOP('',(#5812,#5813,#5814,#5815));
#1272=EDGE_LOOP('',(#5816,#5817,#5818,#5819));
#1273=EDGE_LOOP('',(#5820,#5821,#5822,#5823));
#1274=EDGE_LOOP('',(#5824,#5825,#5826,#5827));
#1275=EDGE_LOOP('',(#5828,#5829,#5830,#5831,#5832,#5833,#5834,#5835,#5836,
#5837));
#1276=EDGE_LOOP('',(#5838,#5839,#5840,#5841));
#1277=EDGE_LOOP('',(#5842));
#1278=EDGE_LOOP('',(#5843,#5844,#5845,#5846,#5847,#5848,#5849,#5850,#5851,
#5852,#5853,#5854,#5855,#5856,#5857,#5858,#5859,#5860,#5861,#5862,#5863,
#5864,#5865,#5866));
#1279=EDGE_LOOP('',(#5867,#5868,#5869,#5870));
#1280=EDGE_LOOP('',(#5871,#5872,#5873,#5874));
#1281=EDGE_LOOP('',(#5875,#5876,#5877,#5878));
#1282=EDGE_LOOP('',(#5879,#5880,#5881,#5882));
#1283=EDGE_LOOP('',(#5883,#5884,#5885,#5886));
#1284=EDGE_LOOP('',(#5887,#5888,#5889,#5890));
#1285=EDGE_LOOP('',(#5891,#5892,#5893,#5894));
#1286=EDGE_LOOP('',(#5895,#5896,#5897,#5898));
#1287=EDGE_LOOP('',(#5899,#5900,#5901,#5902,#5903,#5904,#5905,#5906,#5907,
#5908,#5909,#5910,#5911,#5912,#5913,#5914,#5915,#5916,#5917,#5918,#5919,
#5920,#5921,#5922));
#1288=EDGE_LOOP('',(#5923,#5924,#5925,#5926));
#1289=EDGE_LOOP('',(#5927,#5928,#5929,#5930));
#1290=EDGE_LOOP('',(#5931,#5932,#5933,#5934));
#1291=EDGE_LOOP('',(#5935,#5936,#5937,#5938));
#1292=EDGE_LOOP('',(#5939,#5940,#5941,#5942));
#1293=EDGE_LOOP('',(#5943,#5944,#5945,#5946));
#1294=EDGE_LOOP('',(#5947,#5948,#5949,#5950));
#1295=EDGE_LOOP('',(#5951,#5952,#5953,#5954));
#1296=EDGE_LOOP('',(#5955,#5956,#5957,#5958));
#1297=EDGE_LOOP('',(#5959,#5960,#5961,#5962));
#1298=EDGE_LOOP('',(#5963,#5964,#5965,#5966));
#1299=EDGE_LOOP('',(#5967,#5968,#5969,#5970));
#1300=EDGE_LOOP('',(#5971,#5972,#5973,#5974));
#1301=EDGE_LOOP('',(#5975,#5976,#5977,#5978));
#1302=EDGE_LOOP('',(#5979,#5980,#5981,#5982));
#1303=EDGE_LOOP('',(#5983,#5984,#5985,#5986));
#1304=EDGE_LOOP('',(#5987,#5988,#5989,#5990));
#1305=EDGE_LOOP('',(#5991));
#1306=EDGE_LOOP('',(#5992,#5993,#5994,#5995));
#1307=EDGE_LOOP('',(#5996));
#1308=EDGE_LOOP('',(#5997,#5998,#5999,#6000,#6001,#6002,#6003,#6004,#6005,
#6006,#6007,#6008,#6009,#6010,#6011,#6012,#6013,#6014,#6015,#6016,#6017,
#6018,#6019,#6020));
#1309=EDGE_LOOP('',(#6021,#6022,#6023,#6024));
#1310=EDGE_LOOP('',(#6025,#6026,#6027,#6028));
#1311=EDGE_LOOP('',(#6029,#6030,#6031,#6032));
#1312=EDGE_LOOP('',(#6033,#6034,#6035,#6036));
#1313=EDGE_LOOP('',(#6037,#6038,#6039,#6040));
#1314=EDGE_LOOP('',(#6041,#6042,#6043,#6044));
#1315=EDGE_LOOP('',(#6045,#6046,#6047,#6048));
#1316=EDGE_LOOP('',(#6049,#6050,#6051,#6052));
#1317=EDGE_LOOP('',(#6053,#6054,#6055,#6056,#6057,#6058,#6059,#6060,#6061,
#6062,#6063,#6064,#6065,#6066,#6067,#6068,#6069,#6070,#6071,#6072,#6073,
#6074,#6075,#6076));
#1318=EDGE_LOOP('',(#6077,#6078,#6079,#6080));
#1319=EDGE_LOOP('',(#6081,#6082,#6083,#6084));
#1320=EDGE_LOOP('',(#6085,#6086,#6087,#6088));
#1321=EDGE_LOOP('',(#6089,#6090,#6091,#6092));
#1322=EDGE_LOOP('',(#6093,#6094,#6095,#6096));
#1323=EDGE_LOOP('',(#6097,#6098,#6099,#6100));
#1324=EDGE_LOOP('',(#6101,#6102,#6103,#6104));
#1325=EDGE_LOOP('',(#6105,#6106,#6107,#6108));
#1326=EDGE_LOOP('',(#6109,#6110,#6111,#6112));
#1327=EDGE_LOOP('',(#6113,#6114,#6115,#6116));
#1328=EDGE_LOOP('',(#6117,#6118,#6119,#6120));
#1329=EDGE_LOOP('',(#6121,#6122,#6123,#6124));
#1330=EDGE_LOOP('',(#6125,#6126,#6127,#6128));
#1331=EDGE_LOOP('',(#6129,#6130,#6131,#6132));
#1332=EDGE_LOOP('',(#6133,#6134,#6135,#6136));
#1333=EDGE_LOOP('',(#6137,#6138,#6139,#6140));
#1334=EDGE_LOOP('',(#6141,#6142,#6143,#6144));
#1335=EDGE_LOOP('',(#6145));
#1336=EDGE_LOOP('',(#6146,#6147,#6148,#6149));
#1337=EDGE_LOOP('',(#6150));
#1338=EDGE_LOOP('',(#6151,#6152,#6153,#6154,#6155,#6156,#6157,#6158,#6159,
#6160,#6161,#6162,#6163,#6164,#6165,#6166,#6167,#6168,#6169,#6170,#6171,
#6172,#6173,#6174));
#1339=EDGE_LOOP('',(#6175,#6176,#6177,#6178));
#1340=EDGE_LOOP('',(#6179,#6180,#6181,#6182));
#1341=EDGE_LOOP('',(#6183,#6184,#6185,#6186));
#1342=EDGE_LOOP('',(#6187,#6188,#6189,#6190));
#1343=EDGE_LOOP('',(#6191,#6192,#6193,#6194));
#1344=EDGE_LOOP('',(#6195,#6196,#6197,#6198));
#1345=EDGE_LOOP('',(#6199,#6200,#6201,#6202));
#1346=EDGE_LOOP('',(#6203,#6204,#6205,#6206));
#1347=EDGE_LOOP('',(#6207,#6208,#6209,#6210,#6211,#6212,#6213,#6214,#6215,
#6216,#6217,#6218,#6219,#6220,#6221,#6222,#6223,#6224,#6225,#6226,#6227,
#6228,#6229,#6230));
#1348=EDGE_LOOP('',(#6231,#6232,#6233,#6234));
#1349=EDGE_LOOP('',(#6235,#6236,#6237,#6238));
#1350=EDGE_LOOP('',(#6239,#6240,#6241,#6242));
#1351=EDGE_LOOP('',(#6243,#6244,#6245,#6246));
#1352=EDGE_LOOP('',(#6247,#6248,#6249,#6250));
#1353=EDGE_LOOP('',(#6251,#6252,#6253,#6254));
#1354=EDGE_LOOP('',(#6255,#6256,#6257,#6258));
#1355=EDGE_LOOP('',(#6259,#6260,#6261,#6262));
#1356=EDGE_LOOP('',(#6263,#6264,#6265,#6266));
#1357=EDGE_LOOP('',(#6267,#6268,#6269,#6270));
#1358=EDGE_LOOP('',(#6271,#6272,#6273,#6274));
#1359=EDGE_LOOP('',(#6275,#6276,#6277,#6278));
#1360=EDGE_LOOP('',(#6279,#6280,#6281,#6282));
#1361=EDGE_LOOP('',(#6283,#6284,#6285,#6286));
#1362=EDGE_LOOP('',(#6287,#6288,#6289,#6290));
#1363=EDGE_LOOP('',(#6291,#6292,#6293,#6294));
#1364=EDGE_LOOP('',(#6295,#6296,#6297,#6298));
#1365=EDGE_LOOP('',(#6299));
#1366=EDGE_LOOP('',(#6300,#6301,#6302,#6303));
#1367=EDGE_LOOP('',(#6304));
#1368=EDGE_LOOP('',(#6305,#6306,#6307,#6308,#6309,#6310,#6311,#6312,#6313,
#6314,#6315,#6316,#6317,#6318,#6319,#6320,#6321,#6322,#6323,#6324,#6325,
#6326,#6327,#6328));
#1369=EDGE_LOOP('',(#6329,#6330,#6331,#6332));
#1370=EDGE_LOOP('',(#6333,#6334,#6335,#6336));
#1371=EDGE_LOOP('',(#6337,#6338,#6339,#6340));
#1372=EDGE_LOOP('',(#6341,#6342,#6343,#6344));
#1373=EDGE_LOOP('',(#6345,#6346,#6347,#6348));
#1374=EDGE_LOOP('',(#6349,#6350,#6351,#6352));
#1375=EDGE_LOOP('',(#6353,#6354,#6355,#6356));
#1376=EDGE_LOOP('',(#6357,#6358,#6359,#6360));
#1377=EDGE_LOOP('',(#6361,#6362,#6363,#6364,#6365,#6366,#6367,#6368,#6369,
#6370,#6371,#6372,#6373,#6374,#6375,#6376,#6377,#6378,#6379,#6380,#6381,
#6382,#6383,#6384));
#1378=EDGE_LOOP('',(#6385,#6386,#6387,#6388));
#1379=EDGE_LOOP('',(#6389,#6390,#6391,#6392));
#1380=EDGE_LOOP('',(#6393,#6394,#6395,#6396));
#1381=EDGE_LOOP('',(#6397,#6398,#6399,#6400));
#1382=EDGE_LOOP('',(#6401,#6402,#6403,#6404));
#1383=EDGE_LOOP('',(#6405,#6406,#6407,#6408));
#1384=EDGE_LOOP('',(#6409,#6410,#6411,#6412));
#1385=EDGE_LOOP('',(#6413,#6414,#6415,#6416));
#1386=EDGE_LOOP('',(#6417,#6418,#6419,#6420));
#1387=EDGE_LOOP('',(#6421,#6422,#6423,#6424));
#1388=EDGE_LOOP('',(#6425,#6426,#6427,#6428));
#1389=EDGE_LOOP('',(#6429,#6430,#6431,#6432));
#1390=EDGE_LOOP('',(#6433,#6434,#6435,#6436));
#1391=EDGE_LOOP('',(#6437,#6438,#6439,#6440));
#1392=EDGE_LOOP('',(#6441,#6442,#6443,#6444));
#1393=EDGE_LOOP('',(#6445,#6446,#6447,#6448));
#1394=EDGE_LOOP('',(#6449,#6450,#6451,#6452));
#1395=EDGE_LOOP('',(#6453));
#1396=EDGE_LOOP('',(#6454,#6455,#6456,#6457));
#1397=EDGE_LOOP('',(#6458));
#1398=EDGE_LOOP('',(#6459,#6460,#6461,#6462,#6463,#6464,#6465,#6466,#6467,
#6468,#6469,#6470,#6471,#6472,#6473,#6474,#6475,#6476,#6477,#6478,#6479,
#6480,#6481,#6482));
#1399=EDGE_LOOP('',(#6483,#6484,#6485,#6486));
#1400=EDGE_LOOP('',(#6487,#6488,#6489,#6490));
#1401=EDGE_LOOP('',(#6491,#6492,#6493,#6494));
#1402=EDGE_LOOP('',(#6495,#6496,#6497,#6498));
#1403=EDGE_LOOP('',(#6499,#6500,#6501,#6502));
#1404=EDGE_LOOP('',(#6503,#6504,#6505,#6506));
#1405=EDGE_LOOP('',(#6507,#6508,#6509,#6510));
#1406=EDGE_LOOP('',(#6511,#6512,#6513,#6514));
#1407=EDGE_LOOP('',(#6515,#6516,#6517,#6518,#6519,#6520,#6521,#6522,#6523,
#6524,#6525,#6526,#6527,#6528,#6529,#6530,#6531,#6532,#6533,#6534,#6535,
#6536,#6537,#6538));
#1408=EDGE_LOOP('',(#6539,#6540,#6541,#6542));
#1409=EDGE_LOOP('',(#6543,#6544,#6545,#6546));
#1410=EDGE_LOOP('',(#6547,#6548,#6549,#6550));
#1411=EDGE_LOOP('',(#6551,#6552,#6553,#6554));
#1412=EDGE_LOOP('',(#6555,#6556,#6557,#6558));
#1413=EDGE_LOOP('',(#6559,#6560,#6561,#6562));
#1414=EDGE_LOOP('',(#6563,#6564,#6565,#6566));
#1415=EDGE_LOOP('',(#6567,#6568,#6569,#6570));
#1416=EDGE_LOOP('',(#6571,#6572,#6573,#6574));
#1417=EDGE_LOOP('',(#6575,#6576,#6577,#6578));
#1418=EDGE_LOOP('',(#6579,#6580,#6581,#6582));
#1419=EDGE_LOOP('',(#6583,#6584,#6585,#6586));
#1420=EDGE_LOOP('',(#6587,#6588,#6589,#6590));
#1421=EDGE_LOOP('',(#6591,#6592,#6593,#6594));
#1422=EDGE_LOOP('',(#6595,#6596,#6597,#6598));
#1423=EDGE_LOOP('',(#6599,#6600,#6601,#6602));
#1424=EDGE_LOOP('',(#6603,#6604,#6605,#6606));
#1425=EDGE_LOOP('',(#6607));
#1426=EDGE_LOOP('',(#6608,#6609,#6610,#6611));
#1427=EDGE_LOOP('',(#6612));
#1428=EDGE_LOOP('',(#6613,#6614,#6615,#6616,#6617,#6618,#6619,#6620,#6621,
#6622,#6623,#6624,#6625,#6626,#6627,#6628,#6629,#6630,#6631,#6632,#6633,
#6634,#6635,#6636));
#1429=EDGE_LOOP('',(#6637,#6638,#6639,#6640));
#1430=EDGE_LOOP('',(#6641,#6642,#6643,#6644));
#1431=EDGE_LOOP('',(#6645,#6646,#6647,#6648));
#1432=EDGE_LOOP('',(#6649,#6650,#6651,#6652));
#1433=EDGE_LOOP('',(#6653,#6654,#6655,#6656));
#1434=EDGE_LOOP('',(#6657,#6658,#6659,#6660));
#1435=EDGE_LOOP('',(#6661,#6662,#6663,#6664));
#1436=EDGE_LOOP('',(#6665,#6666,#6667,#6668));
#1437=EDGE_LOOP('',(#6669,#6670,#6671,#6672,#6673,#6674,#6675,#6676,#6677,
#6678,#6679,#6680,#6681,#6682,#6683,#6684,#6685,#6686,#6687,#6688,#6689,
#6690,#6691,#6692));
#1438=EDGE_LOOP('',(#6693,#6694,#6695,#6696));
#1439=EDGE_LOOP('',(#6697,#6698,#6699,#6700));
#1440=EDGE_LOOP('',(#6701,#6702,#6703,#6704));
#1441=EDGE_LOOP('',(#6705,#6706,#6707,#6708));
#1442=EDGE_LOOP('',(#6709,#6710,#6711,#6712));
#1443=EDGE_LOOP('',(#6713,#6714,#6715,#6716));
#1444=EDGE_LOOP('',(#6717,#6718,#6719,#6720));
#1445=EDGE_LOOP('',(#6721,#6722,#6723,#6724));
#1446=EDGE_LOOP('',(#6725,#6726,#6727,#6728));
#1447=EDGE_LOOP('',(#6729,#6730,#6731,#6732));
#1448=EDGE_LOOP('',(#6733,#6734,#6735,#6736));
#1449=EDGE_LOOP('',(#6737,#6738,#6739,#6740));
#1450=EDGE_LOOP('',(#6741,#6742,#6743,#6744));
#1451=EDGE_LOOP('',(#6745,#6746,#6747,#6748));
#1452=EDGE_LOOP('',(#6749,#6750,#6751,#6752));
#1453=EDGE_LOOP('',(#6753,#6754,#6755,#6756));
#1454=EDGE_LOOP('',(#6757,#6758,#6759,#6760));
#1455=EDGE_LOOP('',(#6761));
#1456=EDGE_LOOP('',(#6762,#6763,#6764,#6765));
#1457=EDGE_LOOP('',(#6766));
#1458=EDGE_LOOP('',(#6767,#6768,#6769,#6770,#6771,#6772,#6773,#6774,#6775,
#6776,#6777,#6778,#6779,#6780,#6781,#6782,#6783,#6784,#6785,#6786,#6787,
#6788,#6789,#6790));
#1459=EDGE_LOOP('',(#6791,#6792,#6793,#6794));
#1460=EDGE_LOOP('',(#6795,#6796,#6797,#6798));
#1461=EDGE_LOOP('',(#6799,#6800,#6801,#6802));
#1462=EDGE_LOOP('',(#6803,#6804,#6805,#6806));
#1463=EDGE_LOOP('',(#6807,#6808,#6809,#6810));
#1464=EDGE_LOOP('',(#6811,#6812,#6813,#6814));
#1465=EDGE_LOOP('',(#6815,#6816,#6817,#6818));
#1466=EDGE_LOOP('',(#6819,#6820,#6821,#6822));
#1467=EDGE_LOOP('',(#6823,#6824,#6825,#6826,#6827,#6828,#6829,#6830,#6831,
#6832,#6833,#6834,#6835,#6836,#6837,#6838,#6839,#6840,#6841,#6842,#6843,
#6844,#6845,#6846));
#1468=EDGE_LOOP('',(#6847,#6848,#6849,#6850));
#1469=EDGE_LOOP('',(#6851,#6852,#6853,#6854));
#1470=EDGE_LOOP('',(#6855,#6856,#6857,#6858));
#1471=EDGE_LOOP('',(#6859,#6860,#6861,#6862));
#1472=EDGE_LOOP('',(#6863,#6864,#6865,#6866));
#1473=EDGE_LOOP('',(#6867,#6868,#6869,#6870));
#1474=EDGE_LOOP('',(#6871,#6872,#6873,#6874));
#1475=EDGE_LOOP('',(#6875,#6876,#6877,#6878));
#1476=EDGE_LOOP('',(#6879,#6880,#6881,#6882));
#1477=EDGE_LOOP('',(#6883,#6884,#6885,#6886));
#1478=EDGE_LOOP('',(#6887,#6888,#6889,#6890));
#1479=EDGE_LOOP('',(#6891,#6892,#6893,#6894));
#1480=EDGE_LOOP('',(#6895,#6896,#6897,#6898));
#1481=EDGE_LOOP('',(#6899,#6900,#6901,#6902));
#1482=EDGE_LOOP('',(#6903,#6904,#6905,#6906));
#1483=EDGE_LOOP('',(#6907,#6908,#6909,#6910));
#1484=EDGE_LOOP('',(#6911,#6912,#6913,#6914));
#1485=EDGE_LOOP('',(#6915));
#1486=EDGE_LOOP('',(#6916,#6917,#6918,#6919));
#1487=EDGE_LOOP('',(#6920));
#1488=EDGE_LOOP('',(#6921,#6922,#6923,#6924,#6925,#6926,#6927,#6928,#6929,
#6930,#6931,#6932,#6933,#6934,#6935,#6936,#6937,#6938,#6939,#6940,#6941,
#6942,#6943,#6944));
#1489=EDGE_LOOP('',(#6945,#6946,#6947,#6948));
#1490=EDGE_LOOP('',(#6949,#6950,#6951,#6952));
#1491=EDGE_LOOP('',(#6953,#6954,#6955,#6956));
#1492=EDGE_LOOP('',(#6957,#6958,#6959,#6960));
#1493=EDGE_LOOP('',(#6961,#6962,#6963,#6964));
#1494=EDGE_LOOP('',(#6965,#6966,#6967,#6968));
#1495=EDGE_LOOP('',(#6969,#6970,#6971,#6972));
#1496=EDGE_LOOP('',(#6973,#6974,#6975,#6976));
#1497=EDGE_LOOP('',(#6977,#6978,#6979,#6980,#6981,#6982,#6983,#6984,#6985,
#6986,#6987,#6988,#6989,#6990,#6991,#6992,#6993,#6994,#6995,#6996,#6997,
#6998,#6999,#7000));
#1498=EDGE_LOOP('',(#7001,#7002,#7003,#7004));
#1499=EDGE_LOOP('',(#7005,#7006,#7007,#7008));
#1500=EDGE_LOOP('',(#7009,#7010,#7011,#7012));
#1501=EDGE_LOOP('',(#7013,#7014,#7015,#7016));
#1502=EDGE_LOOP('',(#7017,#7018,#7019,#7020));
#1503=EDGE_LOOP('',(#7021,#7022,#7023,#7024));
#1504=EDGE_LOOP('',(#7025,#7026,#7027,#7028));
#1505=EDGE_LOOP('',(#7029,#7030,#7031,#7032));
#1506=EDGE_LOOP('',(#7033,#7034,#7035,#7036));
#1507=EDGE_LOOP('',(#7037,#7038,#7039,#7040));
#1508=EDGE_LOOP('',(#7041,#7042,#7043,#7044));
#1509=EDGE_LOOP('',(#7045,#7046,#7047,#7048));
#1510=EDGE_LOOP('',(#7049,#7050,#7051,#7052));
#1511=EDGE_LOOP('',(#7053,#7054,#7055,#7056));
#1512=EDGE_LOOP('',(#7057,#7058,#7059,#7060));
#1513=EDGE_LOOP('',(#7061,#7062,#7063,#7064));
#1514=EDGE_LOOP('',(#7065,#7066,#7067,#7068));
#1515=EDGE_LOOP('',(#7069));
#1516=EDGE_LOOP('',(#7070,#7071,#7072,#7073,#7074,#7075,#7076,#7077));
#1517=EDGE_LOOP('',(#7078,#7079,#7080,#7081));
#1518=EDGE_LOOP('',(#7082,#7083,#7084,#7085));
#1519=EDGE_LOOP('',(#7086,#7087,#7088,#7089));
#1520=EDGE_LOOP('',(#7090,#7091,#7092,#7093));
#1521=EDGE_LOOP('',(#7094,#7095,#7096,#7097));
#1522=EDGE_LOOP('',(#7098,#7099,#7100,#7101));
#1523=EDGE_LOOP('',(#7102,#7103,#7104,#7105));
#1524=EDGE_LOOP('',(#7106,#7107,#7108,#7109));
#1525=EDGE_LOOP('',(#7110));
#1526=EDGE_LOOP('',(#7111,#7112,#7113,#7114,#7115,#7116));
#1527=EDGE_LOOP('',(#7117));
#1528=EDGE_LOOP('',(#7118,#7119,#7120,#7121));
#1529=EDGE_LOOP('',(#7122,#7123,#7124,#7125));
#1530=EDGE_LOOP('',(#7126,#7127,#7128,#7129));
#1531=EDGE_LOOP('',(#7130,#7131,#7132,#7133));
#1532=EDGE_LOOP('',(#7134,#7135,#7136,#7137,#7138,#7139,#7140,#7141,#7142,
#7143,#7144,#7145));
#1533=EDGE_LOOP('',(#7146,#7147,#7148,#7149,#7150,#7151,#7152,#7153,#7154,
#7155,#7156,#7157));
#1534=EDGE_LOOP('',(#7158));
#1535=EDGE_LOOP('',(#7159));
#1536=EDGE_LOOP('',(#7160));
#1537=EDGE_LOOP('',(#7161));
#1538=EDGE_LOOP('',(#7162));
#1539=EDGE_LOOP('',(#7163));
#1540=EDGE_LOOP('',(#7164));
#1541=EDGE_LOOP('',(#7165));
#1542=EDGE_LOOP('',(#7166,#7167,#7168,#7169));
#1543=EDGE_LOOP('',(#7170));
#1544=EDGE_LOOP('',(#7171,#7172,#7173,#7174,#7175,#7176));
#1545=EDGE_LOOP('',(#7177));
#1546=EDGE_LOOP('',(#7178,#7179,#7180,#7181));
#1547=EDGE_LOOP('',(#7182,#7183,#7184,#7185));
#1548=EDGE_LOOP('',(#7186,#7187,#7188,#7189));
#1549=EDGE_LOOP('',(#7190,#7191,#7192,#7193));
#1550=EDGE_LOOP('',(#7194,#7195,#7196,#7197,#7198,#7199));
#1551=EDGE_LOOP('',(#7200,#7201,#7202,#7203));
#1552=EDGE_LOOP('',(#7204));
#1553=EDGE_LOOP('',(#7205,#7206,#7207,#7208,#7209,#7210));
#1554=EDGE_LOOP('',(#7211));
#1555=EDGE_LOOP('',(#7212,#7213,#7214,#7215));
#1556=EDGE_LOOP('',(#7216,#7217,#7218,#7219));
#1557=EDGE_LOOP('',(#7220,#7221,#7222,#7223));
#1558=EDGE_LOOP('',(#7224,#7225,#7226,#7227));
#1559=EDGE_LOOP('',(#7228,#7229,#7230,#7231,#7232,#7233,#7234,#7235,#7236,
#7237,#7238,#7239,#7240));
#1560=EDGE_LOOP('',(#7241,#7242,#7243,#7244,#7245,#7246));
#1561=EDGE_LOOP('',(#7247,#7248,#7249,#7250));
#1562=EDGE_LOOP('',(#7251));
#1563=EDGE_LOOP('',(#7252,#7253,#7254,#7255,#7256,#7257));
#1564=EDGE_LOOP('',(#7258));
#1565=EDGE_LOOP('',(#7259,#7260,#7261,#7262));
#1566=EDGE_LOOP('',(#7263,#7264,#7265,#7266));
#1567=EDGE_LOOP('',(#7267,#7268,#7269,#7270));
#1568=EDGE_LOOP('',(#7271,#7272,#7273,#7274));
#1569=EDGE_LOOP('',(#7275,#7276,#7277,#7278,#7279,#7280,#7281,#7282,#7283,
#7284));
#1570=EDGE_LOOP('',(#7285,#7286,#7287,#7288));
#1571=EDGE_LOOP('',(#7289));
#1572=EDGE_LOOP('',(#7290,#7291,#7292,#7293));
#1573=EDGE_LOOP('',(#7294));
#1574=EDGE_LOOP('',(#7295,#7296,#7297,#7298,#7299,#7300));
#1575=EDGE_LOOP('',(#7301));
#1576=EDGE_LOOP('',(#7302,#7303,#7304,#7305));
#1577=EDGE_LOOP('',(#7306,#7307,#7308,#7309));
#1578=EDGE_LOOP('',(#7310,#7311,#7312,#7313));
#1579=EDGE_LOOP('',(#7314,#7315,#7316,#7317));
#1580=EDGE_LOOP('',(#7318,#7319,#7320,#7321,#7322,#7323));
#1581=EDGE_LOOP('',(#7324));
#1582=EDGE_LOOP('',(#7325,#7326,#7327,#7328));
#1583=EDGE_LOOP('',(#7329,#7330,#7331,#7332));
#1584=EDGE_LOOP('',(#7333,#7334,#7335,#7336));
#1585=EDGE_LOOP('',(#7337,#7338,#7339,#7340));
#1586=EDGE_LOOP('',(#7341,#7342,#7343,#7344,#7345,#7346,#7347,#7348,#7349,
#7350,#7351,#7352,#7353));
#1587=EDGE_LOOP('',(#7354,#7355,#7356,#7357,#7358,#7359,#7360,#7361,#7362,
#7363,#7364,#7365));
#1588=EDGE_LOOP('',(#7366,#7367,#7368,#7369,#7370,#7371,#7372,#7373,#7374,
#7375));
#1589=EDGE_LOOP('',(#7376,#7377,#7378,#7379));
#1590=EDGE_LOOP('',(#7380));
#1591=EDGE_LOOP('',(#7381,#7382,#7383,#7384));
#1592=EDGE_LOOP('',(#7385));
#1593=EDGE_LOOP('',(#7386,#7387,#7388,#7389,#7390,#7391));
#1594=EDGE_LOOP('',(#7392));
#1595=EDGE_LOOP('',(#7393,#7394,#7395,#7396));
#1596=EDGE_LOOP('',(#7397,#7398,#7399,#7400));
#1597=EDGE_LOOP('',(#7401,#7402,#7403,#7404));
#1598=EDGE_LOOP('',(#7405,#7406,#7407,#7408));
#1599=EDGE_LOOP('',(#7409,#7410,#7411,#7412,#7413,#7414));
#1600=EDGE_LOOP('',(#7415));
#1601=EDGE_LOOP('',(#7416,#7417,#7418,#7419));
#1602=EDGE_LOOP('',(#7420,#7421,#7422,#7423));
#1603=EDGE_LOOP('',(#7424,#7425,#7426,#7427));
#1604=EDGE_LOOP('',(#7428,#7429,#7430,#7431));
#1605=EDGE_LOOP('',(#7432,#7433,#7434,#7435,#7436,#7437));
#1606=EDGE_LOOP('',(#7438,#7439,#7440,#7441,#7442,#7443));
#1607=EDGE_LOOP('',(#7444,#7445,#7446,#7447,#7448,#7449,#7450,#7451,#7452,
#7453,#7454,#7455));
#1608=EDGE_LOOP('',(#7456,#7457,#7458,#7459));
#1609=EDGE_LOOP('',(#7460,#7461,#7462,#7463,#7464,#7465,#7466,#7467,#7468,
#7469));
#1610=EDGE_LOOP('',(#7470,#7471,#7472,#7473,#7474));
#1611=EDGE_LOOP('',(#7475,#7476,#7477,#7478));
#1612=EDGE_LOOP('',(#7479,#7480,#7481,#7482));
#1613=EDGE_LOOP('',(#7483,#7484,#7485,#7486));
#1614=EDGE_LOOP('',(#7487,#7488,#7489,#7490,#7491,#7492,#7493,#7494));
#1615=EDGE_LOOP('',(#7495,#7496,#7497,#7498));
#1616=EDGE_LOOP('',(#7499,#7500,#7501,#7502));
#1617=EDGE_LOOP('',(#7503,#7504,#7505,#7506));
#1618=EDGE_LOOP('',(#7507,#7508,#7509,#7510));
#1619=EDGE_LOOP('',(#7511,#7512,#7513,#7514));
#1620=EDGE_LOOP('',(#7515,#7516,#7517,#7518));
#1621=EDGE_LOOP('',(#7519,#7520,#7521,#7522,#7523,#7524,#7525,#7526));
#1622=EDGE_LOOP('',(#7527,#7528,#7529,#7530));
#1623=EDGE_LOOP('',(#7531));
#1624=EDGE_LOOP('',(#7532,#7533,#7534,#7535));
#1625=EDGE_LOOP('',(#7536));
#1626=EDGE_LOOP('',(#7537,#7538,#7539,#7540));
#1627=EDGE_LOOP('',(#7541));
#1628=EDGE_LOOP('',(#7542,#7543,#7544,#7545));
#1629=EDGE_LOOP('',(#7546));
#1630=EDGE_LOOP('',(#7547,#7548,#7549,#7550));
#1631=EDGE_LOOP('',(#7551));
#1632=EDGE_LOOP('',(#7552,#7553,#7554,#7555));
#1633=EDGE_LOOP('',(#7556));
#1634=EDGE_LOOP('',(#7557,#7558,#7559,#7560));
#1635=EDGE_LOOP('',(#7561));
#1636=EDGE_LOOP('',(#7562,#7563,#7564,#7565));
#1637=EDGE_LOOP('',(#7566));
#1638=EDGE_LOOP('',(#7567,#7568,#7569,#7570));
#1639=EDGE_LOOP('',(#7571,#7572,#7573,#7574));
#1640=EDGE_LOOP('',(#7575,#7576,#7577,#7578));
#1641=EDGE_LOOP('',(#7579,#7580,#7581,#7582));
#1642=EDGE_LOOP('',(#7583,#7584,#7585,#7586));
#1643=EDGE_LOOP('',(#7587,#7588,#7589,#7590,#7591,#7592,#7593,#7594,#7595,
#7596,#7597,#7598));
#1644=EDGE_LOOP('',(#7599,#7600,#7601,#7602));
#1645=EDGE_LOOP('',(#7603,#7604,#7605,#7606,#7607,#7608,#7609,#7610,#7611,
#7612,#7613,#7614));
#1646=EDGE_LOOP('',(#7615,#7616,#7617,#7618));
#1647=EDGE_LOOP('',(#7619));
#1648=EDGE_LOOP('',(#7620));
#1649=EDGE_LOOP('',(#7621,#7622,#7623,#7624));
#1650=EDGE_LOOP('',(#7625,#7626,#7627,#7628,#7629));
#1651=EDGE_LOOP('',(#7630));
#1652=EDGE_LOOP('',(#7631,#7632,#7633,#7634,#7635));
#1653=EDGE_LOOP('',(#7636,#7637,#7638,#7639));
#1654=EDGE_LOOP('',(#7640,#7641,#7642,#7643,#7644,#7645,#7646,#7647,#7648,
#7649,#7650,#7651));
#1655=EDGE_LOOP('',(#7652,#7653,#7654,#7655));
#1656=EDGE_LOOP('',(#7656,#7657,#7658,#7659,#7660,#7661,#7662,#7663,#7664,
#7665,#7666,#7667));
#1657=EDGE_LOOP('',(#7668,#7669,#7670,#7671));
#1658=EDGE_LOOP('',(#7672,#7673,#7674,#7675));
#1659=EDGE_LOOP('',(#7676,#7677,#7678,#7679));
#1660=EDGE_LOOP('',(#7680,#7681,#7682,#7683));
#1661=EDGE_LOOP('',(#7684,#7685,#7686,#7687));
#1662=EDGE_LOOP('',(#7688,#7689,#7690,#7691));
#1663=EDGE_LOOP('',(#7692,#7693,#7694,#7695));
#1664=EDGE_LOOP('',(#7696,#7697,#7698,#7699));
#1665=EDGE_LOOP('',(#7700,#7701,#7702,#7703));
#1666=EDGE_LOOP('',(#7704,#7705,#7706,#7707));
#1667=EDGE_LOOP('',(#7708,#7709,#7710,#7711));
#1668=EDGE_LOOP('',(#7712,#7713,#7714,#7715));
#1669=EDGE_LOOP('',(#7716,#7717,#7718,#7719,#7720,#7721,#7722,#7723));
#1670=EDGE_LOOP('',(#7724,#7725,#7726,#7727,#7728,#7729,#7730,#7731));
#1671=EDGE_LOOP('',(#7732,#7733,#7734,#7735));
#1672=EDGE_LOOP('',(#7736,#7737,#7738,#7739));
#1673=EDGE_LOOP('',(#7740,#7741,#7742,#7743));
#1674=EDGE_LOOP('',(#7744,#7745,#7746,#7747));
#1675=EDGE_LOOP('',(#7748,#7749,#7750,#7751));
#1676=EDGE_LOOP('',(#7752,#7753,#7754,#7755));
#1677=EDGE_LOOP('',(#7756,#7757,#7758,#7759));
#1678=EDGE_LOOP('',(#7760,#7761,#7762,#7763));
#1679=EDGE_LOOP('',(#7764,#7765,#7766,#7767,#7768,#7769,#7770,#7771));
#1680=EDGE_LOOP('',(#7772,#7773,#7774,#7775,#7776,#7777,#7778,#7779));
#1681=EDGE_LOOP('',(#7780,#7781,#7782,#7783));
#1682=EDGE_LOOP('',(#7784,#7785,#7786,#7787));
#1683=EDGE_LOOP('',(#7788,#7789,#7790,#7791));
#1684=EDGE_LOOP('',(#7792,#7793,#7794,#7795));
#1685=EDGE_LOOP('',(#7796,#7797,#7798,#7799));
#1686=EDGE_LOOP('',(#7800,#7801,#7802,#7803));
#1687=EDGE_LOOP('',(#7804,#7805,#7806,#7807));
#1688=EDGE_LOOP('',(#7808,#7809,#7810,#7811));
#1689=EDGE_LOOP('',(#7812,#7813,#7814,#7815));
#1690=EDGE_LOOP('',(#7816,#7817,#7818,#7819));
#1691=EDGE_LOOP('',(#7820,#7821,#7822,#7823));
#1692=EDGE_LOOP('',(#7824,#7825,#7826,#7827));
#1693=EDGE_LOOP('',(#7828,#7829,#7830,#7831,#7832,#7833,#7834,#7835));
#1694=EDGE_LOOP('',(#7836,#7837,#7838,#7839));
#1695=EDGE_LOOP('',(#7840,#7841,#7842,#7843));
#1696=EDGE_LOOP('',(#7844,#7845,#7846,#7847));
#1697=EDGE_LOOP('',(#7848,#7849,#7850,#7851));
#1698=EDGE_LOOP('',(#7852,#7853,#7854,#7855,#7856,#7857,#7858,#7859));
#1699=LINE('',#12108,#2535);
#1700=LINE('',#12110,#2536);
#1701=LINE('',#12112,#2537);
#1702=LINE('',#12113,#2538);
#1703=LINE('',#12116,#2539);
#1704=LINE('',#12118,#2540);
#1705=LINE('',#12119,#2541);
#1706=LINE('',#12121,#2542);
#1707=LINE('',#12122,#2543);
#1708=LINE('',#12129,#2544);
#1709=LINE('',#12132,#2545);
#1710=LINE('',#12135,#2546);
#1711=LINE('',#12138,#2547);
#1712=LINE('',#12143,#2548);
#1713=LINE('',#12144,#2549);
#1714=LINE('',#12147,#2550);
#1715=LINE('',#12149,#2551);
#1716=LINE('',#12151,#2552);
#1717=LINE('',#12152,#2553);
#1718=LINE('',#12154,#2554);
#1719=LINE('',#12160,#2555);
#1720=LINE('',#12163,#2556);
#1721=LINE('',#12166,#2557);
#1722=LINE('',#12168,#2558);
#1723=LINE('',#12169,#2559);
#1724=LINE('',#12172,#2560);
#1725=LINE('',#12176,#2561);
#1726=LINE('',#12180,#2562);
#1727=LINE('',#12184,#2563);
#1728=LINE('',#12188,#2564);
#1729=LINE('',#12189,#2565);
#1730=LINE('',#12192,#2566);
#1731=LINE('',#12195,#2567);
#1732=LINE('',#12197,#2568);
#1733=LINE('',#12200,#2569);
#1734=LINE('',#12203,#2570);
#1735=LINE('',#12206,#2571);
#1736=LINE('',#12207,#2572);
#1737=LINE('',#12210,#2573);
#1738=LINE('',#12211,#2574);
#1739=LINE('',#12214,#2575);
#1740=LINE('',#12215,#2576);
#1741=LINE('',#12217,#2577);
#1742=LINE('',#12221,#2578);
#1743=LINE('',#12223,#2579);
#1744=LINE('',#12225,#2580);
#1745=LINE('',#12226,#2581);
#1746=LINE('',#12230,#2582);
#1747=LINE('',#12232,#2583);
#1748=LINE('',#12234,#2584);
#1749=LINE('',#12235,#2585);
#1750=LINE('',#12236,#2586);
#1751=LINE('',#12239,#2587);
#1752=LINE('',#12241,#2588);
#1753=LINE('',#12242,#2589);
#1754=LINE('',#12244,#2590);
#1755=LINE('',#12247,#2591);
#1756=LINE('',#12249,#2592);
#1757=LINE('',#12250,#2593);
#1758=LINE('',#12255,#2594);
#1759=LINE('',#12259,#2595);
#1760=LINE('',#12261,#2596);
#1761=LINE('',#12263,#2597);
#1762=LINE('',#12264,#2598);
#1763=LINE('',#12267,#2599);
#1764=LINE('',#12269,#2600);
#1765=LINE('',#12270,#2601);
#1766=LINE('',#12273,#2602);
#1767=LINE('',#12275,#2603);
#1768=LINE('',#12276,#2604);
#1769=LINE('',#12278,#2605);
#1770=LINE('',#12281,#2606);
#1771=LINE('',#12283,#2607);
#1772=LINE('',#12285,#2608);
#1773=LINE('',#12286,#2609);
#1774=LINE('',#12290,#2610);
#1775=LINE('',#12292,#2611);
#1776=LINE('',#12294,#2612);
#1777=LINE('',#12295,#2613);
#1778=LINE('',#12299,#2614);
#1779=LINE('',#12300,#2615);
#1780=LINE('',#12301,#2616);
#1781=LINE('',#12303,#2617);
#1782=LINE('',#12304,#2618);
#1783=LINE('',#12306,#2619);
#1784=LINE('',#12308,#2620);
#1785=LINE('',#12311,#2621);
#1786=LINE('',#12313,#2622);
#1787=LINE('',#12315,#2623);
#1788=LINE('',#12319,#2624);
#1789=LINE('',#12323,#2625);
#1790=LINE('',#12325,#2626);
#1791=LINE('',#12327,#2627);
#1792=LINE('',#12329,#2628);
#1793=LINE('',#12331,#2629);
#1794=LINE('',#12333,#2630);
#1795=LINE('',#12335,#2631);
#1796=LINE('',#12337,#2632);
#1797=LINE('',#12339,#2633);
#1798=LINE('',#12343,#2634);
#1799=LINE('',#12347,#2635);
#1800=LINE('',#12349,#2636);
#1801=LINE('',#12350,#2637);
#1802=LINE('',#12353,#2638);
#1803=LINE('',#12355,#2639);
#1804=LINE('',#12356,#2640);
#1805=LINE('',#12358,#2641);
#1806=LINE('',#12361,#2642);
#1807=LINE('',#12363,#2643);
#1808=LINE('',#12364,#2644);
#1809=LINE('',#12366,#2645);
#1810=LINE('',#12369,#2646);
#1811=LINE('',#12370,#2647);
#1812=LINE('',#12373,#2648);
#1813=LINE('',#12375,#2649);
#1814=LINE('',#12376,#2650);
#1815=LINE('',#12379,#2651);
#1816=LINE('',#12381,#2652);
#1817=LINE('',#12382,#2653);
#1818=LINE('',#12384,#2654);
#1819=LINE('',#12387,#2655);
#1820=LINE('',#12389,#2656);
#1821=LINE('',#12390,#2657);
#1822=LINE('',#12393,#2658);
#1823=LINE('',#12395,#2659);
#1824=LINE('',#12396,#2660);
#1825=LINE('',#12398,#2661);
#1826=LINE('',#12401,#2662);
#1827=LINE('',#12402,#2663);
#1828=LINE('',#12405,#2664);
#1829=LINE('',#12406,#2665);
#1830=LINE('',#12408,#2666);
#1831=LINE('',#12411,#2667);
#1832=LINE('',#12415,#2668);
#1833=LINE('',#12420,#2669);
#1834=LINE('',#12426,#2670);
#1835=LINE('',#12428,#2671);
#1836=LINE('',#12432,#2672);
#1837=LINE('',#12434,#2673);
#1838=LINE('',#12436,#2674);
#1839=LINE('',#12437,#2675);
#1840=LINE('',#12441,#2676);
#1841=LINE('',#12442,#2677);
#1842=LINE('',#12443,#2678);
#1843=LINE('',#12446,#2679);
#1844=LINE('',#12447,#2680);
#1845=LINE('',#12450,#2681);
#1846=LINE('',#12451,#2682);
#1847=LINE('',#12453,#2683);
#1848=LINE('',#12462,#2684);
#1849=LINE('',#12476,#2685);
#1850=LINE('',#12478,#2686);
#1851=LINE('',#12480,#2687);
#1852=LINE('',#12482,#2688);
#1853=LINE('',#12484,#2689);
#1854=LINE('',#12492,#2690);
#1855=LINE('',#12495,#2691);
#1856=LINE('',#12498,#2692);
#1857=LINE('',#12500,#2693);
#1858=LINE('',#12501,#2694);
#1859=LINE('',#12504,#2695);
#1860=LINE('',#12508,#2696);
#1861=LINE('',#12512,#2697);
#1862=LINE('',#12516,#2698);
#1863=LINE('',#12522,#2699);
#1864=LINE('',#12523,#2700);
#1865=LINE('',#12526,#2701);
#1866=LINE('',#12527,#2702);
#1867=LINE('',#12531,#2703);
#1868=LINE('',#12534,#2704);
#1869=LINE('',#12535,#2705);
#1870=LINE('',#12539,#2706);
#1871=LINE('',#12542,#2707);
#1872=LINE('',#12543,#2708);
#1873=LINE('',#12547,#2709);
#1874=LINE('',#12553,#2710);
#1875=LINE('',#12560,#2711);
#1876=LINE('',#12564,#2712);
#1877=LINE('',#12568,#2713);
#1878=LINE('',#12572,#2714);
#1879=LINE('',#12576,#2715);
#1880=LINE('',#12580,#2716);
#1881=LINE('',#12584,#2717);
#1882=LINE('',#12588,#2718);
#1883=LINE('',#12592,#2719);
#1884=LINE('',#12596,#2720);
#1885=LINE('',#12600,#2721);
#1886=LINE('',#12603,#2722);
#1887=LINE('',#12606,#2723);
#1888=LINE('',#12612,#2724);
#1889=LINE('',#12613,#2725);
#1890=LINE('',#12616,#2726);
#1891=LINE('',#12617,#2727);
#1892=LINE('',#12620,#2728);
#1893=LINE('',#12623,#2729);
#1894=LINE('',#12625,#2730);
#1895=LINE('',#12628,#2731);
#1896=LINE('',#12632,#2732);
#1897=LINE('',#12633,#2733);
#1898=LINE('',#12637,#2734);
#1899=LINE('',#12640,#2735);
#1900=LINE('',#12644,#2736);
#1901=LINE('',#12648,#2737);
#1902=LINE('',#12652,#2738);
#1903=LINE('',#12656,#2739);
#1904=LINE('',#12660,#2740);
#1905=LINE('',#12664,#2741);
#1906=LINE('',#12668,#2742);
#1907=LINE('',#12671,#2743);
#1908=LINE('',#12673,#2744);
#1909=LINE('',#12675,#2745);
#1910=LINE('',#12676,#2746);
#1911=LINE('',#12678,#2747);
#1912=LINE('',#12680,#2748);
#1913=LINE('',#12683,#2749);
#1914=LINE('',#12685,#2750);
#1915=LINE('',#12687,#2751);
#1916=LINE('',#12689,#2752);
#1917=LINE('',#12691,#2753);
#1918=LINE('',#12693,#2754);
#1919=LINE('',#12695,#2755);
#1920=LINE('',#12696,#2756);
#1921=LINE('',#12698,#2757);
#1922=LINE('',#12701,#2758);
#1923=LINE('',#12702,#2759);
#1924=LINE('',#12710,#2760);
#1925=LINE('',#12717,#2761);
#1926=LINE('',#12721,#2762);
#1927=LINE('',#12725,#2763);
#1928=LINE('',#12729,#2764);
#1929=LINE('',#12733,#2765);
#1930=LINE('',#12737,#2766);
#1931=LINE('',#12741,#2767);
#1932=LINE('',#12745,#2768);
#1933=LINE('',#12749,#2769);
#1934=LINE('',#12753,#2770);
#1935=LINE('',#12757,#2771);
#1936=LINE('',#12760,#2772);
#1937=LINE('',#12763,#2773);
#1938=LINE('',#12769,#2774);
#1939=LINE('',#12770,#2775);
#1940=LINE('',#12773,#2776);
#1941=LINE('',#12774,#2777);
#1942=LINE('',#12777,#2778);
#1943=LINE('',#12780,#2779);
#1944=LINE('',#12782,#2780);
#1945=LINE('',#12785,#2781);
#1946=LINE('',#12789,#2782);
#1947=LINE('',#12790,#2783);
#1948=LINE('',#12794,#2784);
#1949=LINE('',#12797,#2785);
#1950=LINE('',#12801,#2786);
#1951=LINE('',#12805,#2787);
#1952=LINE('',#12809,#2788);
#1953=LINE('',#12813,#2789);
#1954=LINE('',#12817,#2790);
#1955=LINE('',#12821,#2791);
#1956=LINE('',#12825,#2792);
#1957=LINE('',#12828,#2793);
#1958=LINE('',#12830,#2794);
#1959=LINE('',#12832,#2795);
#1960=LINE('',#12833,#2796);
#1961=LINE('',#12835,#2797);
#1962=LINE('',#12837,#2798);
#1963=LINE('',#12840,#2799);
#1964=LINE('',#12842,#2800);
#1965=LINE('',#12844,#2801);
#1966=LINE('',#12846,#2802);
#1967=LINE('',#12848,#2803);
#1968=LINE('',#12850,#2804);
#1969=LINE('',#12852,#2805);
#1970=LINE('',#12853,#2806);
#1971=LINE('',#12855,#2807);
#1972=LINE('',#12858,#2808);
#1973=LINE('',#12859,#2809);
#1974=LINE('',#12867,#2810);
#1975=LINE('',#12874,#2811);
#1976=LINE('',#12878,#2812);
#1977=LINE('',#12882,#2813);
#1978=LINE('',#12886,#2814);
#1979=LINE('',#12890,#2815);
#1980=LINE('',#12894,#2816);
#1981=LINE('',#12898,#2817);
#1982=LINE('',#12902,#2818);
#1983=LINE('',#12906,#2819);
#1984=LINE('',#12910,#2820);
#1985=LINE('',#12914,#2821);
#1986=LINE('',#12917,#2822);
#1987=LINE('',#12920,#2823);
#1988=LINE('',#12926,#2824);
#1989=LINE('',#12927,#2825);
#1990=LINE('',#12930,#2826);
#1991=LINE('',#12931,#2827);
#1992=LINE('',#12934,#2828);
#1993=LINE('',#12937,#2829);
#1994=LINE('',#12939,#2830);
#1995=LINE('',#12942,#2831);
#1996=LINE('',#12946,#2832);
#1997=LINE('',#12947,#2833);
#1998=LINE('',#12951,#2834);
#1999=LINE('',#12954,#2835);
#2000=LINE('',#12958,#2836);
#2001=LINE('',#12962,#2837);
#2002=LINE('',#12966,#2838);
#2003=LINE('',#12970,#2839);
#2004=LINE('',#12974,#2840);
#2005=LINE('',#12978,#2841);
#2006=LINE('',#12982,#2842);
#2007=LINE('',#12985,#2843);
#2008=LINE('',#12987,#2844);
#2009=LINE('',#12989,#2845);
#2010=LINE('',#12990,#2846);
#2011=LINE('',#12992,#2847);
#2012=LINE('',#12994,#2848);
#2013=LINE('',#12997,#2849);
#2014=LINE('',#12999,#2850);
#2015=LINE('',#13001,#2851);
#2016=LINE('',#13003,#2852);
#2017=LINE('',#13005,#2853);
#2018=LINE('',#13007,#2854);
#2019=LINE('',#13009,#2855);
#2020=LINE('',#13010,#2856);
#2021=LINE('',#13012,#2857);
#2022=LINE('',#13015,#2858);
#2023=LINE('',#13016,#2859);
#2024=LINE('',#13024,#2860);
#2025=LINE('',#13031,#2861);
#2026=LINE('',#13035,#2862);
#2027=LINE('',#13039,#2863);
#2028=LINE('',#13043,#2864);
#2029=LINE('',#13047,#2865);
#2030=LINE('',#13051,#2866);
#2031=LINE('',#13055,#2867);
#2032=LINE('',#13059,#2868);
#2033=LINE('',#13063,#2869);
#2034=LINE('',#13067,#2870);
#2035=LINE('',#13071,#2871);
#2036=LINE('',#13074,#2872);
#2037=LINE('',#13077,#2873);
#2038=LINE('',#13083,#2874);
#2039=LINE('',#13084,#2875);
#2040=LINE('',#13087,#2876);
#2041=LINE('',#13088,#2877);
#2042=LINE('',#13091,#2878);
#2043=LINE('',#13094,#2879);
#2044=LINE('',#13096,#2880);
#2045=LINE('',#13099,#2881);
#2046=LINE('',#13103,#2882);
#2047=LINE('',#13104,#2883);
#2048=LINE('',#13108,#2884);
#2049=LINE('',#13111,#2885);
#2050=LINE('',#13115,#2886);
#2051=LINE('',#13119,#2887);
#2052=LINE('',#13123,#2888);
#2053=LINE('',#13127,#2889);
#2054=LINE('',#13131,#2890);
#2055=LINE('',#13135,#2891);
#2056=LINE('',#13139,#2892);
#2057=LINE('',#13142,#2893);
#2058=LINE('',#13144,#2894);
#2059=LINE('',#13146,#2895);
#2060=LINE('',#13147,#2896);
#2061=LINE('',#13149,#2897);
#2062=LINE('',#13151,#2898);
#2063=LINE('',#13154,#2899);
#2064=LINE('',#13156,#2900);
#2065=LINE('',#13158,#2901);
#2066=LINE('',#13160,#2902);
#2067=LINE('',#13162,#2903);
#2068=LINE('',#13164,#2904);
#2069=LINE('',#13166,#2905);
#2070=LINE('',#13167,#2906);
#2071=LINE('',#13169,#2907);
#2072=LINE('',#13172,#2908);
#2073=LINE('',#13173,#2909);
#2074=LINE('',#13181,#2910);
#2075=LINE('',#13188,#2911);
#2076=LINE('',#13192,#2912);
#2077=LINE('',#13196,#2913);
#2078=LINE('',#13200,#2914);
#2079=LINE('',#13204,#2915);
#2080=LINE('',#13208,#2916);
#2081=LINE('',#13212,#2917);
#2082=LINE('',#13216,#2918);
#2083=LINE('',#13220,#2919);
#2084=LINE('',#13224,#2920);
#2085=LINE('',#13228,#2921);
#2086=LINE('',#13231,#2922);
#2087=LINE('',#13234,#2923);
#2088=LINE('',#13240,#2924);
#2089=LINE('',#13241,#2925);
#2090=LINE('',#13244,#2926);
#2091=LINE('',#13245,#2927);
#2092=LINE('',#13248,#2928);
#2093=LINE('',#13251,#2929);
#2094=LINE('',#13253,#2930);
#2095=LINE('',#13256,#2931);
#2096=LINE('',#13260,#2932);
#2097=LINE('',#13261,#2933);
#2098=LINE('',#13265,#2934);
#2099=LINE('',#13268,#2935);
#2100=LINE('',#13272,#2936);
#2101=LINE('',#13276,#2937);
#2102=LINE('',#13280,#2938);
#2103=LINE('',#13284,#2939);
#2104=LINE('',#13288,#2940);
#2105=LINE('',#13292,#2941);
#2106=LINE('',#13296,#2942);
#2107=LINE('',#13299,#2943);
#2108=LINE('',#13301,#2944);
#2109=LINE('',#13303,#2945);
#2110=LINE('',#13304,#2946);
#2111=LINE('',#13306,#2947);
#2112=LINE('',#13308,#2948);
#2113=LINE('',#13311,#2949);
#2114=LINE('',#13313,#2950);
#2115=LINE('',#13315,#2951);
#2116=LINE('',#13317,#2952);
#2117=LINE('',#13319,#2953);
#2118=LINE('',#13321,#2954);
#2119=LINE('',#13323,#2955);
#2120=LINE('',#13324,#2956);
#2121=LINE('',#13326,#2957);
#2122=LINE('',#13329,#2958);
#2123=LINE('',#13330,#2959);
#2124=LINE('',#13338,#2960);
#2125=LINE('',#13345,#2961);
#2126=LINE('',#13349,#2962);
#2127=LINE('',#13353,#2963);
#2128=LINE('',#13357,#2964);
#2129=LINE('',#13361,#2965);
#2130=LINE('',#13365,#2966);
#2131=LINE('',#13369,#2967);
#2132=LINE('',#13373,#2968);
#2133=LINE('',#13377,#2969);
#2134=LINE('',#13381,#2970);
#2135=LINE('',#13385,#2971);
#2136=LINE('',#13388,#2972);
#2137=LINE('',#13391,#2973);
#2138=LINE('',#13397,#2974);
#2139=LINE('',#13398,#2975);
#2140=LINE('',#13401,#2976);
#2141=LINE('',#13402,#2977);
#2142=LINE('',#13405,#2978);
#2143=LINE('',#13408,#2979);
#2144=LINE('',#13410,#2980);
#2145=LINE('',#13413,#2981);
#2146=LINE('',#13417,#2982);
#2147=LINE('',#13418,#2983);
#2148=LINE('',#13422,#2984);
#2149=LINE('',#13425,#2985);
#2150=LINE('',#13429,#2986);
#2151=LINE('',#13433,#2987);
#2152=LINE('',#13437,#2988);
#2153=LINE('',#13441,#2989);
#2154=LINE('',#13445,#2990);
#2155=LINE('',#13449,#2991);
#2156=LINE('',#13453,#2992);
#2157=LINE('',#13456,#2993);
#2158=LINE('',#13458,#2994);
#2159=LINE('',#13460,#2995);
#2160=LINE('',#13461,#2996);
#2161=LINE('',#13463,#2997);
#2162=LINE('',#13465,#2998);
#2163=LINE('',#13468,#2999);
#2164=LINE('',#13470,#3000);
#2165=LINE('',#13472,#3001);
#2166=LINE('',#13474,#3002);
#2167=LINE('',#13476,#3003);
#2168=LINE('',#13478,#3004);
#2169=LINE('',#13480,#3005);
#2170=LINE('',#13481,#3006);
#2171=LINE('',#13483,#3007);
#2172=LINE('',#13486,#3008);
#2173=LINE('',#13487,#3009);
#2174=LINE('',#13495,#3010);
#2175=LINE('',#13502,#3011);
#2176=LINE('',#13506,#3012);
#2177=LINE('',#13510,#3013);
#2178=LINE('',#13514,#3014);
#2179=LINE('',#13518,#3015);
#2180=LINE('',#13522,#3016);
#2181=LINE('',#13526,#3017);
#2182=LINE('',#13530,#3018);
#2183=LINE('',#13534,#3019);
#2184=LINE('',#13538,#3020);
#2185=LINE('',#13542,#3021);
#2186=LINE('',#13545,#3022);
#2187=LINE('',#13548,#3023);
#2188=LINE('',#13554,#3024);
#2189=LINE('',#13555,#3025);
#2190=LINE('',#13558,#3026);
#2191=LINE('',#13559,#3027);
#2192=LINE('',#13562,#3028);
#2193=LINE('',#13565,#3029);
#2194=LINE('',#13567,#3030);
#2195=LINE('',#13570,#3031);
#2196=LINE('',#13574,#3032);
#2197=LINE('',#13575,#3033);
#2198=LINE('',#13579,#3034);
#2199=LINE('',#13582,#3035);
#2200=LINE('',#13586,#3036);
#2201=LINE('',#13590,#3037);
#2202=LINE('',#13594,#3038);
#2203=LINE('',#13598,#3039);
#2204=LINE('',#13602,#3040);
#2205=LINE('',#13606,#3041);
#2206=LINE('',#13610,#3042);
#2207=LINE('',#13613,#3043);
#2208=LINE('',#13615,#3044);
#2209=LINE('',#13617,#3045);
#2210=LINE('',#13618,#3046);
#2211=LINE('',#13620,#3047);
#2212=LINE('',#13622,#3048);
#2213=LINE('',#13625,#3049);
#2214=LINE('',#13627,#3050);
#2215=LINE('',#13629,#3051);
#2216=LINE('',#13631,#3052);
#2217=LINE('',#13633,#3053);
#2218=LINE('',#13635,#3054);
#2219=LINE('',#13637,#3055);
#2220=LINE('',#13638,#3056);
#2221=LINE('',#13640,#3057);
#2222=LINE('',#13643,#3058);
#2223=LINE('',#13644,#3059);
#2224=LINE('',#13652,#3060);
#2225=LINE('',#13659,#3061);
#2226=LINE('',#13663,#3062);
#2227=LINE('',#13667,#3063);
#2228=LINE('',#13671,#3064);
#2229=LINE('',#13675,#3065);
#2230=LINE('',#13679,#3066);
#2231=LINE('',#13683,#3067);
#2232=LINE('',#13687,#3068);
#2233=LINE('',#13691,#3069);
#2234=LINE('',#13695,#3070);
#2235=LINE('',#13699,#3071);
#2236=LINE('',#13702,#3072);
#2237=LINE('',#13705,#3073);
#2238=LINE('',#13711,#3074);
#2239=LINE('',#13712,#3075);
#2240=LINE('',#13715,#3076);
#2241=LINE('',#13716,#3077);
#2242=LINE('',#13719,#3078);
#2243=LINE('',#13722,#3079);
#2244=LINE('',#13724,#3080);
#2245=LINE('',#13727,#3081);
#2246=LINE('',#13731,#3082);
#2247=LINE('',#13732,#3083);
#2248=LINE('',#13736,#3084);
#2249=LINE('',#13739,#3085);
#2250=LINE('',#13743,#3086);
#2251=LINE('',#13747,#3087);
#2252=LINE('',#13751,#3088);
#2253=LINE('',#13755,#3089);
#2254=LINE('',#13759,#3090);
#2255=LINE('',#13763,#3091);
#2256=LINE('',#13767,#3092);
#2257=LINE('',#13770,#3093);
#2258=LINE('',#13772,#3094);
#2259=LINE('',#13774,#3095);
#2260=LINE('',#13775,#3096);
#2261=LINE('',#13777,#3097);
#2262=LINE('',#13779,#3098);
#2263=LINE('',#13782,#3099);
#2264=LINE('',#13784,#3100);
#2265=LINE('',#13786,#3101);
#2266=LINE('',#13788,#3102);
#2267=LINE('',#13790,#3103);
#2268=LINE('',#13792,#3104);
#2269=LINE('',#13794,#3105);
#2270=LINE('',#13795,#3106);
#2271=LINE('',#13797,#3107);
#2272=LINE('',#13800,#3108);
#2273=LINE('',#13801,#3109);
#2274=LINE('',#13808,#3110);
#2275=LINE('',#13812,#3111);
#2276=LINE('',#13816,#3112);
#2277=LINE('',#13820,#3113);
#2278=LINE('',#13824,#3114);
#2279=LINE('',#13826,#3115);
#2280=LINE('',#13827,#3116);
#2281=LINE('',#13830,#3117);
#2282=LINE('',#13834,#3118);
#2283=LINE('',#13835,#3119);
#2284=LINE('',#13838,#3120);
#2285=LINE('',#13842,#3121);
#2286=LINE('',#13844,#3122);
#2287=LINE('',#13845,#3123);
#2288=LINE('',#13850,#3124);
#2289=LINE('',#13851,#3125);
#2290=LINE('',#13856,#3126);
#2291=LINE('',#13862,#3127);
#2292=LINE('',#13866,#3128);
#2293=LINE('',#13868,#3129);
#2294=LINE('',#13870,#3130);
#2295=LINE('',#13876,#3131);
#2296=LINE('',#13880,#3132);
#2297=LINE('',#13881,#3133);
#2298=LINE('',#13885,#3134);
#2299=LINE('',#13886,#3135);
#2300=LINE('',#13887,#3136);
#2301=LINE('',#13894,#3137);
#2302=LINE('',#13896,#3138);
#2303=LINE('',#13898,#3139);
#2304=LINE('',#13900,#3140);
#2305=LINE('',#13902,#3141);
#2306=LINE('',#13906,#3142);
#2307=LINE('',#13909,#3143);
#2308=LINE('',#13912,#3144);
#2309=LINE('',#13916,#3145);
#2310=LINE('',#13920,#3146);
#2311=LINE('',#13922,#3147);
#2312=LINE('',#13926,#3148);
#2313=LINE('',#13948,#3149);
#2314=LINE('',#13955,#3150);
#2315=LINE('',#13957,#3151);
#2316=LINE('',#13959,#3152);
#2317=LINE('',#13963,#3153);
#2318=LINE('',#13967,#3154);
#2319=LINE('',#13968,#3155);
#2320=LINE('',#13972,#3156);
#2321=LINE('',#13973,#3157);
#2322=LINE('',#13974,#3158);
#2323=LINE('',#13978,#3159);
#2324=LINE('',#13983,#3160);
#2325=LINE('',#13989,#3161);
#2326=LINE('',#13993,#3162);
#2327=LINE('',#13995,#3163);
#2328=LINE('',#13997,#3164);
#2329=LINE('',#14003,#3165);
#2330=LINE('',#14010,#3166);
#2331=LINE('',#14013,#3167);
#2332=LINE('',#14014,#3168);
#2333=LINE('',#14017,#3169);
#2334=LINE('',#14018,#3170);
#2335=LINE('',#14021,#3171);
#2336=LINE('',#14025,#3172);
#2337=LINE('',#14029,#3173);
#2338=LINE('',#14031,#3174);
#2339=LINE('',#14033,#3175);
#2340=LINE('',#14035,#3176);
#2341=LINE('',#14037,#3177);
#2342=LINE('',#14038,#3178);
#2343=LINE('',#14041,#3179);
#2344=LINE('',#14043,#3180);
#2345=LINE('',#14049,#3181);
#2346=LINE('',#14056,#3182);
#2347=LINE('',#14058,#3183);
#2348=LINE('',#14060,#3184);
#2349=LINE('',#14064,#3185);
#2350=LINE('',#14067,#3186);
#2351=LINE('',#14069,#3187);
#2352=LINE('',#14072,#3188);
#2353=LINE('',#14073,#3189);
#2354=LINE('',#14076,#3190);
#2355=LINE('',#14080,#3191);
#2356=LINE('',#14082,#3192);
#2357=LINE('',#14086,#3193);
#2358=LINE('',#14092,#3194);
#2359=LINE('',#14099,#3195);
#2360=LINE('',#14105,#3196);
#2361=LINE('',#14109,#3197);
#2362=LINE('',#14111,#3198);
#2363=LINE('',#14113,#3199);
#2364=LINE('',#14119,#3200);
#2365=LINE('',#14123,#3201);
#2366=LINE('',#14124,#3202);
#2367=LINE('',#14128,#3203);
#2368=LINE('',#14129,#3204);
#2369=LINE('',#14130,#3205);
#2370=LINE('',#14138,#3206);
#2371=LINE('',#14142,#3207);
#2372=LINE('',#14144,#3208);
#2373=LINE('',#14146,#3209);
#2374=LINE('',#14152,#3210);
#2375=LINE('',#14156,#3211);
#2376=LINE('',#14157,#3212);
#2377=LINE('',#14159,#3213);
#2378=LINE('',#14160,#3214);
#2379=LINE('',#14165,#3215);
#2380=LINE('',#14167,#3216);
#2381=LINE('',#14169,#3217);
#2382=LINE('',#14171,#3218);
#2383=LINE('',#14172,#3219);
#2384=LINE('',#14173,#3220);
#2385=LINE('',#14176,#3221);
#2386=LINE('',#14179,#3222);
#2387=LINE('',#14181,#3223);
#2388=LINE('',#14184,#3224);
#2389=LINE('',#14189,#3225);
#2390=LINE('',#14193,#3226);
#2391=LINE('',#14195,#3227);
#2392=LINE('',#14198,#3228);
#2393=LINE('',#14203,#3229);
#2394=LINE('',#14210,#3230);
#2395=LINE('',#14216,#3231);
#2396=LINE('',#14220,#3232);
#2397=LINE('',#14222,#3233);
#2398=LINE('',#14224,#3234);
#2399=LINE('',#14228,#3235);
#2400=LINE('',#14234,#3236);
#2401=LINE('',#14237,#3237);
#2402=LINE('',#14238,#3238);
#2403=LINE('',#14240,#3239);
#2404=LINE('',#14244,#3240);
#2405=LINE('',#14248,#3241);
#2406=LINE('',#14250,#3242);
#2407=LINE('',#14252,#3243);
#2408=LINE('',#14258,#3244);
#2409=LINE('',#14262,#3245);
#2410=LINE('',#14264,#3246);
#2411=LINE('',#14267,#3247);
#2412=LINE('',#14268,#3248);
#2413=LINE('',#14270,#3249);
#2414=LINE('',#14272,#3250);
#2415=LINE('',#14273,#3251);
#2416=LINE('',#14276,#3252);
#2417=LINE('',#14278,#3253);
#2418=LINE('',#14279,#3254);
#2419=LINE('',#14284,#3255);
#2420=LINE('',#14285,#3256);
#2421=LINE('',#14288,#3257);
#2422=LINE('',#14292,#3258);
#2423=LINE('',#14296,#3259);
#2424=LINE('',#14300,#3260);
#2425=LINE('',#14303,#3261);
#2426=LINE('',#14306,#3262);
#2427=LINE('',#14308,#3263);
#2428=LINE('',#14310,#3264);
#2429=LINE('',#14312,#3265);
#2430=LINE('',#14313,#3266);
#2431=LINE('',#14315,#3267);
#2432=LINE('',#14317,#3268);
#2433=LINE('',#14321,#3269);
#2434=LINE('',#14323,#3270);
#2435=LINE('',#14325,#3271);
#2436=LINE('',#14326,#3272);
#2437=LINE('',#14330,#3273);
#2438=LINE('',#14333,#3274);
#2439=LINE('',#14337,#3275);
#2440=LINE('',#14340,#3276);
#2441=LINE('',#14342,#3277);
#2442=LINE('',#14346,#3278);
#2443=LINE('',#14348,#3279);
#2444=LINE('',#14349,#3280);
#2445=LINE('',#14358,#3281);
#2446=LINE('',#14363,#3282);
#2447=LINE('',#14368,#3283);
#2448=LINE('',#14373,#3284);
#2449=LINE('',#14378,#3285);
#2450=LINE('',#14383,#3286);
#2451=LINE('',#14388,#3287);
#2452=LINE('',#14393,#3288);
#2453=LINE('',#14398,#3289);
#2454=LINE('',#14400,#3290);
#2455=LINE('',#14401,#3291);
#2456=LINE('',#14404,#3292);
#2457=LINE('',#14405,#3293);
#2458=LINE('',#14408,#3294);
#2459=LINE('',#14409,#3295);
#2460=LINE('',#14412,#3296);
#2461=LINE('',#14413,#3297);
#2462=LINE('',#14415,#3298);
#2463=LINE('',#14417,#3299);
#2464=LINE('',#14418,#3300);
#2465=LINE('',#14420,#3301);
#2466=LINE('',#14462,#3302);
#2467=LINE('',#14466,#3303);
#2468=LINE('',#14468,#3304);
#2469=LINE('',#14470,#3305);
#2470=LINE('',#14472,#3306);
#2471=LINE('',#14482,#3307);
#2472=LINE('',#14485,#3308);
#2473=LINE('',#14488,#3309);
#2474=LINE('',#14489,#3310);
#2475=LINE('',#14492,#3311);
#2476=LINE('',#14496,#3312);
#2477=LINE('',#14497,#3313);
#2478=LINE('',#14500,#3314);
#2479=LINE('',#14504,#3315);
#2480=LINE('',#14505,#3316);
#2481=LINE('',#14508,#3317);
#2482=LINE('',#14511,#3318);
#2483=LINE('',#14518,#3319);
#2484=LINE('',#14520,#3320);
#2485=LINE('',#14522,#3321);
#2486=LINE('',#14523,#3322);
#2487=LINE('',#14526,#3323);
#2488=LINE('',#14528,#3324);
#2489=LINE('',#14529,#3325);
#2490=LINE('',#14532,#3326);
#2491=LINE('',#14534,#3327);
#2492=LINE('',#14535,#3328);
#2493=LINE('',#14538,#3329);
#2494=LINE('',#14540,#3330);
#2495=LINE('',#14541,#3331);
#2496=LINE('',#14544,#3332);
#2497=LINE('',#14546,#3333);
#2498=LINE('',#14547,#3334);
#2499=LINE('',#14550,#3335);
#2500=LINE('',#14552,#3336);
#2501=LINE('',#14553,#3337);
#2502=LINE('',#14556,#3338);
#2503=LINE('',#14558,#3339);
#2504=LINE('',#14559,#3340);
#2505=LINE('',#14561,#3341);
#2506=LINE('',#14562,#3342);
#2507=LINE('',#14568,#3343);
#2508=LINE('',#14570,#3344);
#2509=LINE('',#14572,#3345);
#2510=LINE('',#14573,#3346);
#2511=LINE('',#14577,#3347);
#2512=LINE('',#14583,#3348);
#2513=LINE('',#14584,#3349);
#2514=LINE('',#14585,#3350);
#2515=LINE('',#14589,#3351);
#2516=LINE('',#14595,#3352);
#2517=LINE('',#14596,#3353);
#2518=LINE('',#14597,#3354);
#2519=LINE('',#14601,#3355);
#2520=LINE('',#14607,#3356);
#2521=LINE('',#14608,#3357);
#2522=LINE('',#14609,#3358);
#2523=LINE('',#14615,#3359);
#2524=LINE('',#14618,#3360);
#2525=LINE('',#14621,#3361);
#2526=LINE('',#14622,#3362);
#2527=LINE('',#14625,#3363);
#2528=LINE('',#14629,#3364);
#2529=LINE('',#14630,#3365);
#2530=LINE('',#14634,#3366);
#2531=LINE('',#14638,#3367);
#2532=LINE('',#14639,#3368);
#2533=LINE('',#14642,#3369);
#2534=LINE('',#14645,#3370);
#2535=VECTOR('',#9528,10.);
#2536=VECTOR('',#9529,10.);
#2537=VECTOR('',#9530,10.);
#2538=VECTOR('',#9531,10.);
#2539=VECTOR('',#9534,10.);
#2540=VECTOR('',#9535,10.);
#2541=VECTOR('',#9536,10.);
#2542=VECTOR('',#9539,10.);
#2543=VECTOR('',#9540,10.);
#2544=VECTOR('',#9547,1.);
#2545=VECTOR('',#9550,10.);
#2546=VECTOR('',#9553,1.);
#2547=VECTOR('',#9556,10.);
#2548=VECTOR('',#9561,10.);
#2549=VECTOR('',#9562,1.);
#2550=VECTOR('',#9565,10.);
#2551=VECTOR('',#9566,10.);
#2552=VECTOR('',#9567,10.);
#2553=VECTOR('',#9568,10.);
#2554=VECTOR('',#9571,10.);
#2555=VECTOR('',#9576,10.);
#2556=VECTOR('',#9579,10.);
#2557=VECTOR('',#9582,10.);
#2558=VECTOR('',#9583,10.);
#2559=VECTOR('',#9584,10.);
#2560=VECTOR('',#9587,10.);
#2561=VECTOR('',#9590,10.);
#2562=VECTOR('',#9593,10.);
#2563=VECTOR('',#9598,10.);
#2564=VECTOR('',#9603,10.);
#2565=VECTOR('',#9604,10.);
#2566=VECTOR('',#9607,10.);
#2567=VECTOR('',#9610,10.);
#2568=VECTOR('',#9613,10.);
#2569=VECTOR('',#9616,10.);
#2570=VECTOR('',#9621,10.);
#2571=VECTOR('',#9624,10.);
#2572=VECTOR('',#9625,10.);
#2573=VECTOR('',#9628,10.);
#2574=VECTOR('',#9629,10.);
#2575=VECTOR('',#9632,10.);
#2576=VECTOR('',#9633,10.);
#2577=VECTOR('',#9636,10.);
#2578=VECTOR('',#9639,10.);
#2579=VECTOR('',#9640,10.);
#2580=VECTOR('',#9641,10.);
#2581=VECTOR('',#9642,10.);
#2582=VECTOR('',#9645,10.);
#2583=VECTOR('',#9646,10.);
#2584=VECTOR('',#9647,10.);
#2585=VECTOR('',#9648,10.);
#2586=VECTOR('',#9649,10.);
#2587=VECTOR('',#9652,10.);
#2588=VECTOR('',#9653,10.);
#2589=VECTOR('',#9654,10.);
#2590=VECTOR('',#9657,10.);
#2591=VECTOR('',#9660,10.);
#2592=VECTOR('',#9661,10.);
#2593=VECTOR('',#9662,10.);
#2594=VECTOR('',#9667,0.5);
#2595=VECTOR('',#9672,10.);
#2596=VECTOR('',#9673,10.);
#2597=VECTOR('',#9674,10.);
#2598=VECTOR('',#9675,10.);
#2599=VECTOR('',#9678,10.);
#2600=VECTOR('',#9679,10.);
#2601=VECTOR('',#9680,10.);
#2602=VECTOR('',#9683,10.);
#2603=VECTOR('',#9684,10.);
#2604=VECTOR('',#9685,10.);
#2605=VECTOR('',#9688,10.);
#2606=VECTOR('',#9691,10.);
#2607=VECTOR('',#9692,10.);
#2608=VECTOR('',#9693,10.);
#2609=VECTOR('',#9694,10.);
#2610=VECTOR('',#9697,10.);
#2611=VECTOR('',#9698,10.);
#2612=VECTOR('',#9699,10.);
#2613=VECTOR('',#9700,10.);
#2614=VECTOR('',#9703,10.);
#2615=VECTOR('',#9704,10.);
#2616=VECTOR('',#9705,10.);
#2617=VECTOR('',#9708,10.);
#2618=VECTOR('',#9709,10.);
#2619=VECTOR('',#9712,10.);
#2620=VECTOR('',#9715,10.);
#2621=VECTOR('',#9718,10.);
#2622=VECTOR('',#9719,10.);
#2623=VECTOR('',#9720,10.);
#2624=VECTOR('',#9723,10.);
#2625=VECTOR('',#9726,10.);
#2626=VECTOR('',#9727,10.);
#2627=VECTOR('',#9728,10.);
#2628=VECTOR('',#9729,10.);
#2629=VECTOR('',#9730,10.);
#2630=VECTOR('',#9731,10.);
#2631=VECTOR('',#9732,10.);
#2632=VECTOR('',#9733,10.);
#2633=VECTOR('',#9734,10.);
#2634=VECTOR('',#9737,10.);
#2635=VECTOR('',#9740,10.);
#2636=VECTOR('',#9741,10.);
#2637=VECTOR('',#9742,10.);
#2638=VECTOR('',#9745,10.);
#2639=VECTOR('',#9746,10.);
#2640=VECTOR('',#9747,10.);
#2641=VECTOR('',#9750,10.);
#2642=VECTOR('',#9753,10.);
#2643=VECTOR('',#9754,10.);
#2644=VECTOR('',#9755,10.);
#2645=VECTOR('',#9758,10.);
#2646=VECTOR('',#9761,10.);
#2647=VECTOR('',#9762,10.);
#2648=VECTOR('',#9765,10.);
#2649=VECTOR('',#9766,10.);
#2650=VECTOR('',#9767,10.);
#2651=VECTOR('',#9770,10.);
#2652=VECTOR('',#9771,10.);
#2653=VECTOR('',#9772,10.);
#2654=VECTOR('',#9775,10.);
#2655=VECTOR('',#9778,10.);
#2656=VECTOR('',#9779,10.);
#2657=VECTOR('',#9780,10.);
#2658=VECTOR('',#9783,10.);
#2659=VECTOR('',#9784,10.);
#2660=VECTOR('',#9785,10.);
#2661=VECTOR('',#9788,10.);
#2662=VECTOR('',#9791,10.);
#2663=VECTOR('',#9792,10.);
#2664=VECTOR('',#9795,10.);
#2665=VECTOR('',#9796,10.);
#2666=VECTOR('',#9799,10.);
#2667=VECTOR('',#9802,10.);
#2668=VECTOR('',#9805,10.);
#2669=VECTOR('',#9810,10.);
#2670=VECTOR('',#9819,10.);
#2671=VECTOR('',#9822,10.);
#2672=VECTOR('',#9825,10.);
#2673=VECTOR('',#9826,10.);
#2674=VECTOR('',#9827,10.);
#2675=VECTOR('',#9828,10.);
#2676=VECTOR('',#9831,10.);
#2677=VECTOR('',#9832,10.);
#2678=VECTOR('',#9833,10.);
#2679=VECTOR('',#9836,10.);
#2680=VECTOR('',#9837,10.);
#2681=VECTOR('',#9840,10.);
#2682=VECTOR('',#9841,10.);
#2683=VECTOR('',#9844,10.);
#2684=VECTOR('',#9855,5.);
#2685=VECTOR('',#9874,3.435);
#2686=VECTOR('',#9877,2.865);
#2687=VECTOR('',#9880,10.);
#2688=VECTOR('',#9883,10.);
#2689=VECTOR('',#9886,10.);
#2690=VECTOR('',#9895,10.);
#2691=VECTOR('',#9898,10.);
#2692=VECTOR('',#9901,10.);
#2693=VECTOR('',#9902,10.);
#2694=VECTOR('',#9903,10.);
#2695=VECTOR('',#9906,10.);
#2696=VECTOR('',#9909,10.);
#2697=VECTOR('',#9912,10.);
#2698=VECTOR('',#9915,10.);
#2699=VECTOR('',#9922,10.);
#2700=VECTOR('',#9923,10.);
#2701=VECTOR('',#9926,10.);
#2702=VECTOR('',#9927,10.);
#2703=VECTOR('',#9932,10.);
#2704=VECTOR('',#9935,10.);
#2705=VECTOR('',#9936,10.);
#2706=VECTOR('',#9941,10.);
#2707=VECTOR('',#9944,10.);
#2708=VECTOR('',#9945,10.);
#2709=VECTOR('',#9952,10.);
#2710=VECTOR('',#9959,1.175);
#2711=VECTOR('',#9966,10.);
#2712=VECTOR('',#9969,10.);
#2713=VECTOR('',#9972,10.);
#2714=VECTOR('',#9975,10.);
#2715=VECTOR('',#9978,10.);
#2716=VECTOR('',#9981,10.);
#2717=VECTOR('',#9984,10.);
#2718=VECTOR('',#9987,10.);
#2719=VECTOR('',#9990,10.);
#2720=VECTOR('',#9993,10.);
#2721=VECTOR('',#9996,10.);
#2722=VECTOR('',#9999,10.);
#2723=VECTOR('',#10002,1.225);
#2724=VECTOR('',#10009,10.);
#2725=VECTOR('',#10010,10.);
#2726=VECTOR('',#10013,10.);
#2727=VECTOR('',#10014,10.);
#2728=VECTOR('',#10017,10.);
#2729=VECTOR('',#10020,10.);
#2730=VECTOR('',#10023,10.);
#2731=VECTOR('',#10026,10.);
#2732=VECTOR('',#10031,10.);
#2733=VECTOR('',#10032,10.);
#2734=VECTOR('',#10037,10.);
#2735=VECTOR('',#10040,10.);
#2736=VECTOR('',#10043,10.);
#2737=VECTOR('',#10046,10.);
#2738=VECTOR('',#10049,10.);
#2739=VECTOR('',#10052,10.);
#2740=VECTOR('',#10055,10.);
#2741=VECTOR('',#10058,10.);
#2742=VECTOR('',#10061,10.);
#2743=VECTOR('',#10064,10.);
#2744=VECTOR('',#10067,10.);
#2745=VECTOR('',#10070,10.);
#2746=VECTOR('',#10071,10.);
#2747=VECTOR('',#10074,10.);
#2748=VECTOR('',#10077,10.);
#2749=VECTOR('',#10082,10.);
#2750=VECTOR('',#10085,10.);
#2751=VECTOR('',#10088,10.);
#2752=VECTOR('',#10091,10.);
#2753=VECTOR('',#10094,10.);
#2754=VECTOR('',#10097,10.);
#2755=VECTOR('',#10100,10.);
#2756=VECTOR('',#10101,10.);
#2757=VECTOR('',#10104,10.);
#2758=VECTOR('',#10109,10.);
#2759=VECTOR('',#10110,10.);
#2760=VECTOR('',#10121,1.175);
#2761=VECTOR('',#10128,10.);
#2762=VECTOR('',#10131,10.);
#2763=VECTOR('',#10134,10.);
#2764=VECTOR('',#10137,10.);
#2765=VECTOR('',#10140,10.);
#2766=VECTOR('',#10143,10.);
#2767=VECTOR('',#10146,10.);
#2768=VECTOR('',#10149,10.);
#2769=VECTOR('',#10152,10.);
#2770=VECTOR('',#10155,10.);
#2771=VECTOR('',#10158,10.);
#2772=VECTOR('',#10161,10.);
#2773=VECTOR('',#10164,1.225);
#2774=VECTOR('',#10171,10.);
#2775=VECTOR('',#10172,10.);
#2776=VECTOR('',#10175,10.);
#2777=VECTOR('',#10176,10.);
#2778=VECTOR('',#10179,10.);
#2779=VECTOR('',#10182,10.);
#2780=VECTOR('',#10185,10.);
#2781=VECTOR('',#10188,10.);
#2782=VECTOR('',#10193,10.);
#2783=VECTOR('',#10194,10.);
#2784=VECTOR('',#10199,10.);
#2785=VECTOR('',#10202,10.);
#2786=VECTOR('',#10205,10.);
#2787=VECTOR('',#10208,10.);
#2788=VECTOR('',#10211,10.);
#2789=VECTOR('',#10214,10.);
#2790=VECTOR('',#10217,10.);
#2791=VECTOR('',#10220,10.);
#2792=VECTOR('',#10223,10.);
#2793=VECTOR('',#10226,10.);
#2794=VECTOR('',#10229,10.);
#2795=VECTOR('',#10232,10.);
#2796=VECTOR('',#10233,10.);
#2797=VECTOR('',#10236,10.);
#2798=VECTOR('',#10239,10.);
#2799=VECTOR('',#10244,10.);
#2800=VECTOR('',#10247,10.);
#2801=VECTOR('',#10250,10.);
#2802=VECTOR('',#10253,10.);
#2803=VECTOR('',#10256,10.);
#2804=VECTOR('',#10259,10.);
#2805=VECTOR('',#10262,10.);
#2806=VECTOR('',#10263,10.);
#2807=VECTOR('',#10266,10.);
#2808=VECTOR('',#10271,10.);
#2809=VECTOR('',#10272,10.);
#2810=VECTOR('',#10283,1.175);
#2811=VECTOR('',#10290,10.);
#2812=VECTOR('',#10293,10.);
#2813=VECTOR('',#10296,10.);
#2814=VECTOR('',#10299,10.);
#2815=VECTOR('',#10302,10.);
#2816=VECTOR('',#10305,10.);
#2817=VECTOR('',#10308,10.);
#2818=VECTOR('',#10311,10.);
#2819=VECTOR('',#10314,10.);
#2820=VECTOR('',#10317,10.);
#2821=VECTOR('',#10320,10.);
#2822=VECTOR('',#10323,10.);
#2823=VECTOR('',#10326,1.225);
#2824=VECTOR('',#10333,10.);
#2825=VECTOR('',#10334,10.);
#2826=VECTOR('',#10337,10.);
#2827=VECTOR('',#10338,10.);
#2828=VECTOR('',#10341,10.);
#2829=VECTOR('',#10344,10.);
#2830=VECTOR('',#10347,10.);
#2831=VECTOR('',#10350,10.);
#2832=VECTOR('',#10355,10.);
#2833=VECTOR('',#10356,10.);
#2834=VECTOR('',#10361,10.);
#2835=VECTOR('',#10364,10.);
#2836=VECTOR('',#10367,10.);
#2837=VECTOR('',#10370,10.);
#2838=VECTOR('',#10373,10.);
#2839=VECTOR('',#10376,10.);
#2840=VECTOR('',#10379,10.);
#2841=VECTOR('',#10382,10.);
#2842=VECTOR('',#10385,10.);
#2843=VECTOR('',#10388,10.);
#2844=VECTOR('',#10391,10.);
#2845=VECTOR('',#10394,10.);
#2846=VECTOR('',#10395,10.);
#2847=VECTOR('',#10398,10.);
#2848=VECTOR('',#10401,10.);
#2849=VECTOR('',#10406,10.);
#2850=VECTOR('',#10409,10.);
#2851=VECTOR('',#10412,10.);
#2852=VECTOR('',#10415,10.);
#2853=VECTOR('',#10418,10.);
#2854=VECTOR('',#10421,10.);
#2855=VECTOR('',#10424,10.);
#2856=VECTOR('',#10425,10.);
#2857=VECTOR('',#10428,10.);
#2858=VECTOR('',#10433,10.);
#2859=VECTOR('',#10434,10.);
#2860=VECTOR('',#10445,1.175);
#2861=VECTOR('',#10452,10.);
#2862=VECTOR('',#10455,10.);
#2863=VECTOR('',#10458,10.);
#2864=VECTOR('',#10461,10.);
#2865=VECTOR('',#10464,10.);
#2866=VECTOR('',#10467,10.);
#2867=VECTOR('',#10470,10.);
#2868=VECTOR('',#10473,10.);
#2869=VECTOR('',#10476,10.);
#2870=VECTOR('',#10479,10.);
#2871=VECTOR('',#10482,10.);
#2872=VECTOR('',#10485,10.);
#2873=VECTOR('',#10488,1.225);
#2874=VECTOR('',#10495,10.);
#2875=VECTOR('',#10496,10.);
#2876=VECTOR('',#10499,10.);
#2877=VECTOR('',#10500,10.);
#2878=VECTOR('',#10503,10.);
#2879=VECTOR('',#10506,10.);
#2880=VECTOR('',#10509,10.);
#2881=VECTOR('',#10512,10.);
#2882=VECTOR('',#10517,10.);
#2883=VECTOR('',#10518,10.);
#2884=VECTOR('',#10523,10.);
#2885=VECTOR('',#10526,10.);
#2886=VECTOR('',#10529,10.);
#2887=VECTOR('',#10532,10.);
#2888=VECTOR('',#10535,10.);
#2889=VECTOR('',#10538,10.);
#2890=VECTOR('',#10541,10.);
#2891=VECTOR('',#10544,10.);
#2892=VECTOR('',#10547,10.);
#2893=VECTOR('',#10550,10.);
#2894=VECTOR('',#10553,10.);
#2895=VECTOR('',#10556,10.);
#2896=VECTOR('',#10557,10.);
#2897=VECTOR('',#10560,10.);
#2898=VECTOR('',#10563,10.);
#2899=VECTOR('',#10568,10.);
#2900=VECTOR('',#10571,10.);
#2901=VECTOR('',#10574,10.);
#2902=VECTOR('',#10577,10.);
#2903=VECTOR('',#10580,10.);
#2904=VECTOR('',#10583,10.);
#2905=VECTOR('',#10586,10.);
#2906=VECTOR('',#10587,10.);
#2907=VECTOR('',#10590,10.);
#2908=VECTOR('',#10595,10.);
#2909=VECTOR('',#10596,10.);
#2910=VECTOR('',#10607,1.175);
#2911=VECTOR('',#10614,10.);
#2912=VECTOR('',#10617,10.);
#2913=VECTOR('',#10620,10.);
#2914=VECTOR('',#10623,10.);
#2915=VECTOR('',#10626,10.);
#2916=VECTOR('',#10629,10.);
#2917=VECTOR('',#10632,10.);
#2918=VECTOR('',#10635,10.);
#2919=VECTOR('',#10638,10.);
#2920=VECTOR('',#10641,10.);
#2921=VECTOR('',#10644,10.);
#2922=VECTOR('',#10647,10.);
#2923=VECTOR('',#10650,1.225);
#2924=VECTOR('',#10657,10.);
#2925=VECTOR('',#10658,10.);
#2926=VECTOR('',#10661,10.);
#2927=VECTOR('',#10662,10.);
#2928=VECTOR('',#10665,10.);
#2929=VECTOR('',#10668,10.);
#2930=VECTOR('',#10671,10.);
#2931=VECTOR('',#10674,10.);
#2932=VECTOR('',#10679,10.);
#2933=VECTOR('',#10680,10.);
#2934=VECTOR('',#10685,10.);
#2935=VECTOR('',#10688,10.);
#2936=VECTOR('',#10691,10.);
#2937=VECTOR('',#10694,10.);
#2938=VECTOR('',#10697,10.);
#2939=VECTOR('',#10700,10.);
#2940=VECTOR('',#10703,10.);
#2941=VECTOR('',#10706,10.);
#2942=VECTOR('',#10709,10.);
#2943=VECTOR('',#10712,10.);
#2944=VECTOR('',#10715,10.);
#2945=VECTOR('',#10718,10.);
#2946=VECTOR('',#10719,10.);
#2947=VECTOR('',#10722,10.);
#2948=VECTOR('',#10725,10.);
#2949=VECTOR('',#10730,10.);
#2950=VECTOR('',#10733,10.);
#2951=VECTOR('',#10736,10.);
#2952=VECTOR('',#10739,10.);
#2953=VECTOR('',#10742,10.);
#2954=VECTOR('',#10745,10.);
#2955=VECTOR('',#10748,10.);
#2956=VECTOR('',#10749,10.);
#2957=VECTOR('',#10752,10.);
#2958=VECTOR('',#10757,10.);
#2959=VECTOR('',#10758,10.);
#2960=VECTOR('',#10769,1.175);
#2961=VECTOR('',#10776,10.);
#2962=VECTOR('',#10779,10.);
#2963=VECTOR('',#10782,10.);
#2964=VECTOR('',#10785,10.);
#2965=VECTOR('',#10788,10.);
#2966=VECTOR('',#10791,10.);
#2967=VECTOR('',#10794,10.);
#2968=VECTOR('',#10797,10.);
#2969=VECTOR('',#10800,10.);
#2970=VECTOR('',#10803,10.);
#2971=VECTOR('',#10806,10.);
#2972=VECTOR('',#10809,10.);
#2973=VECTOR('',#10812,1.225);
#2974=VECTOR('',#10819,10.);
#2975=VECTOR('',#10820,10.);
#2976=VECTOR('',#10823,10.);
#2977=VECTOR('',#10824,10.);
#2978=VECTOR('',#10827,10.);
#2979=VECTOR('',#10830,10.);
#2980=VECTOR('',#10833,10.);
#2981=VECTOR('',#10836,10.);
#2982=VECTOR('',#10841,10.);
#2983=VECTOR('',#10842,10.);
#2984=VECTOR('',#10847,10.);
#2985=VECTOR('',#10850,10.);
#2986=VECTOR('',#10853,10.);
#2987=VECTOR('',#10856,10.);
#2988=VECTOR('',#10859,10.);
#2989=VECTOR('',#10862,10.);
#2990=VECTOR('',#10865,10.);
#2991=VECTOR('',#10868,10.);
#2992=VECTOR('',#10871,10.);
#2993=VECTOR('',#10874,10.);
#2994=VECTOR('',#10877,10.);
#2995=VECTOR('',#10880,10.);
#2996=VECTOR('',#10881,10.);
#2997=VECTOR('',#10884,10.);
#2998=VECTOR('',#10887,10.);
#2999=VECTOR('',#10892,10.);
#3000=VECTOR('',#10895,10.);
#3001=VECTOR('',#10898,10.);
#3002=VECTOR('',#10901,10.);
#3003=VECTOR('',#10904,10.);
#3004=VECTOR('',#10907,10.);
#3005=VECTOR('',#10910,10.);
#3006=VECTOR('',#10911,10.);
#3007=VECTOR('',#10914,10.);
#3008=VECTOR('',#10919,10.);
#3009=VECTOR('',#10920,10.);
#3010=VECTOR('',#10931,1.175);
#3011=VECTOR('',#10938,10.);
#3012=VECTOR('',#10941,10.);
#3013=VECTOR('',#10944,10.);
#3014=VECTOR('',#10947,10.);
#3015=VECTOR('',#10950,10.);
#3016=VECTOR('',#10953,10.);
#3017=VECTOR('',#10956,10.);
#3018=VECTOR('',#10959,10.);
#3019=VECTOR('',#10962,10.);
#3020=VECTOR('',#10965,10.);
#3021=VECTOR('',#10968,10.);
#3022=VECTOR('',#10971,10.);
#3023=VECTOR('',#10974,1.225);
#3024=VECTOR('',#10981,10.);
#3025=VECTOR('',#10982,10.);
#3026=VECTOR('',#10985,10.);
#3027=VECTOR('',#10986,10.);
#3028=VECTOR('',#10989,10.);
#3029=VECTOR('',#10992,10.);
#3030=VECTOR('',#10995,10.);
#3031=VECTOR('',#10998,10.);
#3032=VECTOR('',#11003,10.);
#3033=VECTOR('',#11004,10.);
#3034=VECTOR('',#11009,10.);
#3035=VECTOR('',#11012,10.);
#3036=VECTOR('',#11015,10.);
#3037=VECTOR('',#11018,10.);
#3038=VECTOR('',#11021,10.);
#3039=VECTOR('',#11024,10.);
#3040=VECTOR('',#11027,10.);
#3041=VECTOR('',#11030,10.);
#3042=VECTOR('',#11033,10.);
#3043=VECTOR('',#11036,10.);
#3044=VECTOR('',#11039,10.);
#3045=VECTOR('',#11042,10.);
#3046=VECTOR('',#11043,10.);
#3047=VECTOR('',#11046,10.);
#3048=VECTOR('',#11049,10.);
#3049=VECTOR('',#11054,10.);
#3050=VECTOR('',#11057,10.);
#3051=VECTOR('',#11060,10.);
#3052=VECTOR('',#11063,10.);
#3053=VECTOR('',#11066,10.);
#3054=VECTOR('',#11069,10.);
#3055=VECTOR('',#11072,10.);
#3056=VECTOR('',#11073,10.);
#3057=VECTOR('',#11076,10.);
#3058=VECTOR('',#11081,10.);
#3059=VECTOR('',#11082,10.);
#3060=VECTOR('',#11093,1.175);
#3061=VECTOR('',#11100,10.);
#3062=VECTOR('',#11103,10.);
#3063=VECTOR('',#11106,10.);
#3064=VECTOR('',#11109,10.);
#3065=VECTOR('',#11112,10.);
#3066=VECTOR('',#11115,10.);
#3067=VECTOR('',#11118,10.);
#3068=VECTOR('',#11121,10.);
#3069=VECTOR('',#11124,10.);
#3070=VECTOR('',#11127,10.);
#3071=VECTOR('',#11130,10.);
#3072=VECTOR('',#11133,10.);
#3073=VECTOR('',#11136,1.225);
#3074=VECTOR('',#11143,10.);
#3075=VECTOR('',#11144,10.);
#3076=VECTOR('',#11147,10.);
#3077=VECTOR('',#11148,10.);
#3078=VECTOR('',#11151,10.);
#3079=VECTOR('',#11154,10.);
#3080=VECTOR('',#11157,10.);
#3081=VECTOR('',#11160,10.);
#3082=VECTOR('',#11165,10.);
#3083=VECTOR('',#11166,10.);
#3084=VECTOR('',#11171,10.);
#3085=VECTOR('',#11174,10.);
#3086=VECTOR('',#11177,10.);
#3087=VECTOR('',#11180,10.);
#3088=VECTOR('',#11183,10.);
#3089=VECTOR('',#11186,10.);
#3090=VECTOR('',#11189,10.);
#3091=VECTOR('',#11192,10.);
#3092=VECTOR('',#11195,10.);
#3093=VECTOR('',#11198,10.);
#3094=VECTOR('',#11201,10.);
#3095=VECTOR('',#11204,10.);
#3096=VECTOR('',#11205,10.);
#3097=VECTOR('',#11208,10.);
#3098=VECTOR('',#11211,10.);
#3099=VECTOR('',#11216,10.);
#3100=VECTOR('',#11219,10.);
#3101=VECTOR('',#11222,10.);
#3102=VECTOR('',#11225,10.);
#3103=VECTOR('',#11228,10.);
#3104=VECTOR('',#11231,10.);
#3105=VECTOR('',#11234,10.);
#3106=VECTOR('',#11235,10.);
#3107=VECTOR('',#11238,10.);
#3108=VECTOR('',#11243,10.);
#3109=VECTOR('',#11244,10.);
#3110=VECTOR('',#11253,10.);
#3111=VECTOR('',#11256,10.);
#3112=VECTOR('',#11259,10.);
#3113=VECTOR('',#11262,10.);
#3114=VECTOR('',#11267,10.);
#3115=VECTOR('',#11268,10.);
#3116=VECTOR('',#11269,10.);
#3117=VECTOR('',#11272,10.);
#3118=VECTOR('',#11277,10.);
#3119=VECTOR('',#11278,10.);
#3120=VECTOR('',#11281,10.);
#3121=VECTOR('',#11286,10.);
#3122=VECTOR('',#11287,10.);
#3123=VECTOR('',#11288,10.);
#3124=VECTOR('',#11295,10.);
#3125=VECTOR('',#11296,10.);
#3126=VECTOR('',#11301,0.9);
#3127=VECTOR('',#11308,10.);
#3128=VECTOR('',#11311,10.);
#3129=VECTOR('',#11312,10.);
#3130=VECTOR('',#11313,10.);
#3131=VECTOR('',#11320,10.);
#3132=VECTOR('',#11325,10.);
#3133=VECTOR('',#11326,10.);
#3134=VECTOR('',#11329,10.);
#3135=VECTOR('',#11330,10.);
#3136=VECTOR('',#11331,10.);
#3137=VECTOR('',#11340,10.);
#3138=VECTOR('',#11341,10.);
#3139=VECTOR('',#11342,10.);
#3140=VECTOR('',#11343,10.);
#3141=VECTOR('',#11344,10.);
#3142=VECTOR('',#11347,10.);
#3143=VECTOR('',#11350,10.);
#3144=VECTOR('',#11353,10.);
#3145=VECTOR('',#11356,10.);
#3146=VECTOR('',#11359,10.);
#3147=VECTOR('',#11360,10.);
#3148=VECTOR('',#11363,10.);
#3149=VECTOR('',#11386,0.9);
#3150=VECTOR('',#11395,10.);
#3151=VECTOR('',#11396,10.);
#3152=VECTOR('',#11397,10.);
#3153=VECTOR('',#11402,10.);
#3154=VECTOR('',#11407,10.);
#3155=VECTOR('',#11408,10.);
#3156=VECTOR('',#11411,10.);
#3157=VECTOR('',#11412,10.);
#3158=VECTOR('',#11413,10.);
#3159=VECTOR('',#11420,10.);
#3160=VECTOR('',#11425,0.9);
#3161=VECTOR('',#11432,10.);
#3162=VECTOR('',#11435,10.);
#3163=VECTOR('',#11436,10.);
#3164=VECTOR('',#11437,10.);
#3165=VECTOR('',#11444,10.);
#3166=VECTOR('',#11453,10.);
#3167=VECTOR('',#11456,10.);
#3168=VECTOR('',#11457,10.);
#3169=VECTOR('',#11460,10.);
#3170=VECTOR('',#11461,10.);
#3171=VECTOR('',#11464,10.);
#3172=VECTOR('',#11467,10.);
#3173=VECTOR('',#11470,10.);
#3174=VECTOR('',#11471,10.);
#3175=VECTOR('',#11472,10.);
#3176=VECTOR('',#11473,10.);
#3177=VECTOR('',#11474,10.);
#3178=VECTOR('',#11475,10.);
#3179=VECTOR('',#11478,10.);
#3180=VECTOR('',#11479,10.);
#3181=VECTOR('',#11486,0.9);
#3182=VECTOR('',#11495,10.);
#3183=VECTOR('',#11496,10.);
#3184=VECTOR('',#11497,10.);
#3185=VECTOR('',#11502,10.);
#3186=VECTOR('',#11507,10.);
#3187=VECTOR('',#11510,10.);
#3188=VECTOR('',#11513,10.);
#3189=VECTOR('',#11514,10.);
#3190=VECTOR('',#11517,10.);
#3191=VECTOR('',#11520,10.);
#3192=VECTOR('',#11521,10.);
#3193=VECTOR('',#11524,10.);
#3194=VECTOR('',#11531,0.9);
#3195=VECTOR('',#11540,0.9);
#3196=VECTOR('',#11547,10.);
#3197=VECTOR('',#11550,10.);
#3198=VECTOR('',#11551,10.);
#3199=VECTOR('',#11552,10.);
#3200=VECTOR('',#11559,10.);
#3201=VECTOR('',#11564,10.);
#3202=VECTOR('',#11565,10.);
#3203=VECTOR('',#11568,10.);
#3204=VECTOR('',#11569,10.);
#3205=VECTOR('',#11570,10.);
#3206=VECTOR('',#11579,10.);
#3207=VECTOR('',#11582,10.);
#3208=VECTOR('',#11583,10.);
#3209=VECTOR('',#11584,10.);
#3210=VECTOR('',#11591,10.);
#3211=VECTOR('',#11596,10.);
#3212=VECTOR('',#11597,10.);
#3213=VECTOR('',#11600,10.);
#3214=VECTOR('',#11601,10.);
#3215=VECTOR('',#11608,10.);
#3216=VECTOR('',#11609,10.);
#3217=VECTOR('',#11610,10.);
#3218=VECTOR('',#11611,10.);
#3219=VECTOR('',#11612,10.);
#3220=VECTOR('',#11613,10.);
#3221=VECTOR('',#11616,10.);
#3222=VECTOR('',#11619,10.);
#3223=VECTOR('',#11620,10.);
#3224=VECTOR('',#11623,10.);
#3225=VECTOR('',#11628,10.);
#3226=VECTOR('',#11631,10.);
#3227=VECTOR('',#11632,10.);
#3228=VECTOR('',#11635,10.);
#3229=VECTOR('',#11640,0.9);
#3230=VECTOR('',#11649,0.9);
#3231=VECTOR('',#11656,10.);
#3232=VECTOR('',#11659,10.);
#3233=VECTOR('',#11660,10.);
#3234=VECTOR('',#11661,10.);
#3235=VECTOR('',#11668,10.);
#3236=VECTOR('',#11675,10.);
#3237=VECTOR('',#11678,10.);
#3238=VECTOR('',#11679,10.);
#3239=VECTOR('',#11682,10.);
#3240=VECTOR('',#11685,10.);
#3241=VECTOR('',#11688,10.);
#3242=VECTOR('',#11689,10.);
#3243=VECTOR('',#11690,10.);
#3244=VECTOR('',#11697,10.);
#3245=VECTOR('',#11704,10.);
#3246=VECTOR('',#11707,10.);
#3247=VECTOR('',#11710,10.);
#3248=VECTOR('',#11711,10.);
#3249=VECTOR('',#11714,10.);
#3250=VECTOR('',#11717,10.);
#3251=VECTOR('',#11718,10.);
#3252=VECTOR('',#11721,10.);
#3253=VECTOR('',#11722,10.);
#3254=VECTOR('',#11723,10.);
#3255=VECTOR('',#11728,10.);
#3256=VECTOR('',#11729,10.);
#3257=VECTOR('',#11732,10.);
#3258=VECTOR('',#11735,10.);
#3259=VECTOR('',#11738,10.);
#3260=VECTOR('',#11741,10.);
#3261=VECTOR('',#11744,10.);
#3262=VECTOR('',#11745,10.);
#3263=VECTOR('',#11746,10.);
#3264=VECTOR('',#11747,10.);
#3265=VECTOR('',#11748,10.);
#3266=VECTOR('',#11749,10.);
#3267=VECTOR('',#11752,10.);
#3268=VECTOR('',#11755,10.);
#3269=VECTOR('',#11758,10.);
#3270=VECTOR('',#11759,10.);
#3271=VECTOR('',#11760,10.);
#3272=VECTOR('',#11761,10.);
#3273=VECTOR('',#11766,10.);
#3274=VECTOR('',#11769,10.);
#3275=VECTOR('',#11772,10.);
#3276=VECTOR('',#11777,10.);
#3277=VECTOR('',#11780,10.);
#3278=VECTOR('',#11785,10.);
#3279=VECTOR('',#11786,10.);
#3280=VECTOR('',#11787,10.);
#3281=VECTOR('',#11802,0.349999999999999);
#3282=VECTOR('',#11809,0.349999999999999);
#3283=VECTOR('',#11816,0.349999999999999);
#3284=VECTOR('',#11823,0.349999999999999);
#3285=VECTOR('',#11830,0.349999999999999);
#3286=VECTOR('',#11837,0.349999999999999);
#3287=VECTOR('',#11844,0.349999999999999);
#3288=VECTOR('',#11851,0.349999999999999);
#3289=VECTOR('',#11858,10.);
#3290=VECTOR('',#11859,10.);
#3291=VECTOR('',#11860,10.);
#3292=VECTOR('',#11863,10.);
#3293=VECTOR('',#11864,10.);
#3294=VECTOR('',#11867,10.);
#3295=VECTOR('',#11868,10.);
#3296=VECTOR('',#11871,10.);
#3297=VECTOR('',#11872,10.);
#3298=VECTOR('',#11875,10.);
#3299=VECTOR('',#11878,10.);
#3300=VECTOR('',#11879,10.);
#3301=VECTOR('',#11882,10.);
#3302=VECTOR('',#11899,11.5);
#3303=VECTOR('',#11906,6.2);
#3304=VECTOR('',#11909,10.);
#3305=VECTOR('',#11912,10.);
#3306=VECTOR('',#11915,10.);
#3307=VECTOR('',#11932,10.);
#3308=VECTOR('',#11935,10.);
#3309=VECTOR('',#11938,10.);
#3310=VECTOR('',#11939,10.);
#3311=VECTOR('',#11942,10.);
#3312=VECTOR('',#11947,10.);
#3313=VECTOR('',#11948,10.);
#3314=VECTOR('',#11951,10.);
#3315=VECTOR('',#11956,10.);
#3316=VECTOR('',#11957,10.);
#3317=VECTOR('',#11960,10.);
#3318=VECTOR('',#11965,10.);
#3319=VECTOR('',#11974,10.);
#3320=VECTOR('',#11975,10.);
#3321=VECTOR('',#11976,10.);
#3322=VECTOR('',#11977,10.);
#3323=VECTOR('',#11980,10.);
#3324=VECTOR('',#11981,10.);
#3325=VECTOR('',#11982,10.);
#3326=VECTOR('',#11985,10.);
#3327=VECTOR('',#11986,10.);
#3328=VECTOR('',#11987,10.);
#3329=VECTOR('',#11990,10.);
#3330=VECTOR('',#11991,10.);
#3331=VECTOR('',#11992,10.);
#3332=VECTOR('',#11995,10.);
#3333=VECTOR('',#11996,10.);
#3334=VECTOR('',#11997,10.);
#3335=VECTOR('',#12000,10.);
#3336=VECTOR('',#12001,10.);
#3337=VECTOR('',#12002,10.);
#3338=VECTOR('',#12005,10.);
#3339=VECTOR('',#12006,10.);
#3340=VECTOR('',#12007,10.);
#3341=VECTOR('',#12010,10.);
#3342=VECTOR('',#12011,10.);
#3343=VECTOR('',#12018,10.);
#3344=VECTOR('',#12019,10.);
#3345=VECTOR('',#12020,10.);
#3346=VECTOR('',#12021,10.);
#3347=VECTOR('',#12024,10.);
#3348=VECTOR('',#12031,10.);
#3349=VECTOR('',#12032,10.);
#3350=VECTOR('',#12033,10.);
#3351=VECTOR('',#12036,10.);
#3352=VECTOR('',#12043,10.);
#3353=VECTOR('',#12044,10.);
#3354=VECTOR('',#12045,10.);
#3355=VECTOR('',#12048,10.);
#3356=VECTOR('',#12055,10.);
#3357=VECTOR('',#12056,10.);
#3358=VECTOR('',#12057,10.);
#3359=VECTOR('',#12066,10.);
#3360=VECTOR('',#12069,10.);
#3361=VECTOR('',#12072,10.);
#3362=VECTOR('',#12073,10.);
#3363=VECTOR('',#12076,10.);
#3364=VECTOR('',#12081,10.);
#3365=VECTOR('',#12082,10.);
#3366=VECTOR('',#12087,10.);
#3367=VECTOR('',#12092,10.);
#3368=VECTOR('',#12093,10.);
#3369=VECTOR('',#12096,10.);
#3370=VECTOR('',#12101,10.);
#3371=VERTEX_POINT('',#12106);
#3372=VERTEX_POINT('',#12107);
#3373=VERTEX_POINT('',#12109);
#3374=VERTEX_POINT('',#12111);
#3375=VERTEX_POINT('',#12115);
#3376=VERTEX_POINT('',#12117);
#3377=VERTEX_POINT('',#12125);
#3378=VERTEX_POINT('',#12126);
#3379=VERTEX_POINT('',#12128);
#3380=VERTEX_POINT('',#12130);
#3381=VERTEX_POINT('',#12134);
#3382=VERTEX_POINT('',#12136);
#3383=VERTEX_POINT('',#12140);
#3384=VERTEX_POINT('',#12141);
#3385=VERTEX_POINT('',#12146);
#3386=VERTEX_POINT('',#12148);
#3387=VERTEX_POINT('',#12150);
#3388=VERTEX_POINT('',#12156);
#3389=VERTEX_POINT('',#12157);
#3390=VERTEX_POINT('',#12159);
#3391=VERTEX_POINT('',#12161);
#3392=VERTEX_POINT('',#12165);
#3393=VERTEX_POINT('',#12167);
#3394=VERTEX_POINT('',#12171);
#3395=VERTEX_POINT('',#12173);
#3396=VERTEX_POINT('',#12175);
#3397=VERTEX_POINT('',#12177);
#3398=VERTEX_POINT('',#12179);
#3399=VERTEX_POINT('',#12183);
#3400=VERTEX_POINT('',#12187);
#3401=VERTEX_POINT('',#12191);
#3402=VERTEX_POINT('',#12193);
#3403=VERTEX_POINT('',#12199);
#3404=VERTEX_POINT('',#12205);
#3405=VERTEX_POINT('',#12209);
#3406=VERTEX_POINT('',#12213);
#3407=VERTEX_POINT('',#12219);
#3408=VERTEX_POINT('',#12220);
#3409=VERTEX_POINT('',#12222);
#3410=VERTEX_POINT('',#12224);
#3411=VERTEX_POINT('',#12228);
#3412=VERTEX_POINT('',#12229);
#3413=VERTEX_POINT('',#12231);
#3414=VERTEX_POINT('',#12233);
#3415=VERTEX_POINT('',#12238);
#3416=VERTEX_POINT('',#12240);
#3417=VERTEX_POINT('',#12246);
#3418=VERTEX_POINT('',#12248);
#3419=VERTEX_POINT('',#12252);
#3420=VERTEX_POINT('',#12254);
#3421=VERTEX_POINT('',#12258);
#3422=VERTEX_POINT('',#12260);
#3423=VERTEX_POINT('',#12262);
#3424=VERTEX_POINT('',#12266);
#3425=VERTEX_POINT('',#12268);
#3426=VERTEX_POINT('',#12272);
#3427=VERTEX_POINT('',#12274);
#3428=VERTEX_POINT('',#12280);
#3429=VERTEX_POINT('',#12282);
#3430=VERTEX_POINT('',#12284);
#3431=VERTEX_POINT('',#12288);
#3432=VERTEX_POINT('',#12289);
#3433=VERTEX_POINT('',#12291);
#3434=VERTEX_POINT('',#12293);
#3435=VERTEX_POINT('',#12297);
#3436=VERTEX_POINT('',#12298);
#3437=VERTEX_POINT('',#12310);
#3438=VERTEX_POINT('',#12312);
#3439=VERTEX_POINT('',#12314);
#3440=VERTEX_POINT('',#12316);
#3441=VERTEX_POINT('',#12318);
#3442=VERTEX_POINT('',#12320);
#3443=VERTEX_POINT('',#12322);
#3444=VERTEX_POINT('',#12324);
#3445=VERTEX_POINT('',#12326);
#3446=VERTEX_POINT('',#12328);
#3447=VERTEX_POINT('',#12330);
#3448=VERTEX_POINT('',#12332);
#3449=VERTEX_POINT('',#12334);
#3450=VERTEX_POINT('',#12336);
#3451=VERTEX_POINT('',#12338);
#3452=VERTEX_POINT('',#12340);
#3453=VERTEX_POINT('',#12342);
#3454=VERTEX_POINT('',#12344);
#3455=VERTEX_POINT('',#12346);
#3456=VERTEX_POINT('',#12348);
#3457=VERTEX_POINT('',#12352);
#3458=VERTEX_POINT('',#12354);
#3459=VERTEX_POINT('',#12360);
#3460=VERTEX_POINT('',#12362);
#3461=VERTEX_POINT('',#12368);
#3462=VERTEX_POINT('',#12372);
#3463=VERTEX_POINT('',#12374);
#3464=VERTEX_POINT('',#12378);
#3465=VERTEX_POINT('',#12380);
#3466=VERTEX_POINT('',#12386);
#3467=VERTEX_POINT('',#12388);
#3468=VERTEX_POINT('',#12392);
#3469=VERTEX_POINT('',#12394);
#3470=VERTEX_POINT('',#12400);
#3471=VERTEX_POINT('',#12404);
#3472=VERTEX_POINT('',#12410);
#3473=VERTEX_POINT('',#12412);
#3474=VERTEX_POINT('',#12414);
#3475=VERTEX_POINT('',#12417);
#3476=VERTEX_POINT('',#12419);
#3477=VERTEX_POINT('',#12423);
#3478=VERTEX_POINT('',#12430);
#3479=VERTEX_POINT('',#12431);
#3480=VERTEX_POINT('',#12433);
#3481=VERTEX_POINT('',#12435);
#3482=VERTEX_POINT('',#12439);
#3483=VERTEX_POINT('',#12440);
#3484=VERTEX_POINT('',#12445);
#3485=VERTEX_POINT('',#12449);
#3486=VERTEX_POINT('',#12455);
#3487=VERTEX_POINT('',#12457);
#3488=VERTEX_POINT('',#12460);
#3489=VERTEX_POINT('',#12464);
#3490=VERTEX_POINT('',#12468);
#3491=VERTEX_POINT('',#12471);
#3492=VERTEX_POINT('',#12473);
#3493=VERTEX_POINT('',#12488);
#3494=VERTEX_POINT('',#12489);
#3495=VERTEX_POINT('',#12491);
#3496=VERTEX_POINT('',#12493);
#3497=VERTEX_POINT('',#12497);
#3498=VERTEX_POINT('',#12499);
#3499=VERTEX_POINT('',#12503);
#3500=VERTEX_POINT('',#12505);
#3501=VERTEX_POINT('',#12507);
#3502=VERTEX_POINT('',#12509);
#3503=VERTEX_POINT('',#12511);
#3504=VERTEX_POINT('',#12513);
#3505=VERTEX_POINT('',#12515);
#3506=VERTEX_POINT('',#12519);
#3507=VERTEX_POINT('',#12520);
#3508=VERTEX_POINT('',#12525);
#3509=VERTEX_POINT('',#12529);
#3510=VERTEX_POINT('',#12533);
#3511=VERTEX_POINT('',#12537);
#3512=VERTEX_POINT('',#12541);
#3513=VERTEX_POINT('',#12550);
#3514=VERTEX_POINT('',#12552);
#3515=VERTEX_POINT('',#12556);
#3516=VERTEX_POINT('',#12557);
#3517=VERTEX_POINT('',#12559);
#3518=VERTEX_POINT('',#12561);
#3519=VERTEX_POINT('',#12563);
#3520=VERTEX_POINT('',#12565);
#3521=VERTEX_POINT('',#12567);
#3522=VERTEX_POINT('',#12569);
#3523=VERTEX_POINT('',#12571);
#3524=VERTEX_POINT('',#12573);
#3525=VERTEX_POINT('',#12575);
#3526=VERTEX_POINT('',#12577);
#3527=VERTEX_POINT('',#12579);
#3528=VERTEX_POINT('',#12581);
#3529=VERTEX_POINT('',#12583);
#3530=VERTEX_POINT('',#12585);
#3531=VERTEX_POINT('',#12587);
#3532=VERTEX_POINT('',#12589);
#3533=VERTEX_POINT('',#12591);
#3534=VERTEX_POINT('',#12593);
#3535=VERTEX_POINT('',#12595);
#3536=VERTEX_POINT('',#12597);
#3537=VERTEX_POINT('',#12599);
#3538=VERTEX_POINT('',#12601);
#3539=VERTEX_POINT('',#12605);
#3540=VERTEX_POINT('',#12609);
#3541=VERTEX_POINT('',#12610);
#3542=VERTEX_POINT('',#12615);
#3543=VERTEX_POINT('',#12619);
#3544=VERTEX_POINT('',#12621);
#3545=VERTEX_POINT('',#12627);
#3546=VERTEX_POINT('',#12631);
#3547=VERTEX_POINT('',#12635);
#3548=VERTEX_POINT('',#12639);
#3549=VERTEX_POINT('',#12641);
#3550=VERTEX_POINT('',#12643);
#3551=VERTEX_POINT('',#12645);
#3552=VERTEX_POINT('',#12647);
#3553=VERTEX_POINT('',#12649);
#3554=VERTEX_POINT('',#12651);
#3555=VERTEX_POINT('',#12653);
#3556=VERTEX_POINT('',#12655);
#3557=VERTEX_POINT('',#12657);
#3558=VERTEX_POINT('',#12659);
#3559=VERTEX_POINT('',#12661);
#3560=VERTEX_POINT('',#12663);
#3561=VERTEX_POINT('',#12665);
#3562=VERTEX_POINT('',#12667);
#3563=VERTEX_POINT('',#12669);
#3564=VERTEX_POINT('',#12707);
#3565=VERTEX_POINT('',#12709);
#3566=VERTEX_POINT('',#12713);
#3567=VERTEX_POINT('',#12714);
#3568=VERTEX_POINT('',#12716);
#3569=VERTEX_POINT('',#12718);
#3570=VERTEX_POINT('',#12720);
#3571=VERTEX_POINT('',#12722);
#3572=VERTEX_POINT('',#12724);
#3573=VERTEX_POINT('',#12726);
#3574=VERTEX_POINT('',#12728);
#3575=VERTEX_POINT('',#12730);
#3576=VERTEX_POINT('',#12732);
#3577=VERTEX_POINT('',#12734);
#3578=VERTEX_POINT('',#12736);
#3579=VERTEX_POINT('',#12738);
#3580=VERTEX_POINT('',#12740);
#3581=VERTEX_POINT('',#12742);
#3582=VERTEX_POINT('',#12744);
#3583=VERTEX_POINT('',#12746);
#3584=VERTEX_POINT('',#12748);
#3585=VERTEX_POINT('',#12750);
#3586=VERTEX_POINT('',#12752);
#3587=VERTEX_POINT('',#12754);
#3588=VERTEX_POINT('',#12756);
#3589=VERTEX_POINT('',#12758);
#3590=VERTEX_POINT('',#12762);
#3591=VERTEX_POINT('',#12766);
#3592=VERTEX_POINT('',#12767);
#3593=VERTEX_POINT('',#12772);
#3594=VERTEX_POINT('',#12776);
#3595=VERTEX_POINT('',#12778);
#3596=VERTEX_POINT('',#12784);
#3597=VERTEX_POINT('',#12788);
#3598=VERTEX_POINT('',#12792);
#3599=VERTEX_POINT('',#12796);
#3600=VERTEX_POINT('',#12798);
#3601=VERTEX_POINT('',#12800);
#3602=VERTEX_POINT('',#12802);
#3603=VERTEX_POINT('',#12804);
#3604=VERTEX_POINT('',#12806);
#3605=VERTEX_POINT('',#12808);
#3606=VERTEX_POINT('',#12810);
#3607=VERTEX_POINT('',#12812);
#3608=VERTEX_POINT('',#12814);
#3609=VERTEX_POINT('',#12816);
#3610=VERTEX_POINT('',#12818);
#3611=VERTEX_POINT('',#12820);
#3612=VERTEX_POINT('',#12822);
#3613=VERTEX_POINT('',#12824);
#3614=VERTEX_POINT('',#12826);
#3615=VERTEX_POINT('',#12864);
#3616=VERTEX_POINT('',#12866);
#3617=VERTEX_POINT('',#12870);
#3618=VERTEX_POINT('',#12871);
#3619=VERTEX_POINT('',#12873);
#3620=VERTEX_POINT('',#12875);
#3621=VERTEX_POINT('',#12877);
#3622=VERTEX_POINT('',#12879);
#3623=VERTEX_POINT('',#12881);
#3624=VERTEX_POINT('',#12883);
#3625=VERTEX_POINT('',#12885);
#3626=VERTEX_POINT('',#12887);
#3627=VERTEX_POINT('',#12889);
#3628=VERTEX_POINT('',#12891);
#3629=VERTEX_POINT('',#12893);
#3630=VERTEX_POINT('',#12895);
#3631=VERTEX_POINT('',#12897);
#3632=VERTEX_POINT('',#12899);
#3633=VERTEX_POINT('',#12901);
#3634=VERTEX_POINT('',#12903);
#3635=VERTEX_POINT('',#12905);
#3636=VERTEX_POINT('',#12907);
#3637=VERTEX_POINT('',#12909);
#3638=VERTEX_POINT('',#12911);
#3639=VERTEX_POINT('',#12913);
#3640=VERTEX_POINT('',#12915);
#3641=VERTEX_POINT('',#12919);
#3642=VERTEX_POINT('',#12923);
#3643=VERTEX_POINT('',#12924);
#3644=VERTEX_POINT('',#12929);
#3645=VERTEX_POINT('',#12933);
#3646=VERTEX_POINT('',#12935);
#3647=VERTEX_POINT('',#12941);
#3648=VERTEX_POINT('',#12945);
#3649=VERTEX_POINT('',#12949);
#3650=VERTEX_POINT('',#12953);
#3651=VERTEX_POINT('',#12955);
#3652=VERTEX_POINT('',#12957);
#3653=VERTEX_POINT('',#12959);
#3654=VERTEX_POINT('',#12961);
#3655=VERTEX_POINT('',#12963);
#3656=VERTEX_POINT('',#12965);
#3657=VERTEX_POINT('',#12967);
#3658=VERTEX_POINT('',#12969);
#3659=VERTEX_POINT('',#12971);
#3660=VERTEX_POINT('',#12973);
#3661=VERTEX_POINT('',#12975);
#3662=VERTEX_POINT('',#12977);
#3663=VERTEX_POINT('',#12979);
#3664=VERTEX_POINT('',#12981);
#3665=VERTEX_POINT('',#12983);
#3666=VERTEX_POINT('',#13021);
#3667=VERTEX_POINT('',#13023);
#3668=VERTEX_POINT('',#13027);
#3669=VERTEX_POINT('',#13028);
#3670=VERTEX_POINT('',#13030);
#3671=VERTEX_POINT('',#13032);
#3672=VERTEX_POINT('',#13034);
#3673=VERTEX_POINT('',#13036);
#3674=VERTEX_POINT('',#13038);
#3675=VERTEX_POINT('',#13040);
#3676=VERTEX_POINT('',#13042);
#3677=VERTEX_POINT('',#13044);
#3678=VERTEX_POINT('',#13046);
#3679=VERTEX_POINT('',#13048);
#3680=VERTEX_POINT('',#13050);
#3681=VERTEX_POINT('',#13052);
#3682=VERTEX_POINT('',#13054);
#3683=VERTEX_POINT('',#13056);
#3684=VERTEX_POINT('',#13058);
#3685=VERTEX_POINT('',#13060);
#3686=VERTEX_POINT('',#13062);
#3687=VERTEX_POINT('',#13064);
#3688=VERTEX_POINT('',#13066);
#3689=VERTEX_POINT('',#13068);
#3690=VERTEX_POINT('',#13070);
#3691=VERTEX_POINT('',#13072);
#3692=VERTEX_POINT('',#13076);
#3693=VERTEX_POINT('',#13080);
#3694=VERTEX_POINT('',#13081);
#3695=VERTEX_POINT('',#13086);
#3696=VERTEX_POINT('',#13090);
#3697=VERTEX_POINT('',#13092);
#3698=VERTEX_POINT('',#13098);
#3699=VERTEX_POINT('',#13102);
#3700=VERTEX_POINT('',#13106);
#3701=VERTEX_POINT('',#13110);
#3702=VERTEX_POINT('',#13112);
#3703=VERTEX_POINT('',#13114);
#3704=VERTEX_POINT('',#13116);
#3705=VERTEX_POINT('',#13118);
#3706=VERTEX_POINT('',#13120);
#3707=VERTEX_POINT('',#13122);
#3708=VERTEX_POINT('',#13124);
#3709=VERTEX_POINT('',#13126);
#3710=VERTEX_POINT('',#13128);
#3711=VERTEX_POINT('',#13130);
#3712=VERTEX_POINT('',#13132);
#3713=VERTEX_POINT('',#13134);
#3714=VERTEX_POINT('',#13136);
#3715=VERTEX_POINT('',#13138);
#3716=VERTEX_POINT('',#13140);
#3717=VERTEX_POINT('',#13178);
#3718=VERTEX_POINT('',#13180);
#3719=VERTEX_POINT('',#13184);
#3720=VERTEX_POINT('',#13185);
#3721=VERTEX_POINT('',#13187);
#3722=VERTEX_POINT('',#13189);
#3723=VERTEX_POINT('',#13191);
#3724=VERTEX_POINT('',#13193);
#3725=VERTEX_POINT('',#13195);
#3726=VERTEX_POINT('',#13197);
#3727=VERTEX_POINT('',#13199);
#3728=VERTEX_POINT('',#13201);
#3729=VERTEX_POINT('',#13203);
#3730=VERTEX_POINT('',#13205);
#3731=VERTEX_POINT('',#13207);
#3732=VERTEX_POINT('',#13209);
#3733=VERTEX_POINT('',#13211);
#3734=VERTEX_POINT('',#13213);
#3735=VERTEX_POINT('',#13215);
#3736=VERTEX_POINT('',#13217);
#3737=VERTEX_POINT('',#13219);
#3738=VERTEX_POINT('',#13221);
#3739=VERTEX_POINT('',#13223);
#3740=VERTEX_POINT('',#13225);
#3741=VERTEX_POINT('',#13227);
#3742=VERTEX_POINT('',#13229);
#3743=VERTEX_POINT('',#13233);
#3744=VERTEX_POINT('',#13237);
#3745=VERTEX_POINT('',#13238);
#3746=VERTEX_POINT('',#13243);
#3747=VERTEX_POINT('',#13247);
#3748=VERTEX_POINT('',#13249);
#3749=VERTEX_POINT('',#13255);
#3750=VERTEX_POINT('',#13259);
#3751=VERTEX_POINT('',#13263);
#3752=VERTEX_POINT('',#13267);
#3753=VERTEX_POINT('',#13269);
#3754=VERTEX_POINT('',#13271);
#3755=VERTEX_POINT('',#13273);
#3756=VERTEX_POINT('',#13275);
#3757=VERTEX_POINT('',#13277);
#3758=VERTEX_POINT('',#13279);
#3759=VERTEX_POINT('',#13281);
#3760=VERTEX_POINT('',#13283);
#3761=VERTEX_POINT('',#13285);
#3762=VERTEX_POINT('',#13287);
#3763=VERTEX_POINT('',#13289);
#3764=VERTEX_POINT('',#13291);
#3765=VERTEX_POINT('',#13293);
#3766=VERTEX_POINT('',#13295);
#3767=VERTEX_POINT('',#13297);
#3768=VERTEX_POINT('',#13335);
#3769=VERTEX_POINT('',#13337);
#3770=VERTEX_POINT('',#13341);
#3771=VERTEX_POINT('',#13342);
#3772=VERTEX_POINT('',#13344);
#3773=VERTEX_POINT('',#13346);
#3774=VERTEX_POINT('',#13348);
#3775=VERTEX_POINT('',#13350);
#3776=VERTEX_POINT('',#13352);
#3777=VERTEX_POINT('',#13354);
#3778=VERTEX_POINT('',#13356);
#3779=VERTEX_POINT('',#13358);
#3780=VERTEX_POINT('',#13360);
#3781=VERTEX_POINT('',#13362);
#3782=VERTEX_POINT('',#13364);
#3783=VERTEX_POINT('',#13366);
#3784=VERTEX_POINT('',#13368);
#3785=VERTEX_POINT('',#13370);
#3786=VERTEX_POINT('',#13372);
#3787=VERTEX_POINT('',#13374);
#3788=VERTEX_POINT('',#13376);
#3789=VERTEX_POINT('',#13378);
#3790=VERTEX_POINT('',#13380);
#3791=VERTEX_POINT('',#13382);
#3792=VERTEX_POINT('',#13384);
#3793=VERTEX_POINT('',#13386);
#3794=VERTEX_POINT('',#13390);
#3795=VERTEX_POINT('',#13394);
#3796=VERTEX_POINT('',#13395);
#3797=VERTEX_POINT('',#13400);
#3798=VERTEX_POINT('',#13404);
#3799=VERTEX_POINT('',#13406);
#3800=VERTEX_POINT('',#13412);
#3801=VERTEX_POINT('',#13416);
#3802=VERTEX_POINT('',#13420);
#3803=VERTEX_POINT('',#13424);
#3804=VERTEX_POINT('',#13426);
#3805=VERTEX_POINT('',#13428);
#3806=VERTEX_POINT('',#13430);
#3807=VERTEX_POINT('',#13432);
#3808=VERTEX_POINT('',#13434);
#3809=VERTEX_POINT('',#13436);
#3810=VERTEX_POINT('',#13438);
#3811=VERTEX_POINT('',#13440);
#3812=VERTEX_POINT('',#13442);
#3813=VERTEX_POINT('',#13444);
#3814=VERTEX_POINT('',#13446);
#3815=VERTEX_POINT('',#13448);
#3816=VERTEX_POINT('',#13450);
#3817=VERTEX_POINT('',#13452);
#3818=VERTEX_POINT('',#13454);
#3819=VERTEX_POINT('',#13492);
#3820=VERTEX_POINT('',#13494);
#3821=VERTEX_POINT('',#13498);
#3822=VERTEX_POINT('',#13499);
#3823=VERTEX_POINT('',#13501);
#3824=VERTEX_POINT('',#13503);
#3825=VERTEX_POINT('',#13505);
#3826=VERTEX_POINT('',#13507);
#3827=VERTEX_POINT('',#13509);
#3828=VERTEX_POINT('',#13511);
#3829=VERTEX_POINT('',#13513);
#3830=VERTEX_POINT('',#13515);
#3831=VERTEX_POINT('',#13517);
#3832=VERTEX_POINT('',#13519);
#3833=VERTEX_POINT('',#13521);
#3834=VERTEX_POINT('',#13523);
#3835=VERTEX_POINT('',#13525);
#3836=VERTEX_POINT('',#13527);
#3837=VERTEX_POINT('',#13529);
#3838=VERTEX_POINT('',#13531);
#3839=VERTEX_POINT('',#13533);
#3840=VERTEX_POINT('',#13535);
#3841=VERTEX_POINT('',#13537);
#3842=VERTEX_POINT('',#13539);
#3843=VERTEX_POINT('',#13541);
#3844=VERTEX_POINT('',#13543);
#3845=VERTEX_POINT('',#13547);
#3846=VERTEX_POINT('',#13551);
#3847=VERTEX_POINT('',#13552);
#3848=VERTEX_POINT('',#13557);
#3849=VERTEX_POINT('',#13561);
#3850=VERTEX_POINT('',#13563);
#3851=VERTEX_POINT('',#13569);
#3852=VERTEX_POINT('',#13573);
#3853=VERTEX_POINT('',#13577);
#3854=VERTEX_POINT('',#13581);
#3855=VERTEX_POINT('',#13583);
#3856=VERTEX_POINT('',#13585);
#3857=VERTEX_POINT('',#13587);
#3858=VERTEX_POINT('',#13589);
#3859=VERTEX_POINT('',#13591);
#3860=VERTEX_POINT('',#13593);
#3861=VERTEX_POINT('',#13595);
#3862=VERTEX_POINT('',#13597);
#3863=VERTEX_POINT('',#13599);
#3864=VERTEX_POINT('',#13601);
#3865=VERTEX_POINT('',#13603);
#3866=VERTEX_POINT('',#13605);
#3867=VERTEX_POINT('',#13607);
#3868=VERTEX_POINT('',#13609);
#3869=VERTEX_POINT('',#13611);
#3870=VERTEX_POINT('',#13649);
#3871=VERTEX_POINT('',#13651);
#3872=VERTEX_POINT('',#13655);
#3873=VERTEX_POINT('',#13656);
#3874=VERTEX_POINT('',#13658);
#3875=VERTEX_POINT('',#13660);
#3876=VERTEX_POINT('',#13662);
#3877=VERTEX_POINT('',#13664);
#3878=VERTEX_POINT('',#13666);
#3879=VERTEX_POINT('',#13668);
#3880=VERTEX_POINT('',#13670);
#3881=VERTEX_POINT('',#13672);
#3882=VERTEX_POINT('',#13674);
#3883=VERTEX_POINT('',#13676);
#3884=VERTEX_POINT('',#13678);
#3885=VERTEX_POINT('',#13680);
#3886=VERTEX_POINT('',#13682);
#3887=VERTEX_POINT('',#13684);
#3888=VERTEX_POINT('',#13686);
#3889=VERTEX_POINT('',#13688);
#3890=VERTEX_POINT('',#13690);
#3891=VERTEX_POINT('',#13692);
#3892=VERTEX_POINT('',#13694);
#3893=VERTEX_POINT('',#13696);
#3894=VERTEX_POINT('',#13698);
#3895=VERTEX_POINT('',#13700);
#3896=VERTEX_POINT('',#13704);
#3897=VERTEX_POINT('',#13708);
#3898=VERTEX_POINT('',#13709);
#3899=VERTEX_POINT('',#13714);
#3900=VERTEX_POINT('',#13718);
#3901=VERTEX_POINT('',#13720);
#3902=VERTEX_POINT('',#13726);
#3903=VERTEX_POINT('',#13730);
#3904=VERTEX_POINT('',#13734);
#3905=VERTEX_POINT('',#13738);
#3906=VERTEX_POINT('',#13740);
#3907=VERTEX_POINT('',#13742);
#3908=VERTEX_POINT('',#13744);
#3909=VERTEX_POINT('',#13746);
#3910=VERTEX_POINT('',#13748);
#3911=VERTEX_POINT('',#13750);
#3912=VERTEX_POINT('',#13752);
#3913=VERTEX_POINT('',#13754);
#3914=VERTEX_POINT('',#13756);
#3915=VERTEX_POINT('',#13758);
#3916=VERTEX_POINT('',#13760);
#3917=VERTEX_POINT('',#13762);
#3918=VERTEX_POINT('',#13764);
#3919=VERTEX_POINT('',#13766);
#3920=VERTEX_POINT('',#13768);
#3921=VERTEX_POINT('',#13806);
#3922=VERTEX_POINT('',#13807);
#3923=VERTEX_POINT('',#13809);
#3924=VERTEX_POINT('',#13811);
#3925=VERTEX_POINT('',#13813);
#3926=VERTEX_POINT('',#13815);
#3927=VERTEX_POINT('',#13817);
#3928=VERTEX_POINT('',#13819);
#3929=VERTEX_POINT('',#13823);
#3930=VERTEX_POINT('',#13825);
#3931=VERTEX_POINT('',#13829);
#3932=VERTEX_POINT('',#13833);
#3933=VERTEX_POINT('',#13837);
#3934=VERTEX_POINT('',#13841);
#3935=VERTEX_POINT('',#13843);
#3936=VERTEX_POINT('',#13849);
#3937=VERTEX_POINT('',#13853);
#3938=VERTEX_POINT('',#13855);
#3939=VERTEX_POINT('',#13860);
#3940=VERTEX_POINT('',#13861);
#3941=VERTEX_POINT('',#13863);
#3942=VERTEX_POINT('',#13865);
#3943=VERTEX_POINT('',#13867);
#3944=VERTEX_POINT('',#13869);
#3945=VERTEX_POINT('',#13873);
#3946=VERTEX_POINT('',#13875);
#3947=VERTEX_POINT('',#13879);
#3948=VERTEX_POINT('',#13883);
#3949=VERTEX_POINT('',#13884);
#3950=VERTEX_POINT('',#13889);
#3951=VERTEX_POINT('',#13893);
#3952=VERTEX_POINT('',#13895);
#3953=VERTEX_POINT('',#13897);
#3954=VERTEX_POINT('',#13899);
#3955=VERTEX_POINT('',#13901);
#3956=VERTEX_POINT('',#13903);
#3957=VERTEX_POINT('',#13905);
#3958=VERTEX_POINT('',#13907);
#3959=VERTEX_POINT('',#13911);
#3960=VERTEX_POINT('',#13913);
#3961=VERTEX_POINT('',#13915);
#3962=VERTEX_POINT('',#13917);
#3963=VERTEX_POINT('',#13919);
#3964=VERTEX_POINT('',#13921);
#3965=VERTEX_POINT('',#13923);
#3966=VERTEX_POINT('',#13925);
#3967=VERTEX_POINT('',#13928);
#3968=VERTEX_POINT('',#13930);
#3969=VERTEX_POINT('',#13932);
#3970=VERTEX_POINT('',#13934);
#3971=VERTEX_POINT('',#13936);
#3972=VERTEX_POINT('',#13938);
#3973=VERTEX_POINT('',#13940);
#3974=VERTEX_POINT('',#13942);
#3975=VERTEX_POINT('',#13945);
#3976=VERTEX_POINT('',#13947);
#3977=VERTEX_POINT('',#13952);
#3978=VERTEX_POINT('',#13954);
#3979=VERTEX_POINT('',#13956);
#3980=VERTEX_POINT('',#13958);
#3981=VERTEX_POINT('',#13962);
#3982=VERTEX_POINT('',#13966);
#3983=VERTEX_POINT('',#13970);
#3984=VERTEX_POINT('',#13971);
#3985=VERTEX_POINT('',#13980);
#3986=VERTEX_POINT('',#13982);
#3987=VERTEX_POINT('',#13987);
#3988=VERTEX_POINT('',#13988);
#3989=VERTEX_POINT('',#13990);
#3990=VERTEX_POINT('',#13992);
#3991=VERTEX_POINT('',#13994);
#3992=VERTEX_POINT('',#13996);
#3993=VERTEX_POINT('',#14000);
#3994=VERTEX_POINT('',#14002);
#3995=VERTEX_POINT('',#14006);
#3996=VERTEX_POINT('',#14008);
#3997=VERTEX_POINT('',#14012);
#3998=VERTEX_POINT('',#14016);
#3999=VERTEX_POINT('',#14020);
#4000=VERTEX_POINT('',#14022);
#4001=VERTEX_POINT('',#14024);
#4002=VERTEX_POINT('',#14026);
#4003=VERTEX_POINT('',#14028);
#4004=VERTEX_POINT('',#14030);
#4005=VERTEX_POINT('',#14032);
#4006=VERTEX_POINT('',#14034);
#4007=VERTEX_POINT('',#14036);
#4008=VERTEX_POINT('',#14040);
#4009=VERTEX_POINT('',#14042);
#4010=VERTEX_POINT('',#14046);
#4011=VERTEX_POINT('',#14048);
#4012=VERTEX_POINT('',#14053);
#4013=VERTEX_POINT('',#14055);
#4014=VERTEX_POINT('',#14057);
#4015=VERTEX_POINT('',#14059);
#4016=VERTEX_POINT('',#14063);
#4017=VERTEX_POINT('',#14071);
#4018=VERTEX_POINT('',#14075);
#4019=VERTEX_POINT('',#14077);
#4020=VERTEX_POINT('',#14079);
#4021=VERTEX_POINT('',#14081);
#4022=VERTEX_POINT('',#14083);
#4023=VERTEX_POINT('',#14085);
#4024=VERTEX_POINT('',#14089);
#4025=VERTEX_POINT('',#14091);
#4026=VERTEX_POINT('',#14096);
#4027=VERTEX_POINT('',#14098);
#4028=VERTEX_POINT('',#14103);
#4029=VERTEX_POINT('',#14104);
#4030=VERTEX_POINT('',#14106);
#4031=VERTEX_POINT('',#14108);
#4032=VERTEX_POINT('',#14110);
#4033=VERTEX_POINT('',#14112);
#4034=VERTEX_POINT('',#14116);
#4035=VERTEX_POINT('',#14118);
#4036=VERTEX_POINT('',#14122);
#4037=VERTEX_POINT('',#14126);
#4038=VERTEX_POINT('',#14127);
#4039=VERTEX_POINT('',#14132);
#4040=VERTEX_POINT('',#14136);
#4041=VERTEX_POINT('',#14137);
#4042=VERTEX_POINT('',#14139);
#4043=VERTEX_POINT('',#14141);
#4044=VERTEX_POINT('',#14143);
#4045=VERTEX_POINT('',#14145);
#4046=VERTEX_POINT('',#14149);
#4047=VERTEX_POINT('',#14151);
#4048=VERTEX_POINT('',#14155);
#4049=VERTEX_POINT('',#14164);
#4050=VERTEX_POINT('',#14166);
#4051=VERTEX_POINT('',#14168);
#4052=VERTEX_POINT('',#14170);
#4053=VERTEX_POINT('',#14175);
#4054=VERTEX_POINT('',#14177);
#4055=VERTEX_POINT('',#14180);
#4056=VERTEX_POINT('',#14182);
#4057=VERTEX_POINT('',#14186);
#4058=VERTEX_POINT('',#14188);
#4059=VERTEX_POINT('',#14190);
#4060=VERTEX_POINT('',#14192);
#4061=VERTEX_POINT('',#14194);
#4062=VERTEX_POINT('',#14196);
#4063=VERTEX_POINT('',#14200);
#4064=VERTEX_POINT('',#14202);
#4065=VERTEX_POINT('',#14207);
#4066=VERTEX_POINT('',#14209);
#4067=VERTEX_POINT('',#14214);
#4068=VERTEX_POINT('',#14215);
#4069=VERTEX_POINT('',#14217);
#4070=VERTEX_POINT('',#14219);
#4071=VERTEX_POINT('',#14221);
#4072=VERTEX_POINT('',#14223);
#4073=VERTEX_POINT('',#14230);
#4074=VERTEX_POINT('',#14232);
#4075=VERTEX_POINT('',#14236);
#4076=VERTEX_POINT('',#14242);
#4077=VERTEX_POINT('',#14243);
#4078=VERTEX_POINT('',#14245);
#4079=VERTEX_POINT('',#14247);
#4080=VERTEX_POINT('',#14249);
#4081=VERTEX_POINT('',#14251);
#4082=VERTEX_POINT('',#14255);
#4083=VERTEX_POINT('',#14257);
#4084=VERTEX_POINT('',#14266);
#4085=VERTEX_POINT('',#14275);
#4086=VERTEX_POINT('',#14277);
#4087=VERTEX_POINT('',#14281);
#4088=VERTEX_POINT('',#14282);
#4089=VERTEX_POINT('',#14287);
#4090=VERTEX_POINT('',#14289);
#4091=VERTEX_POINT('',#14291);
#4092=VERTEX_POINT('',#14293);
#4093=VERTEX_POINT('',#14295);
#4094=VERTEX_POINT('',#14297);
#4095=VERTEX_POINT('',#14299);
#4096=VERTEX_POINT('',#14301);
#4097=VERTEX_POINT('',#14304);
#4098=VERTEX_POINT('',#14305);
#4099=VERTEX_POINT('',#14307);
#4100=VERTEX_POINT('',#14309);
#4101=VERTEX_POINT('',#14311);
#4102=VERTEX_POINT('',#14319);
#4103=VERTEX_POINT('',#14320);
#4104=VERTEX_POINT('',#14322);
#4105=VERTEX_POINT('',#14324);
#4106=VERTEX_POINT('',#14329);
#4107=VERTEX_POINT('',#14331);
#4108=VERTEX_POINT('',#14334);
#4109=VERTEX_POINT('',#14336);
#4110=VERTEX_POINT('',#14345);
#4111=VERTEX_POINT('',#14347);
#4112=VERTEX_POINT('',#14357);
#4113=VERTEX_POINT('',#14362);
#4114=VERTEX_POINT('',#14367);
#4115=VERTEX_POINT('',#14372);
#4116=VERTEX_POINT('',#14377);
#4117=VERTEX_POINT('',#14382);
#4118=VERTEX_POINT('',#14387);
#4119=VERTEX_POINT('',#14392);
#4120=VERTEX_POINT('',#14397);
#4121=VERTEX_POINT('',#14399);
#4122=VERTEX_POINT('',#14403);
#4123=VERTEX_POINT('',#14407);
#4124=VERTEX_POINT('',#14411);
#4125=VERTEX_POINT('',#14449);
#4126=VERTEX_POINT('',#14450);
#4127=VERTEX_POINT('',#14452);
#4128=VERTEX_POINT('',#14456);
#4129=VERTEX_POINT('',#14458);
#4130=VERTEX_POINT('',#14461);
#4131=VERTEX_POINT('',#14481);
#4132=VERTEX_POINT('',#14483);
#4133=VERTEX_POINT('',#14487);
#4134=VERTEX_POINT('',#14491);
#4135=VERTEX_POINT('',#14495);
#4136=VERTEX_POINT('',#14499);
#4137=VERTEX_POINT('',#14503);
#4138=VERTEX_POINT('',#14507);
#4139=VERTEX_POINT('',#14516);
#4140=VERTEX_POINT('',#14517);
#4141=VERTEX_POINT('',#14519);
#4142=VERTEX_POINT('',#14521);
#4143=VERTEX_POINT('',#14525);
#4144=VERTEX_POINT('',#14527);
#4145=VERTEX_POINT('',#14531);
#4146=VERTEX_POINT('',#14533);
#4147=VERTEX_POINT('',#14537);
#4148=VERTEX_POINT('',#14539);
#4149=VERTEX_POINT('',#14543);
#4150=VERTEX_POINT('',#14545);
#4151=VERTEX_POINT('',#14549);
#4152=VERTEX_POINT('',#14551);
#4153=VERTEX_POINT('',#14555);
#4154=VERTEX_POINT('',#14557);
#4155=VERTEX_POINT('',#14566);
#4156=VERTEX_POINT('',#14567);
#4157=VERTEX_POINT('',#14569);
#4158=VERTEX_POINT('',#14571);
#4159=VERTEX_POINT('',#14575);
#4160=VERTEX_POINT('',#14576);
#4161=VERTEX_POINT('',#14581);
#4162=VERTEX_POINT('',#14582);
#4163=VERTEX_POINT('',#14587);
#4164=VERTEX_POINT('',#14588);
#4165=VERTEX_POINT('',#14593);
#4166=VERTEX_POINT('',#14594);
#4167=VERTEX_POINT('',#14599);
#4168=VERTEX_POINT('',#14600);
#4169=VERTEX_POINT('',#14605);
#4170=VERTEX_POINT('',#14606);
#4171=VERTEX_POINT('',#14614);
#4172=VERTEX_POINT('',#14616);
#4173=VERTEX_POINT('',#14620);
#4174=VERTEX_POINT('',#14624);
#4175=VERTEX_POINT('',#14628);
#4176=VERTEX_POINT('',#14633);
#4177=VERTEX_POINT('',#14637);
#4178=VERTEX_POINT('',#14641);
#4179=EDGE_CURVE('',#3371,#3372,#1699,.T.);
#4180=EDGE_CURVE('',#3371,#3373,#1700,.T.);
#4181=EDGE_CURVE('',#3373,#3374,#1701,.T.);
#4182=EDGE_CURVE('',#3372,#3374,#1702,.T.);
#4183=EDGE_CURVE('',#3375,#3371,#1703,.T.);
#4184=EDGE_CURVE('',#3375,#3376,#1704,.T.);
#4185=EDGE_CURVE('',#3376,#3373,#1705,.T.);
#4186=EDGE_CURVE('',#3372,#3375,#1706,.T.);
#4187=EDGE_CURVE('',#3374,#3376,#1707,.T.);
#4188=EDGE_CURVE('',#3377,#3378,#100,.T.);
#4189=EDGE_CURVE('',#3378,#3379,#1708,.T.);
#4190=EDGE_CURVE('',#3379,#3380,#82,.T.);
#4191=EDGE_CURVE('',#3377,#3380,#1709,.T.);
#4192=EDGE_CURVE('',#3379,#3381,#1710,.T.);
#4193=EDGE_CURVE('',#3381,#3382,#83,.T.);
#4194=EDGE_CURVE('',#3380,#3382,#1711,.T.);
#4195=EDGE_CURVE('',#3383,#3384,#101,.F.);
#4196=EDGE_CURVE('',#3382,#3383,#1712,.T.);
#4197=EDGE_CURVE('',#3381,#3384,#1713,.T.);
#4198=EDGE_CURVE('',#3383,#3385,#1714,.T.);
#4199=EDGE_CURVE('',#3385,#3386,#1715,.T.);
#4200=EDGE_CURVE('',#3387,#3386,#1716,.T.);
#4201=EDGE_CURVE('',#3383,#3387,#1717,.T.);
#4202=EDGE_CURVE('',#3378,#3384,#1718,.T.);
#4203=EDGE_CURVE('',#3388,#3389,#102,.T.);
#4204=EDGE_CURVE('',#3389,#3390,#1719,.T.);
#4205=EDGE_CURVE('',#3390,#3391,#103,.F.);
#4206=EDGE_CURVE('',#3391,#3388,#1720,.T.);
#4207=EDGE_CURVE('',#3392,#3389,#1721,.T.);
#4208=EDGE_CURVE('',#3393,#3392,#1722,.T.);
#4209=EDGE_CURVE('',#3390,#3393,#1723,.T.);
#4210=EDGE_CURVE('',#3388,#3394,#1724,.T.);
#4211=EDGE_CURVE('',#3395,#3394,#104,.T.);
#4212=EDGE_CURVE('',#3395,#3396,#1725,.T.);
#4213=EDGE_CURVE('',#3397,#3396,#105,.T.);
#4214=EDGE_CURVE('',#3397,#3398,#1726,.T.);
#4215=EDGE_CURVE('',#3392,#3398,#106,.T.);
#4216=EDGE_CURVE('',#3398,#3399,#1727,.T.);
#4217=EDGE_CURVE('',#3399,#3393,#107,.F.);
#4218=EDGE_CURVE('',#3400,#3397,#1728,.T.);
#4219=EDGE_CURVE('',#3399,#3400,#1729,.T.);
#4220=EDGE_CURVE('',#3394,#3401,#1730,.T.);
#4221=EDGE_CURVE('',#3401,#3402,#108,.F.);
#4222=EDGE_CURVE('',#3402,#3395,#1731,.T.);
#4223=EDGE_CURVE('',#3401,#3391,#1732,.T.);
#4224=EDGE_CURVE('',#3396,#3403,#1733,.T.);
#4225=EDGE_CURVE('',#3403,#3400,#109,.F.);
#4226=EDGE_CURVE('',#3403,#3402,#1734,.T.);
#4227=EDGE_CURVE('',#3385,#3404,#1735,.T.);
#4228=EDGE_CURVE('',#3404,#3377,#1736,.T.);
#4229=EDGE_CURVE('',#3405,#3404,#1737,.T.);
#4230=EDGE_CURVE('',#3386,#3405,#1738,.T.);
#4231=EDGE_CURVE('',#3387,#3406,#1739,.T.);
#4232=EDGE_CURVE('',#3406,#3405,#1740,.T.);
#4233=EDGE_CURVE('',#3406,#3377,#1741,.T.);
#4234=EDGE_CURVE('',#3407,#3408,#1742,.T.);
#4235=EDGE_CURVE('',#3407,#3409,#1743,.T.);
#4236=EDGE_CURVE('',#3410,#3409,#1744,.T.);
#4237=EDGE_CURVE('',#3408,#3410,#1745,.T.);
#4238=EDGE_CURVE('',#3411,#3412,#1746,.T.);
#4239=EDGE_CURVE('',#3413,#3411,#1747,.T.);
#4240=EDGE_CURVE('',#3413,#3414,#1748,.T.);
#4241=EDGE_CURVE('',#3409,#3414,#1749,.T.);
#4242=EDGE_CURVE('',#3412,#3407,#1750,.T.);
#4243=EDGE_CURVE('',#3415,#3413,#1751,.T.);
#4244=EDGE_CURVE('',#3415,#3416,#1752,.T.);
#4245=EDGE_CURVE('',#3414,#3416,#1753,.T.);
#4246=EDGE_CURVE('',#3416,#3410,#1754,.T.);
#4247=EDGE_CURVE('',#3411,#3417,#1755,.T.);
#4248=EDGE_CURVE('',#3417,#3418,#1756,.T.);
#4249=EDGE_CURVE('',#3413,#3418,#1757,.T.);
#4250=EDGE_CURVE('',#3419,#3419,#110,.T.);
#4251=EDGE_CURVE('',#3419,#3420,#1758,.T.);
#4252=EDGE_CURVE('',#3420,#3420,#111,.T.);
#4253=EDGE_CURVE('',#3418,#3421,#1759,.T.);
#4254=EDGE_CURVE('',#3422,#3418,#1760,.T.);
#4255=EDGE_CURVE('',#3423,#3422,#1761,.T.);
#4256=EDGE_CURVE('',#3423,#3421,#1762,.T.);
#4257=EDGE_CURVE('',#3424,#3422,#1763,.T.);
#4258=EDGE_CURVE('',#3425,#3417,#1764,.T.);
#4259=EDGE_CURVE('',#3424,#3425,#1765,.T.);
#4260=EDGE_CURVE('',#3426,#3424,#1766,.T.);
#4261=EDGE_CURVE('',#3427,#3425,#1767,.T.);
#4262=EDGE_CURVE('',#3426,#3427,#1768,.T.);
#4263=EDGE_CURVE('',#3426,#3423,#1769,.T.);
#4264=EDGE_CURVE('',#3428,#3412,#1770,.T.);
#4265=EDGE_CURVE('',#3428,#3429,#1771,.T.);
#4266=EDGE_CURVE('',#3429,#3430,#1772,.T.);
#4267=EDGE_CURVE('',#3427,#3430,#1773,.T.);
#4268=EDGE_CURVE('',#3431,#3432,#1774,.T.);
#4269=EDGE_CURVE('',#3433,#3431,#1775,.T.);
#4270=EDGE_CURVE('',#3434,#3433,#1776,.T.);
#4271=EDGE_CURVE('',#3434,#3432,#1777,.T.);
#4272=EDGE_CURVE('',#3435,#3436,#1778,.T.);
#4273=EDGE_CURVE('',#3435,#3430,#1779,.T.);
#4274=EDGE_CURVE('',#3436,#3429,#1780,.T.);
#4275=EDGE_CURVE('',#3436,#3434,#1781,.T.);
#4276=EDGE_CURVE('',#3432,#3428,#1782,.T.);
#4277=EDGE_CURVE('',#3433,#3435,#1783,.T.);
#4278=EDGE_CURVE('',#3432,#3407,#1784,.T.);
#4279=EDGE_CURVE('',#3431,#3437,#1785,.T.);
#4280=EDGE_CURVE('',#3437,#3438,#1786,.T.);
#4281=EDGE_CURVE('',#3438,#3439,#1787,.T.);
#4282=EDGE_CURVE('',#3439,#3440,#112,.T.);
#4283=EDGE_CURVE('',#3440,#3441,#1788,.T.);
#4284=EDGE_CURVE('',#3441,#3442,#113,.T.);
#4285=EDGE_CURVE('',#3442,#3443,#1789,.T.);
#4286=EDGE_CURVE('',#3443,#3444,#1790,.T.);
#4287=EDGE_CURVE('',#3444,#3445,#1791,.T.);
#4288=EDGE_CURVE('',#3445,#3446,#1792,.T.);
#4289=EDGE_CURVE('',#3446,#3447,#1793,.T.);
#4290=EDGE_CURVE('',#3447,#3448,#1794,.T.);
#4291=EDGE_CURVE('',#3448,#3449,#1795,.T.);
#4292=EDGE_CURVE('',#3449,#3450,#1796,.T.);
#4293=EDGE_CURVE('',#3450,#3451,#1797,.T.);
#4294=EDGE_CURVE('',#3451,#3452,#114,.T.);
#4295=EDGE_CURVE('',#3452,#3453,#1798,.T.);
#4296=EDGE_CURVE('',#3453,#3454,#115,.T.);
#4297=EDGE_CURVE('',#3454,#3455,#1799,.T.);
#4298=EDGE_CURVE('',#3455,#3456,#1800,.T.);
#4299=EDGE_CURVE('',#3456,#3421,#1801,.T.);
#4300=EDGE_CURVE('',#3457,#3455,#1802,.T.);
#4301=EDGE_CURVE('',#3458,#3457,#1803,.T.);
#4302=EDGE_CURVE('',#3456,#3458,#1804,.T.);
#4303=EDGE_CURVE('',#3415,#3458,#1805,.T.);
#4304=EDGE_CURVE('',#3438,#3459,#1806,.T.);
#4305=EDGE_CURVE('',#3460,#3437,#1807,.T.);
#4306=EDGE_CURVE('',#3459,#3460,#1808,.T.);
#4307=EDGE_CURVE('',#3460,#3408,#1809,.T.);
#4308=EDGE_CURVE('',#3459,#3461,#1810,.T.);
#4309=EDGE_CURVE('',#3439,#3461,#1811,.T.);
#4310=EDGE_CURVE('',#3446,#3462,#1812,.T.);
#4311=EDGE_CURVE('',#3445,#3463,#1813,.T.);
#4312=EDGE_CURVE('',#3462,#3463,#1814,.T.);
#4313=EDGE_CURVE('',#3464,#3443,#1815,.T.);
#4314=EDGE_CURVE('',#3465,#3464,#1816,.T.);
#4315=EDGE_CURVE('',#3465,#3444,#1817,.T.);
#4316=EDGE_CURVE('',#3463,#3465,#1818,.T.);
#4317=EDGE_CURVE('',#3450,#3466,#1819,.T.);
#4318=EDGE_CURVE('',#3449,#3467,#1820,.T.);
#4319=EDGE_CURVE('',#3466,#3467,#1821,.T.);
#4320=EDGE_CURVE('',#3468,#3447,#1822,.T.);
#4321=EDGE_CURVE('',#3469,#3468,#1823,.T.);
#4322=EDGE_CURVE('',#3469,#3448,#1824,.T.);
#4323=EDGE_CURVE('',#3467,#3469,#1825,.T.);
#4324=EDGE_CURVE('',#3466,#3470,#1826,.T.);
#4325=EDGE_CURVE('',#3451,#3470,#1827,.T.);
#4326=EDGE_CURVE('',#3442,#3471,#1828,.T.);
#4327=EDGE_CURVE('',#3471,#3464,#1829,.T.);
#4328=EDGE_CURVE('',#3462,#3468,#1830,.T.);
#4329=EDGE_CURVE('',#3472,#3457,#1831,.T.);
#4330=EDGE_CURVE('',#3473,#3472,#116,.T.);
#4331=EDGE_CURVE('',#3474,#3473,#1832,.T.);
#4332=EDGE_CURVE('',#3470,#3474,#117,.T.);
#4333=EDGE_CURVE('',#3475,#3471,#118,.T.);
#4334=EDGE_CURVE('',#3476,#3475,#1833,.T.);
#4335=EDGE_CURVE('',#3461,#3476,#119,.T.);
#4336=EDGE_CURVE('',#3477,#3477,#120,.T.);
#4337=EDGE_CURVE('',#3440,#3476,#1834,.T.);
#4338=EDGE_CURVE('',#3454,#3472,#1835,.T.);
#4339=EDGE_CURVE('',#3478,#3479,#1836,.T.);
#4340=EDGE_CURVE('',#3480,#3478,#1837,.T.);
#4341=EDGE_CURVE('',#3481,#3480,#1838,.T.);
#4342=EDGE_CURVE('',#3479,#3481,#1839,.T.);
#4343=EDGE_CURVE('',#3482,#3483,#1840,.T.);
#4344=EDGE_CURVE('',#3482,#3478,#1841,.T.);
#4345=EDGE_CURVE('',#3483,#3479,#1842,.T.);
#4346=EDGE_CURVE('',#3483,#3484,#1843,.T.);
#4347=EDGE_CURVE('',#3484,#3481,#1844,.T.);
#4348=EDGE_CURVE('',#3484,#3485,#1845,.T.);
#4349=EDGE_CURVE('',#3485,#3480,#1846,.T.);
#4350=EDGE_CURVE('',#3485,#3482,#1847,.T.);
#4351=EDGE_CURVE('',#3486,#3486,#121,.T.);
#4352=EDGE_CURVE('',#3487,#3487,#122,.T.);
#4353=EDGE_CURVE('',#3488,#3488,#123,.T.);
#4354=EDGE_CURVE('',#3488,#3487,#1848,.T.);
#4355=EDGE_CURVE('',#3489,#3489,#124,.T.);
#4356=EDGE_CURVE('',#3489,#3486,#125,.T.);
#4357=EDGE_CURVE('',#3490,#3490,#126,.T.);
#4358=EDGE_CURVE('',#3491,#3491,#127,.T.);
#4359=EDGE_CURVE('',#3492,#3492,#128,.T.);
#4360=EDGE_CURVE('',#3490,#3491,#1849,.T.);
#4361=EDGE_CURVE('',#3477,#3492,#1850,.T.);
#4362=EDGE_CURVE('',#3453,#3473,#1851,.T.);
#4363=EDGE_CURVE('',#3452,#3474,#1852,.T.);
#4364=EDGE_CURVE('',#3441,#3475,#1853,.T.);
#4365=EDGE_CURVE('',#3493,#3494,#129,.T.);
#4366=EDGE_CURVE('',#3494,#3495,#1854,.T.);
#4367=EDGE_CURVE('',#3495,#3496,#130,.T.);
#4368=EDGE_CURVE('',#3496,#3493,#1855,.T.);
#4369=EDGE_CURVE('',#3497,#3496,#1856,.T.);
#4370=EDGE_CURVE('',#3497,#3498,#1857,.T.);
#4371=EDGE_CURVE('',#3493,#3498,#1858,.T.);
#4372=EDGE_CURVE('',#3495,#3499,#1859,.T.);
#4373=EDGE_CURVE('',#3500,#3499,#131,.T.);
#4374=EDGE_CURVE('',#3500,#3501,#1860,.T.);
#4375=EDGE_CURVE('',#3501,#3502,#132,.T.);
#4376=EDGE_CURVE('',#3502,#3503,#1861,.T.);
#4377=EDGE_CURVE('',#3503,#3504,#133,.T.);
#4378=EDGE_CURVE('',#3504,#3505,#1862,.T.);
#4379=EDGE_CURVE('',#3505,#3497,#134,.T.);
#4380=EDGE_CURVE('',#3506,#3507,#135,.T.);
#4381=EDGE_CURVE('',#3507,#3500,#1863,.T.);
#4382=EDGE_CURVE('',#3499,#3506,#1864,.T.);
#4383=EDGE_CURVE('',#3508,#3507,#1865,.T.);
#4384=EDGE_CURVE('',#3501,#3508,#1866,.T.);
#4385=EDGE_CURVE('',#3509,#3508,#136,.T.);
#4386=EDGE_CURVE('',#3502,#3509,#1867,.T.);
#4387=EDGE_CURVE('',#3510,#3509,#1868,.T.);
#4388=EDGE_CURVE('',#3503,#3510,#1869,.T.);
#4389=EDGE_CURVE('',#3511,#3510,#137,.T.);
#4390=EDGE_CURVE('',#3504,#3511,#1870,.T.);
#4391=EDGE_CURVE('',#3512,#3511,#1871,.T.);
#4392=EDGE_CURVE('',#3505,#3512,#1872,.T.);
#4393=EDGE_CURVE('',#3498,#3512,#138,.T.);
#4394=EDGE_CURVE('',#3506,#3494,#1873,.T.);
#4395=EDGE_CURVE('',#3513,#3513,#139,.T.);
#4396=EDGE_CURVE('',#3513,#3514,#1874,.T.);
#4397=EDGE_CURVE('',#3514,#3514,#140,.T.);
#4398=EDGE_CURVE('',#3515,#3516,#141,.T.);
#4399=EDGE_CURVE('',#3515,#3517,#1875,.T.);
#4400=EDGE_CURVE('',#3518,#3517,#142,.T.);
#4401=EDGE_CURVE('',#3518,#3519,#1876,.T.);
#4402=EDGE_CURVE('',#3520,#3519,#143,.T.);
#4403=EDGE_CURVE('',#3520,#3521,#1877,.T.);
#4404=EDGE_CURVE('',#3522,#3521,#144,.T.);
#4405=EDGE_CURVE('',#3522,#3523,#1878,.T.);
#4406=EDGE_CURVE('',#3524,#3523,#145,.T.);
#4407=EDGE_CURVE('',#3524,#3525,#1879,.T.);
#4408=EDGE_CURVE('',#3526,#3525,#146,.T.);
#4409=EDGE_CURVE('',#3526,#3527,#1880,.T.);
#4410=EDGE_CURVE('',#3528,#3527,#147,.T.);
#4411=EDGE_CURVE('',#3528,#3529,#1881,.T.);
#4412=EDGE_CURVE('',#3530,#3529,#148,.T.);
#4413=EDGE_CURVE('',#3530,#3531,#1882,.T.);
#4414=EDGE_CURVE('',#3532,#3531,#149,.T.);
#4415=EDGE_CURVE('',#3532,#3533,#1883,.T.);
#4416=EDGE_CURVE('',#3534,#3533,#150,.T.);
#4417=EDGE_CURVE('',#3534,#3535,#1884,.T.);
#4418=EDGE_CURVE('',#3536,#3535,#151,.T.);
#4419=EDGE_CURVE('',#3536,#3537,#1885,.T.);
#4420=EDGE_CURVE('',#3538,#3537,#152,.T.);
#4421=EDGE_CURVE('',#3538,#3516,#1886,.T.);
#4422=EDGE_CURVE('',#3514,#3539,#1887,.T.);
#4423=EDGE_CURVE('',#3539,#3539,#153,.T.);
#4424=EDGE_CURVE('',#3540,#3541,#154,.T.);
#4425=EDGE_CURVE('',#3540,#3538,#1888,.T.);
#4426=EDGE_CURVE('',#3537,#3541,#1889,.T.);
#4427=EDGE_CURVE('',#3542,#3536,#1890,.T.);
#4428=EDGE_CURVE('',#3542,#3541,#1891,.T.);
#4429=EDGE_CURVE('',#3516,#3543,#1892,.T.);
#4430=EDGE_CURVE('',#3543,#3544,#155,.F.);
#4431=EDGE_CURVE('',#3544,#3515,#1893,.T.);
#4432=EDGE_CURVE('',#3540,#3543,#1894,.T.);
#4433=EDGE_CURVE('',#3535,#3545,#1895,.T.);
#4434=EDGE_CURVE('',#3545,#3542,#156,.F.);
#4435=EDGE_CURVE('',#3546,#3534,#1896,.T.);
#4436=EDGE_CURVE('',#3546,#3545,#1897,.T.);
#4437=EDGE_CURVE('',#3546,#3547,#157,.T.);
#4438=EDGE_CURVE('',#3533,#3547,#1898,.T.);
#4439=EDGE_CURVE('',#3548,#3547,#1899,.T.);
#4440=EDGE_CURVE('',#3549,#3548,#158,.F.);
#4441=EDGE_CURVE('',#3550,#3549,#1900,.T.);
#4442=EDGE_CURVE('',#3550,#3551,#159,.T.);
#4443=EDGE_CURVE('',#3552,#3551,#1901,.T.);
#4444=EDGE_CURVE('',#3553,#3552,#160,.F.);
#4445=EDGE_CURVE('',#3554,#3553,#1902,.T.);
#4446=EDGE_CURVE('',#3554,#3555,#161,.T.);
#4447=EDGE_CURVE('',#3556,#3555,#1903,.T.);
#4448=EDGE_CURVE('',#3557,#3556,#162,.F.);
#4449=EDGE_CURVE('',#3558,#3557,#1904,.T.);
#4450=EDGE_CURVE('',#3558,#3559,#163,.T.);
#4451=EDGE_CURVE('',#3560,#3559,#1905,.T.);
#4452=EDGE_CURVE('',#3561,#3560,#164,.F.);
#4453=EDGE_CURVE('',#3562,#3561,#1906,.T.);
#4454=EDGE_CURVE('',#3562,#3563,#165,.T.);
#4455=EDGE_CURVE('',#3544,#3563,#1907,.T.);
#4456=EDGE_CURVE('',#3548,#3532,#1908,.T.);
#4457=EDGE_CURVE('',#3550,#3530,#1909,.T.);
#4458=EDGE_CURVE('',#3529,#3551,#1910,.T.);
#4459=EDGE_CURVE('',#3552,#3528,#1911,.T.);
#4460=EDGE_CURVE('',#3531,#3549,#1912,.T.);
#4461=EDGE_CURVE('',#3527,#3553,#1913,.T.);
#4462=EDGE_CURVE('',#3554,#3526,#1914,.T.);
#4463=EDGE_CURVE('',#3525,#3555,#1915,.T.);
#4464=EDGE_CURVE('',#3556,#3524,#1916,.T.);
#4465=EDGE_CURVE('',#3523,#3557,#1917,.T.);
#4466=EDGE_CURVE('',#3558,#3522,#1918,.T.);
#4467=EDGE_CURVE('',#3519,#3561,#1919,.T.);
#4468=EDGE_CURVE('',#3560,#3520,#1920,.T.);
#4469=EDGE_CURVE('',#3521,#3559,#1921,.T.);
#4470=EDGE_CURVE('',#3562,#3518,#1922,.T.);
#4471=EDGE_CURVE('',#3517,#3563,#1923,.T.);
#4472=EDGE_CURVE('',#3564,#3564,#166,.T.);
#4473=EDGE_CURVE('',#3564,#3565,#1924,.T.);
#4474=EDGE_CURVE('',#3565,#3565,#167,.T.);
#4475=EDGE_CURVE('',#3566,#3567,#168,.T.);
#4476=EDGE_CURVE('',#3566,#3568,#1925,.T.);
#4477=EDGE_CURVE('',#3569,#3568,#169,.T.);
#4478=EDGE_CURVE('',#3569,#3570,#1926,.T.);
#4479=EDGE_CURVE('',#3571,#3570,#170,.T.);
#4480=EDGE_CURVE('',#3571,#3572,#1927,.T.);
#4481=EDGE_CURVE('',#3573,#3572,#171,.T.);
#4482=EDGE_CURVE('',#3573,#3574,#1928,.T.);
#4483=EDGE_CURVE('',#3575,#3574,#172,.T.);
#4484=EDGE_CURVE('',#3575,#3576,#1929,.T.);
#4485=EDGE_CURVE('',#3577,#3576,#173,.T.);
#4486=EDGE_CURVE('',#3577,#3578,#1930,.T.);
#4487=EDGE_CURVE('',#3579,#3578,#174,.T.);
#4488=EDGE_CURVE('',#3579,#3580,#1931,.T.);
#4489=EDGE_CURVE('',#3581,#3580,#175,.T.);
#4490=EDGE_CURVE('',#3581,#3582,#1932,.T.);
#4491=EDGE_CURVE('',#3583,#3582,#176,.T.);
#4492=EDGE_CURVE('',#3583,#3584,#1933,.T.);
#4493=EDGE_CURVE('',#3585,#3584,#177,.T.);
#4494=EDGE_CURVE('',#3585,#3586,#1934,.T.);
#4495=EDGE_CURVE('',#3587,#3586,#178,.T.);
#4496=EDGE_CURVE('',#3587,#3588,#1935,.T.);
#4497=EDGE_CURVE('',#3589,#3588,#179,.T.);
#4498=EDGE_CURVE('',#3589,#3567,#1936,.T.);
#4499=EDGE_CURVE('',#3565,#3590,#1937,.T.);
#4500=EDGE_CURVE('',#3590,#3590,#180,.T.);
#4501=EDGE_CURVE('',#3591,#3592,#181,.T.);
#4502=EDGE_CURVE('',#3591,#3589,#1938,.T.);
#4503=EDGE_CURVE('',#3588,#3592,#1939,.T.);
#4504=EDGE_CURVE('',#3593,#3587,#1940,.T.);
#4505=EDGE_CURVE('',#3593,#3592,#1941,.T.);
#4506=EDGE_CURVE('',#3567,#3594,#1942,.T.);
#4507=EDGE_CURVE('',#3594,#3595,#182,.F.);
#4508=EDGE_CURVE('',#3595,#3566,#1943,.T.);
#4509=EDGE_CURVE('',#3591,#3594,#1944,.T.);
#4510=EDGE_CURVE('',#3586,#3596,#1945,.T.);
#4511=EDGE_CURVE('',#3596,#3593,#183,.F.);
#4512=EDGE_CURVE('',#3597,#3585,#1946,.T.);
#4513=EDGE_CURVE('',#3597,#3596,#1947,.T.);
#4514=EDGE_CURVE('',#3597,#3598,#184,.T.);
#4515=EDGE_CURVE('',#3584,#3598,#1948,.T.);
#4516=EDGE_CURVE('',#3599,#3598,#1949,.T.);
#4517=EDGE_CURVE('',#3600,#3599,#185,.F.);
#4518=EDGE_CURVE('',#3601,#3600,#1950,.T.);
#4519=EDGE_CURVE('',#3601,#3602,#186,.T.);
#4520=EDGE_CURVE('',#3603,#3602,#1951,.T.);
#4521=EDGE_CURVE('',#3604,#3603,#187,.F.);
#4522=EDGE_CURVE('',#3605,#3604,#1952,.T.);
#4523=EDGE_CURVE('',#3605,#3606,#188,.T.);
#4524=EDGE_CURVE('',#3607,#3606,#1953,.T.);
#4525=EDGE_CURVE('',#3608,#3607,#189,.F.);
#4526=EDGE_CURVE('',#3609,#3608,#1954,.T.);
#4527=EDGE_CURVE('',#3609,#3610,#190,.T.);
#4528=EDGE_CURVE('',#3611,#3610,#1955,.T.);
#4529=EDGE_CURVE('',#3612,#3611,#191,.F.);
#4530=EDGE_CURVE('',#3613,#3612,#1956,.T.);
#4531=EDGE_CURVE('',#3613,#3614,#192,.T.);
#4532=EDGE_CURVE('',#3595,#3614,#1957,.T.);
#4533=EDGE_CURVE('',#3599,#3583,#1958,.T.);
#4534=EDGE_CURVE('',#3601,#3581,#1959,.T.);
#4535=EDGE_CURVE('',#3580,#3602,#1960,.T.);
#4536=EDGE_CURVE('',#3603,#3579,#1961,.T.);
#4537=EDGE_CURVE('',#3582,#3600,#1962,.T.);
#4538=EDGE_CURVE('',#3578,#3604,#1963,.T.);
#4539=EDGE_CURVE('',#3605,#3577,#1964,.T.);
#4540=EDGE_CURVE('',#3576,#3606,#1965,.T.);
#4541=EDGE_CURVE('',#3607,#3575,#1966,.T.);
#4542=EDGE_CURVE('',#3574,#3608,#1967,.T.);
#4543=EDGE_CURVE('',#3609,#3573,#1968,.T.);
#4544=EDGE_CURVE('',#3570,#3612,#1969,.T.);
#4545=EDGE_CURVE('',#3611,#3571,#1970,.T.);
#4546=EDGE_CURVE('',#3572,#3610,#1971,.T.);
#4547=EDGE_CURVE('',#3613,#3569,#1972,.T.);
#4548=EDGE_CURVE('',#3568,#3614,#1973,.T.);
#4549=EDGE_CURVE('',#3615,#3615,#193,.T.);
#4550=EDGE_CURVE('',#3615,#3616,#1974,.T.);
#4551=EDGE_CURVE('',#3616,#3616,#194,.T.);
#4552=EDGE_CURVE('',#3617,#3618,#195,.T.);
#4553=EDGE_CURVE('',#3617,#3619,#1975,.T.);
#4554=EDGE_CURVE('',#3620,#3619,#196,.T.);
#4555=EDGE_CURVE('',#3620,#3621,#1976,.T.);
#4556=EDGE_CURVE('',#3622,#3621,#197,.T.);
#4557=EDGE_CURVE('',#3622,#3623,#1977,.T.);
#4558=EDGE_CURVE('',#3624,#3623,#198,.T.);
#4559=EDGE_CURVE('',#3624,#3625,#1978,.T.);
#4560=EDGE_CURVE('',#3626,#3625,#199,.T.);
#4561=EDGE_CURVE('',#3626,#3627,#1979,.T.);
#4562=EDGE_CURVE('',#3628,#3627,#200,.T.);
#4563=EDGE_CURVE('',#3628,#3629,#1980,.T.);
#4564=EDGE_CURVE('',#3630,#3629,#201,.T.);
#4565=EDGE_CURVE('',#3630,#3631,#1981,.T.);
#4566=EDGE_CURVE('',#3632,#3631,#202,.T.);
#4567=EDGE_CURVE('',#3632,#3633,#1982,.T.);
#4568=EDGE_CURVE('',#3634,#3633,#203,.T.);
#4569=EDGE_CURVE('',#3634,#3635,#1983,.T.);
#4570=EDGE_CURVE('',#3636,#3635,#204,.T.);
#4571=EDGE_CURVE('',#3636,#3637,#1984,.T.);
#4572=EDGE_CURVE('',#3638,#3637,#205,.T.);
#4573=EDGE_CURVE('',#3638,#3639,#1985,.T.);
#4574=EDGE_CURVE('',#3640,#3639,#206,.T.);
#4575=EDGE_CURVE('',#3640,#3618,#1986,.T.);
#4576=EDGE_CURVE('',#3616,#3641,#1987,.T.);
#4577=EDGE_CURVE('',#3641,#3641,#207,.T.);
#4578=EDGE_CURVE('',#3642,#3643,#208,.T.);
#4579=EDGE_CURVE('',#3642,#3640,#1988,.T.);
#4580=EDGE_CURVE('',#3639,#3643,#1989,.T.);
#4581=EDGE_CURVE('',#3644,#3638,#1990,.T.);
#4582=EDGE_CURVE('',#3644,#3643,#1991,.T.);
#4583=EDGE_CURVE('',#3618,#3645,#1992,.T.);
#4584=EDGE_CURVE('',#3645,#3646,#209,.F.);
#4585=EDGE_CURVE('',#3646,#3617,#1993,.T.);
#4586=EDGE_CURVE('',#3642,#3645,#1994,.T.);
#4587=EDGE_CURVE('',#3637,#3647,#1995,.T.);
#4588=EDGE_CURVE('',#3647,#3644,#210,.F.);
#4589=EDGE_CURVE('',#3648,#3636,#1996,.T.);
#4590=EDGE_CURVE('',#3648,#3647,#1997,.T.);
#4591=EDGE_CURVE('',#3648,#3649,#211,.T.);
#4592=EDGE_CURVE('',#3635,#3649,#1998,.T.);
#4593=EDGE_CURVE('',#3650,#3649,#1999,.T.);
#4594=EDGE_CURVE('',#3651,#3650,#212,.F.);
#4595=EDGE_CURVE('',#3652,#3651,#2000,.T.);
#4596=EDGE_CURVE('',#3652,#3653,#213,.T.);
#4597=EDGE_CURVE('',#3654,#3653,#2001,.T.);
#4598=EDGE_CURVE('',#3655,#3654,#214,.F.);
#4599=EDGE_CURVE('',#3656,#3655,#2002,.T.);
#4600=EDGE_CURVE('',#3656,#3657,#215,.T.);
#4601=EDGE_CURVE('',#3658,#3657,#2003,.T.);
#4602=EDGE_CURVE('',#3659,#3658,#216,.F.);
#4603=EDGE_CURVE('',#3660,#3659,#2004,.T.);
#4604=EDGE_CURVE('',#3660,#3661,#217,.T.);
#4605=EDGE_CURVE('',#3662,#3661,#2005,.T.);
#4606=EDGE_CURVE('',#3663,#3662,#218,.F.);
#4607=EDGE_CURVE('',#3664,#3663,#2006,.T.);
#4608=EDGE_CURVE('',#3664,#3665,#219,.T.);
#4609=EDGE_CURVE('',#3646,#3665,#2007,.T.);
#4610=EDGE_CURVE('',#3650,#3634,#2008,.T.);
#4611=EDGE_CURVE('',#3652,#3632,#2009,.T.);
#4612=EDGE_CURVE('',#3631,#3653,#2010,.T.);
#4613=EDGE_CURVE('',#3654,#3630,#2011,.T.);
#4614=EDGE_CURVE('',#3633,#3651,#2012,.T.);
#4615=EDGE_CURVE('',#3629,#3655,#2013,.T.);
#4616=EDGE_CURVE('',#3656,#3628,#2014,.T.);
#4617=EDGE_CURVE('',#3627,#3657,#2015,.T.);
#4618=EDGE_CURVE('',#3658,#3626,#2016,.T.);
#4619=EDGE_CURVE('',#3625,#3659,#2017,.T.);
#4620=EDGE_CURVE('',#3660,#3624,#2018,.T.);
#4621=EDGE_CURVE('',#3621,#3663,#2019,.T.);
#4622=EDGE_CURVE('',#3662,#3622,#2020,.T.);
#4623=EDGE_CURVE('',#3623,#3661,#2021,.T.);
#4624=EDGE_CURVE('',#3664,#3620,#2022,.T.);
#4625=EDGE_CURVE('',#3619,#3665,#2023,.T.);
#4626=EDGE_CURVE('',#3666,#3666,#220,.T.);
#4627=EDGE_CURVE('',#3666,#3667,#2024,.T.);
#4628=EDGE_CURVE('',#3667,#3667,#221,.T.);
#4629=EDGE_CURVE('',#3668,#3669,#222,.T.);
#4630=EDGE_CURVE('',#3668,#3670,#2025,.T.);
#4631=EDGE_CURVE('',#3671,#3670,#223,.T.);
#4632=EDGE_CURVE('',#3671,#3672,#2026,.T.);
#4633=EDGE_CURVE('',#3673,#3672,#224,.T.);
#4634=EDGE_CURVE('',#3673,#3674,#2027,.T.);
#4635=EDGE_CURVE('',#3675,#3674,#225,.T.);
#4636=EDGE_CURVE('',#3675,#3676,#2028,.T.);
#4637=EDGE_CURVE('',#3677,#3676,#226,.T.);
#4638=EDGE_CURVE('',#3677,#3678,#2029,.T.);
#4639=EDGE_CURVE('',#3679,#3678,#227,.T.);
#4640=EDGE_CURVE('',#3679,#3680,#2030,.T.);
#4641=EDGE_CURVE('',#3681,#3680,#228,.T.);
#4642=EDGE_CURVE('',#3681,#3682,#2031,.T.);
#4643=EDGE_CURVE('',#3683,#3682,#229,.T.);
#4644=EDGE_CURVE('',#3683,#3684,#2032,.T.);
#4645=EDGE_CURVE('',#3685,#3684,#230,.T.);
#4646=EDGE_CURVE('',#3685,#3686,#2033,.T.);
#4647=EDGE_CURVE('',#3687,#3686,#231,.T.);
#4648=EDGE_CURVE('',#3687,#3688,#2034,.T.);
#4649=EDGE_CURVE('',#3689,#3688,#232,.T.);
#4650=EDGE_CURVE('',#3689,#3690,#2035,.T.);
#4651=EDGE_CURVE('',#3691,#3690,#233,.T.);
#4652=EDGE_CURVE('',#3691,#3669,#2036,.T.);
#4653=EDGE_CURVE('',#3667,#3692,#2037,.T.);
#4654=EDGE_CURVE('',#3692,#3692,#234,.T.);
#4655=EDGE_CURVE('',#3693,#3694,#235,.T.);
#4656=EDGE_CURVE('',#3693,#3691,#2038,.T.);
#4657=EDGE_CURVE('',#3690,#3694,#2039,.T.);
#4658=EDGE_CURVE('',#3695,#3689,#2040,.T.);
#4659=EDGE_CURVE('',#3695,#3694,#2041,.T.);
#4660=EDGE_CURVE('',#3669,#3696,#2042,.T.);
#4661=EDGE_CURVE('',#3696,#3697,#236,.F.);
#4662=EDGE_CURVE('',#3697,#3668,#2043,.T.);
#4663=EDGE_CURVE('',#3693,#3696,#2044,.T.);
#4664=EDGE_CURVE('',#3688,#3698,#2045,.T.);
#4665=EDGE_CURVE('',#3698,#3695,#237,.F.);
#4666=EDGE_CURVE('',#3699,#3687,#2046,.T.);
#4667=EDGE_CURVE('',#3699,#3698,#2047,.T.);
#4668=EDGE_CURVE('',#3699,#3700,#238,.T.);
#4669=EDGE_CURVE('',#3686,#3700,#2048,.T.);
#4670=EDGE_CURVE('',#3701,#3700,#2049,.T.);
#4671=EDGE_CURVE('',#3702,#3701,#239,.F.);
#4672=EDGE_CURVE('',#3703,#3702,#2050,.T.);
#4673=EDGE_CURVE('',#3703,#3704,#240,.T.);
#4674=EDGE_CURVE('',#3705,#3704,#2051,.T.);
#4675=EDGE_CURVE('',#3706,#3705,#241,.F.);
#4676=EDGE_CURVE('',#3707,#3706,#2052,.T.);
#4677=EDGE_CURVE('',#3707,#3708,#242,.T.);
#4678=EDGE_CURVE('',#3709,#3708,#2053,.T.);
#4679=EDGE_CURVE('',#3710,#3709,#243,.F.);
#4680=EDGE_CURVE('',#3711,#3710,#2054,.T.);
#4681=EDGE_CURVE('',#3711,#3712,#244,.T.);
#4682=EDGE_CURVE('',#3713,#3712,#2055,.T.);
#4683=EDGE_CURVE('',#3714,#3713,#245,.F.);
#4684=EDGE_CURVE('',#3715,#3714,#2056,.T.);
#4685=EDGE_CURVE('',#3715,#3716,#246,.T.);
#4686=EDGE_CURVE('',#3697,#3716,#2057,.T.);
#4687=EDGE_CURVE('',#3701,#3685,#2058,.T.);
#4688=EDGE_CURVE('',#3703,#3683,#2059,.T.);
#4689=EDGE_CURVE('',#3682,#3704,#2060,.T.);
#4690=EDGE_CURVE('',#3705,#3681,#2061,.T.);
#4691=EDGE_CURVE('',#3684,#3702,#2062,.T.);
#4692=EDGE_CURVE('',#3680,#3706,#2063,.T.);
#4693=EDGE_CURVE('',#3707,#3679,#2064,.T.);
#4694=EDGE_CURVE('',#3678,#3708,#2065,.T.);
#4695=EDGE_CURVE('',#3709,#3677,#2066,.T.);
#4696=EDGE_CURVE('',#3676,#3710,#2067,.T.);
#4697=EDGE_CURVE('',#3711,#3675,#2068,.T.);
#4698=EDGE_CURVE('',#3672,#3714,#2069,.T.);
#4699=EDGE_CURVE('',#3713,#3673,#2070,.T.);
#4700=EDGE_CURVE('',#3674,#3712,#2071,.T.);
#4701=EDGE_CURVE('',#3715,#3671,#2072,.T.);
#4702=EDGE_CURVE('',#3670,#3716,#2073,.T.);
#4703=EDGE_CURVE('',#3717,#3717,#247,.T.);
#4704=EDGE_CURVE('',#3717,#3718,#2074,.T.);
#4705=EDGE_CURVE('',#3718,#3718,#248,.T.);
#4706=EDGE_CURVE('',#3719,#3720,#249,.T.);
#4707=EDGE_CURVE('',#3719,#3721,#2075,.T.);
#4708=EDGE_CURVE('',#3722,#3721,#250,.T.);
#4709=EDGE_CURVE('',#3722,#3723,#2076,.T.);
#4710=EDGE_CURVE('',#3724,#3723,#251,.T.);
#4711=EDGE_CURVE('',#3724,#3725,#2077,.T.);
#4712=EDGE_CURVE('',#3726,#3725,#252,.T.);
#4713=EDGE_CURVE('',#3726,#3727,#2078,.T.);
#4714=EDGE_CURVE('',#3728,#3727,#253,.T.);
#4715=EDGE_CURVE('',#3728,#3729,#2079,.T.);
#4716=EDGE_CURVE('',#3730,#3729,#254,.T.);
#4717=EDGE_CURVE('',#3730,#3731,#2080,.T.);
#4718=EDGE_CURVE('',#3732,#3731,#255,.T.);
#4719=EDGE_CURVE('',#3732,#3733,#2081,.T.);
#4720=EDGE_CURVE('',#3734,#3733,#256,.T.);
#4721=EDGE_CURVE('',#3734,#3735,#2082,.T.);
#4722=EDGE_CURVE('',#3736,#3735,#257,.T.);
#4723=EDGE_CURVE('',#3736,#3737,#2083,.T.);
#4724=EDGE_CURVE('',#3738,#3737,#258,.T.);
#4725=EDGE_CURVE('',#3738,#3739,#2084,.T.);
#4726=EDGE_CURVE('',#3740,#3739,#259,.T.);
#4727=EDGE_CURVE('',#3740,#3741,#2085,.T.);
#4728=EDGE_CURVE('',#3742,#3741,#260,.T.);
#4729=EDGE_CURVE('',#3742,#3720,#2086,.T.);
#4730=EDGE_CURVE('',#3718,#3743,#2087,.T.);
#4731=EDGE_CURVE('',#3743,#3743,#261,.T.);
#4732=EDGE_CURVE('',#3744,#3745,#262,.T.);
#4733=EDGE_CURVE('',#3744,#3742,#2088,.T.);
#4734=EDGE_CURVE('',#3741,#3745,#2089,.T.);
#4735=EDGE_CURVE('',#3746,#3740,#2090,.T.);
#4736=EDGE_CURVE('',#3746,#3745,#2091,.T.);
#4737=EDGE_CURVE('',#3720,#3747,#2092,.T.);
#4738=EDGE_CURVE('',#3747,#3748,#263,.F.);
#4739=EDGE_CURVE('',#3748,#3719,#2093,.T.);
#4740=EDGE_CURVE('',#3744,#3747,#2094,.T.);
#4741=EDGE_CURVE('',#3739,#3749,#2095,.T.);
#4742=EDGE_CURVE('',#3749,#3746,#264,.F.);
#4743=EDGE_CURVE('',#3750,#3738,#2096,.T.);
#4744=EDGE_CURVE('',#3750,#3749,#2097,.T.);
#4745=EDGE_CURVE('',#3750,#3751,#265,.T.);
#4746=EDGE_CURVE('',#3737,#3751,#2098,.T.);
#4747=EDGE_CURVE('',#3752,#3751,#2099,.T.);
#4748=EDGE_CURVE('',#3753,#3752,#266,.F.);
#4749=EDGE_CURVE('',#3754,#3753,#2100,.T.);
#4750=EDGE_CURVE('',#3754,#3755,#267,.T.);
#4751=EDGE_CURVE('',#3756,#3755,#2101,.T.);
#4752=EDGE_CURVE('',#3757,#3756,#268,.F.);
#4753=EDGE_CURVE('',#3758,#3757,#2102,.T.);
#4754=EDGE_CURVE('',#3758,#3759,#269,.T.);
#4755=EDGE_CURVE('',#3760,#3759,#2103,.T.);
#4756=EDGE_CURVE('',#3761,#3760,#270,.F.);
#4757=EDGE_CURVE('',#3762,#3761,#2104,.T.);
#4758=EDGE_CURVE('',#3762,#3763,#271,.T.);
#4759=EDGE_CURVE('',#3764,#3763,#2105,.T.);
#4760=EDGE_CURVE('',#3765,#3764,#272,.F.);
#4761=EDGE_CURVE('',#3766,#3765,#2106,.T.);
#4762=EDGE_CURVE('',#3766,#3767,#273,.T.);
#4763=EDGE_CURVE('',#3748,#3767,#2107,.T.);
#4764=EDGE_CURVE('',#3752,#3736,#2108,.T.);
#4765=EDGE_CURVE('',#3754,#3734,#2109,.T.);
#4766=EDGE_CURVE('',#3733,#3755,#2110,.T.);
#4767=EDGE_CURVE('',#3756,#3732,#2111,.T.);
#4768=EDGE_CURVE('',#3735,#3753,#2112,.T.);
#4769=EDGE_CURVE('',#3731,#3757,#2113,.T.);
#4770=EDGE_CURVE('',#3758,#3730,#2114,.T.);
#4771=EDGE_CURVE('',#3729,#3759,#2115,.T.);
#4772=EDGE_CURVE('',#3760,#3728,#2116,.T.);
#4773=EDGE_CURVE('',#3727,#3761,#2117,.T.);
#4774=EDGE_CURVE('',#3762,#3726,#2118,.T.);
#4775=EDGE_CURVE('',#3723,#3765,#2119,.T.);
#4776=EDGE_CURVE('',#3764,#3724,#2120,.T.);
#4777=EDGE_CURVE('',#3725,#3763,#2121,.T.);
#4778=EDGE_CURVE('',#3766,#3722,#2122,.T.);
#4779=EDGE_CURVE('',#3721,#3767,#2123,.T.);
#4780=EDGE_CURVE('',#3768,#3768,#274,.T.);
#4781=EDGE_CURVE('',#3768,#3769,#2124,.T.);
#4782=EDGE_CURVE('',#3769,#3769,#275,.T.);
#4783=EDGE_CURVE('',#3770,#3771,#276,.T.);
#4784=EDGE_CURVE('',#3770,#3772,#2125,.T.);
#4785=EDGE_CURVE('',#3773,#3772,#277,.T.);
#4786=EDGE_CURVE('',#3773,#3774,#2126,.T.);
#4787=EDGE_CURVE('',#3775,#3774,#278,.T.);
#4788=EDGE_CURVE('',#3775,#3776,#2127,.T.);
#4789=EDGE_CURVE('',#3777,#3776,#279,.T.);
#4790=EDGE_CURVE('',#3777,#3778,#2128,.T.);
#4791=EDGE_CURVE('',#3779,#3778,#280,.T.);
#4792=EDGE_CURVE('',#3779,#3780,#2129,.T.);
#4793=EDGE_CURVE('',#3781,#3780,#281,.T.);
#4794=EDGE_CURVE('',#3781,#3782,#2130,.T.);
#4795=EDGE_CURVE('',#3783,#3782,#282,.T.);
#4796=EDGE_CURVE('',#3783,#3784,#2131,.T.);
#4797=EDGE_CURVE('',#3785,#3784,#283,.T.);
#4798=EDGE_CURVE('',#3785,#3786,#2132,.T.);
#4799=EDGE_CURVE('',#3787,#3786,#284,.T.);
#4800=EDGE_CURVE('',#3787,#3788,#2133,.T.);
#4801=EDGE_CURVE('',#3789,#3788,#285,.T.);
#4802=EDGE_CURVE('',#3789,#3790,#2134,.T.);
#4803=EDGE_CURVE('',#3791,#3790,#286,.T.);
#4804=EDGE_CURVE('',#3791,#3792,#2135,.T.);
#4805=EDGE_CURVE('',#3793,#3792,#287,.T.);
#4806=EDGE_CURVE('',#3793,#3771,#2136,.T.);
#4807=EDGE_CURVE('',#3769,#3794,#2137,.T.);
#4808=EDGE_CURVE('',#3794,#3794,#288,.T.);
#4809=EDGE_CURVE('',#3795,#3796,#289,.T.);
#4810=EDGE_CURVE('',#3795,#3793,#2138,.T.);
#4811=EDGE_CURVE('',#3792,#3796,#2139,.T.);
#4812=EDGE_CURVE('',#3797,#3791,#2140,.T.);
#4813=EDGE_CURVE('',#3797,#3796,#2141,.T.);
#4814=EDGE_CURVE('',#3771,#3798,#2142,.T.);
#4815=EDGE_CURVE('',#3798,#3799,#290,.F.);
#4816=EDGE_CURVE('',#3799,#3770,#2143,.T.);
#4817=EDGE_CURVE('',#3795,#3798,#2144,.T.);
#4818=EDGE_CURVE('',#3790,#3800,#2145,.T.);
#4819=EDGE_CURVE('',#3800,#3797,#291,.F.);
#4820=EDGE_CURVE('',#3801,#3789,#2146,.T.);
#4821=EDGE_CURVE('',#3801,#3800,#2147,.T.);
#4822=EDGE_CURVE('',#3801,#3802,#292,.T.);
#4823=EDGE_CURVE('',#3788,#3802,#2148,.T.);
#4824=EDGE_CURVE('',#3803,#3802,#2149,.T.);
#4825=EDGE_CURVE('',#3804,#3803,#293,.F.);
#4826=EDGE_CURVE('',#3805,#3804,#2150,.T.);
#4827=EDGE_CURVE('',#3805,#3806,#294,.T.);
#4828=EDGE_CURVE('',#3807,#3806,#2151,.T.);
#4829=EDGE_CURVE('',#3808,#3807,#295,.F.);
#4830=EDGE_CURVE('',#3809,#3808,#2152,.T.);
#4831=EDGE_CURVE('',#3809,#3810,#296,.T.);
#4832=EDGE_CURVE('',#3811,#3810,#2153,.T.);
#4833=EDGE_CURVE('',#3812,#3811,#297,.F.);
#4834=EDGE_CURVE('',#3813,#3812,#2154,.T.);
#4835=EDGE_CURVE('',#3813,#3814,#298,.T.);
#4836=EDGE_CURVE('',#3815,#3814,#2155,.T.);
#4837=EDGE_CURVE('',#3816,#3815,#299,.F.);
#4838=EDGE_CURVE('',#3817,#3816,#2156,.T.);
#4839=EDGE_CURVE('',#3817,#3818,#300,.T.);
#4840=EDGE_CURVE('',#3799,#3818,#2157,.T.);
#4841=EDGE_CURVE('',#3803,#3787,#2158,.T.);
#4842=EDGE_CURVE('',#3805,#3785,#2159,.T.);
#4843=EDGE_CURVE('',#3784,#3806,#2160,.T.);
#4844=EDGE_CURVE('',#3807,#3783,#2161,.T.);
#4845=EDGE_CURVE('',#3786,#3804,#2162,.T.);
#4846=EDGE_CURVE('',#3782,#3808,#2163,.T.);
#4847=EDGE_CURVE('',#3809,#3781,#2164,.T.);
#4848=EDGE_CURVE('',#3780,#3810,#2165,.T.);
#4849=EDGE_CURVE('',#3811,#3779,#2166,.T.);
#4850=EDGE_CURVE('',#3778,#3812,#2167,.T.);
#4851=EDGE_CURVE('',#3813,#3777,#2168,.T.);
#4852=EDGE_CURVE('',#3774,#3816,#2169,.T.);
#4853=EDGE_CURVE('',#3815,#3775,#2170,.T.);
#4854=EDGE_CURVE('',#3776,#3814,#2171,.T.);
#4855=EDGE_CURVE('',#3817,#3773,#2172,.T.);
#4856=EDGE_CURVE('',#3772,#3818,#2173,.T.);
#4857=EDGE_CURVE('',#3819,#3819,#301,.T.);
#4858=EDGE_CURVE('',#3819,#3820,#2174,.T.);
#4859=EDGE_CURVE('',#3820,#3820,#302,.T.);
#4860=EDGE_CURVE('',#3821,#3822,#303,.T.);
#4861=EDGE_CURVE('',#3821,#3823,#2175,.T.);
#4862=EDGE_CURVE('',#3824,#3823,#304,.T.);
#4863=EDGE_CURVE('',#3824,#3825,#2176,.T.);
#4864=EDGE_CURVE('',#3826,#3825,#305,.T.);
#4865=EDGE_CURVE('',#3826,#3827,#2177,.T.);
#4866=EDGE_CURVE('',#3828,#3827,#306,.T.);
#4867=EDGE_CURVE('',#3828,#3829,#2178,.T.);
#4868=EDGE_CURVE('',#3830,#3829,#307,.T.);
#4869=EDGE_CURVE('',#3830,#3831,#2179,.T.);
#4870=EDGE_CURVE('',#3832,#3831,#308,.T.);
#4871=EDGE_CURVE('',#3832,#3833,#2180,.T.);
#4872=EDGE_CURVE('',#3834,#3833,#309,.T.);
#4873=EDGE_CURVE('',#3834,#3835,#2181,.T.);
#4874=EDGE_CURVE('',#3836,#3835,#310,.T.);
#4875=EDGE_CURVE('',#3836,#3837,#2182,.T.);
#4876=EDGE_CURVE('',#3838,#3837,#311,.T.);
#4877=EDGE_CURVE('',#3838,#3839,#2183,.T.);
#4878=EDGE_CURVE('',#3840,#3839,#312,.T.);
#4879=EDGE_CURVE('',#3840,#3841,#2184,.T.);
#4880=EDGE_CURVE('',#3842,#3841,#313,.T.);
#4881=EDGE_CURVE('',#3842,#3843,#2185,.T.);
#4882=EDGE_CURVE('',#3844,#3843,#314,.T.);
#4883=EDGE_CURVE('',#3844,#3822,#2186,.T.);
#4884=EDGE_CURVE('',#3820,#3845,#2187,.T.);
#4885=EDGE_CURVE('',#3845,#3845,#315,.T.);
#4886=EDGE_CURVE('',#3846,#3847,#316,.T.);
#4887=EDGE_CURVE('',#3846,#3844,#2188,.T.);
#4888=EDGE_CURVE('',#3843,#3847,#2189,.T.);
#4889=EDGE_CURVE('',#3848,#3842,#2190,.T.);
#4890=EDGE_CURVE('',#3848,#3847,#2191,.T.);
#4891=EDGE_CURVE('',#3822,#3849,#2192,.T.);
#4892=EDGE_CURVE('',#3849,#3850,#317,.F.);
#4893=EDGE_CURVE('',#3850,#3821,#2193,.T.);
#4894=EDGE_CURVE('',#3846,#3849,#2194,.T.);
#4895=EDGE_CURVE('',#3841,#3851,#2195,.T.);
#4896=EDGE_CURVE('',#3851,#3848,#318,.F.);
#4897=EDGE_CURVE('',#3852,#3840,#2196,.T.);
#4898=EDGE_CURVE('',#3852,#3851,#2197,.T.);
#4899=EDGE_CURVE('',#3852,#3853,#319,.T.);
#4900=EDGE_CURVE('',#3839,#3853,#2198,.T.);
#4901=EDGE_CURVE('',#3854,#3853,#2199,.T.);
#4902=EDGE_CURVE('',#3855,#3854,#320,.F.);
#4903=EDGE_CURVE('',#3856,#3855,#2200,.T.);
#4904=EDGE_CURVE('',#3856,#3857,#321,.T.);
#4905=EDGE_CURVE('',#3858,#3857,#2201,.T.);
#4906=EDGE_CURVE('',#3859,#3858,#322,.F.);
#4907=EDGE_CURVE('',#3860,#3859,#2202,.T.);
#4908=EDGE_CURVE('',#3860,#3861,#323,.T.);
#4909=EDGE_CURVE('',#3862,#3861,#2203,.T.);
#4910=EDGE_CURVE('',#3863,#3862,#324,.F.);
#4911=EDGE_CURVE('',#3864,#3863,#2204,.T.);
#4912=EDGE_CURVE('',#3864,#3865,#325,.T.);
#4913=EDGE_CURVE('',#3866,#3865,#2205,.T.);
#4914=EDGE_CURVE('',#3867,#3866,#326,.F.);
#4915=EDGE_CURVE('',#3868,#3867,#2206,.T.);
#4916=EDGE_CURVE('',#3868,#3869,#327,.T.);
#4917=EDGE_CURVE('',#3850,#3869,#2207,.T.);
#4918=EDGE_CURVE('',#3854,#3838,#2208,.T.);
#4919=EDGE_CURVE('',#3856,#3836,#2209,.T.);
#4920=EDGE_CURVE('',#3835,#3857,#2210,.T.);
#4921=EDGE_CURVE('',#3858,#3834,#2211,.T.);
#4922=EDGE_CURVE('',#3837,#3855,#2212,.T.);
#4923=EDGE_CURVE('',#3833,#3859,#2213,.T.);
#4924=EDGE_CURVE('',#3860,#3832,#2214,.T.);
#4925=EDGE_CURVE('',#3831,#3861,#2215,.T.);
#4926=EDGE_CURVE('',#3862,#3830,#2216,.T.);
#4927=EDGE_CURVE('',#3829,#3863,#2217,.T.);
#4928=EDGE_CURVE('',#3864,#3828,#2218,.T.);
#4929=EDGE_CURVE('',#3825,#3867,#2219,.T.);
#4930=EDGE_CURVE('',#3866,#3826,#2220,.T.);
#4931=EDGE_CURVE('',#3827,#3865,#2221,.T.);
#4932=EDGE_CURVE('',#3868,#3824,#2222,.T.);
#4933=EDGE_CURVE('',#3823,#3869,#2223,.T.);
#4934=EDGE_CURVE('',#3870,#3870,#328,.T.);
#4935=EDGE_CURVE('',#3870,#3871,#2224,.T.);
#4936=EDGE_CURVE('',#3871,#3871,#329,.T.);
#4937=EDGE_CURVE('',#3872,#3873,#330,.T.);
#4938=EDGE_CURVE('',#3872,#3874,#2225,.T.);
#4939=EDGE_CURVE('',#3875,#3874,#331,.T.);
#4940=EDGE_CURVE('',#3875,#3876,#2226,.T.);
#4941=EDGE_CURVE('',#3877,#3876,#332,.T.);
#4942=EDGE_CURVE('',#3877,#3878,#2227,.T.);
#4943=EDGE_CURVE('',#3879,#3878,#333,.T.);
#4944=EDGE_CURVE('',#3879,#3880,#2228,.T.);
#4945=EDGE_CURVE('',#3881,#3880,#334,.T.);
#4946=EDGE_CURVE('',#3881,#3882,#2229,.T.);
#4947=EDGE_CURVE('',#3883,#3882,#335,.T.);
#4948=EDGE_CURVE('',#3883,#3884,#2230,.T.);
#4949=EDGE_CURVE('',#3885,#3884,#336,.T.);
#4950=EDGE_CURVE('',#3885,#3886,#2231,.T.);
#4951=EDGE_CURVE('',#3887,#3886,#337,.T.);
#4952=EDGE_CURVE('',#3887,#3888,#2232,.T.);
#4953=EDGE_CURVE('',#3889,#3888,#338,.T.);
#4954=EDGE_CURVE('',#3889,#3890,#2233,.T.);
#4955=EDGE_CURVE('',#3891,#3890,#339,.T.);
#4956=EDGE_CURVE('',#3891,#3892,#2234,.T.);
#4957=EDGE_CURVE('',#3893,#3892,#340,.T.);
#4958=EDGE_CURVE('',#3893,#3894,#2235,.T.);
#4959=EDGE_CURVE('',#3895,#3894,#341,.T.);
#4960=EDGE_CURVE('',#3895,#3873,#2236,.T.);
#4961=EDGE_CURVE('',#3871,#3896,#2237,.T.);
#4962=EDGE_CURVE('',#3896,#3896,#342,.T.);
#4963=EDGE_CURVE('',#3897,#3898,#343,.T.);
#4964=EDGE_CURVE('',#3897,#3895,#2238,.T.);
#4965=EDGE_CURVE('',#3894,#3898,#2239,.T.);
#4966=EDGE_CURVE('',#3899,#3893,#2240,.T.);
#4967=EDGE_CURVE('',#3899,#3898,#2241,.T.);
#4968=EDGE_CURVE('',#3873,#3900,#2242,.T.);
#4969=EDGE_CURVE('',#3900,#3901,#344,.F.);
#4970=EDGE_CURVE('',#3901,#3872,#2243,.T.);
#4971=EDGE_CURVE('',#3897,#3900,#2244,.T.);
#4972=EDGE_CURVE('',#3892,#3902,#2245,.T.);
#4973=EDGE_CURVE('',#3902,#3899,#345,.F.);
#4974=EDGE_CURVE('',#3903,#3891,#2246,.T.);
#4975=EDGE_CURVE('',#3903,#3902,#2247,.T.);
#4976=EDGE_CURVE('',#3903,#3904,#346,.T.);
#4977=EDGE_CURVE('',#3890,#3904,#2248,.T.);
#4978=EDGE_CURVE('',#3905,#3904,#2249,.T.);
#4979=EDGE_CURVE('',#3906,#3905,#347,.F.);
#4980=EDGE_CURVE('',#3907,#3906,#2250,.T.);
#4981=EDGE_CURVE('',#3907,#3908,#348,.T.);
#4982=EDGE_CURVE('',#3909,#3908,#2251,.T.);
#4983=EDGE_CURVE('',#3910,#3909,#349,.F.);
#4984=EDGE_CURVE('',#3911,#3910,#2252,.T.);
#4985=EDGE_CURVE('',#3911,#3912,#350,.T.);
#4986=EDGE_CURVE('',#3913,#3912,#2253,.T.);
#4987=EDGE_CURVE('',#3914,#3913,#351,.F.);
#4988=EDGE_CURVE('',#3915,#3914,#2254,.T.);
#4989=EDGE_CURVE('',#3915,#3916,#352,.T.);
#4990=EDGE_CURVE('',#3917,#3916,#2255,.T.);
#4991=EDGE_CURVE('',#3918,#3917,#353,.F.);
#4992=EDGE_CURVE('',#3919,#3918,#2256,.T.);
#4993=EDGE_CURVE('',#3919,#3920,#354,.T.);
#4994=EDGE_CURVE('',#3901,#3920,#2257,.T.);
#4995=EDGE_CURVE('',#3905,#3889,#2258,.T.);
#4996=EDGE_CURVE('',#3907,#3887,#2259,.T.);
#4997=EDGE_CURVE('',#3886,#3908,#2260,.T.);
#4998=EDGE_CURVE('',#3909,#3885,#2261,.T.);
#4999=EDGE_CURVE('',#3888,#3906,#2262,.T.);
#5000=EDGE_CURVE('',#3884,#3910,#2263,.T.);
#5001=EDGE_CURVE('',#3911,#3883,#2264,.T.);
#5002=EDGE_CURVE('',#3882,#3912,#2265,.T.);
#5003=EDGE_CURVE('',#3913,#3881,#2266,.T.);
#5004=EDGE_CURVE('',#3880,#3914,#2267,.T.);
#5005=EDGE_CURVE('',#3915,#3879,#2268,.T.);
#5006=EDGE_CURVE('',#3876,#3918,#2269,.T.);
#5007=EDGE_CURVE('',#3917,#3877,#2270,.T.);
#5008=EDGE_CURVE('',#3878,#3916,#2271,.T.);
#5009=EDGE_CURVE('',#3919,#3875,#2272,.T.);
#5010=EDGE_CURVE('',#3874,#3920,#2273,.T.);
#5011=EDGE_CURVE('',#3921,#3922,#2274,.T.);
#5012=EDGE_CURVE('',#3923,#3921,#355,.T.);
#5013=EDGE_CURVE('',#3924,#3923,#2275,.T.);
#5014=EDGE_CURVE('',#3925,#3924,#356,.T.);
#5015=EDGE_CURVE('',#3926,#3925,#2276,.T.);
#5016=EDGE_CURVE('',#3927,#3926,#357,.T.);
#5017=EDGE_CURVE('',#3928,#3927,#2277,.T.);
#5018=EDGE_CURVE('',#3922,#3928,#358,.T.);
#5019=EDGE_CURVE('',#3929,#3925,#2278,.T.);
#5020=EDGE_CURVE('',#3930,#3929,#2279,.T.);
#5021=EDGE_CURVE('',#3930,#3926,#2280,.T.);
#5022=EDGE_CURVE('',#3931,#3924,#2281,.T.);
#5023=EDGE_CURVE('',#3931,#3929,#359,.T.);
#5024=EDGE_CURVE('',#3932,#3923,#2282,.T.);
#5025=EDGE_CURVE('',#3931,#3932,#2283,.T.);
#5026=EDGE_CURVE('',#3933,#3921,#2284,.T.);
#5027=EDGE_CURVE('',#3933,#3932,#360,.T.);
#5028=EDGE_CURVE('',#3934,#3927,#2285,.T.);
#5029=EDGE_CURVE('',#3935,#3934,#2286,.T.);
#5030=EDGE_CURVE('',#3935,#3928,#2287,.T.);
#5031=EDGE_CURVE('',#3930,#3934,#361,.T.);
#5032=EDGE_CURVE('',#3936,#3922,#2288,.T.);
#5033=EDGE_CURVE('',#3933,#3936,#2289,.T.);
#5034=EDGE_CURVE('',#3937,#3937,#362,.T.);
#5035=EDGE_CURVE('',#3937,#3938,#2290,.T.);
#5036=EDGE_CURVE('',#3938,#3938,#363,.T.);
#5037=EDGE_CURVE('',#3939,#3940,#2291,.T.);
#5038=EDGE_CURVE('',#3940,#3941,#364,.T.);
#5039=EDGE_CURVE('',#3941,#3942,#2292,.T.);
#5040=EDGE_CURVE('',#3942,#3943,#2293,.T.);
#5041=EDGE_CURVE('',#3943,#3944,#2294,.T.);
#5042=EDGE_CURVE('',#3944,#3939,#365,.T.);
#5043=EDGE_CURVE('',#3945,#3939,#84,.T.);
#5044=EDGE_CURVE('',#3946,#3944,#2295,.T.);
#5045=EDGE_CURVE('',#3946,#3945,#366,.T.);
#5046=EDGE_CURVE('',#3947,#3946,#2296,.T.);
#5047=EDGE_CURVE('',#3943,#3947,#2297,.T.);
#5048=EDGE_CURVE('',#3948,#3949,#2298,.T.);
#5049=EDGE_CURVE('',#3949,#3942,#2299,.T.);
#5050=EDGE_CURVE('',#3948,#3941,#2300,.T.);
#5051=EDGE_CURVE('',#3940,#3950,#85,.T.);
#5052=EDGE_CURVE('',#3950,#3948,#367,.T.);
#5053=EDGE_CURVE('',#3945,#3951,#2301,.T.);
#5054=EDGE_CURVE('',#3952,#3951,#2302,.T.);
#5055=EDGE_CURVE('',#3952,#3953,#2303,.T.);
#5056=EDGE_CURVE('',#3953,#3954,#2304,.T.);
#5057=EDGE_CURVE('',#3954,#3955,#2305,.T.);
#5058=EDGE_CURVE('',#3956,#3955,#86,.T.);
#5059=EDGE_CURVE('',#3957,#3956,#2306,.T.);
#5060=EDGE_CURVE('',#3958,#3957,#87,.T.);
#5061=EDGE_CURVE('',#3958,#3950,#2307,.T.);
#5062=EDGE_CURVE('',#3947,#3959,#2308,.T.);
#5063=EDGE_CURVE('',#3960,#3959,#368,.T.);
#5064=EDGE_CURVE('',#3960,#3961,#2309,.T.);
#5065=EDGE_CURVE('',#3962,#3961,#369,.T.);
#5066=EDGE_CURVE('',#3962,#3963,#2310,.T.);
#5067=EDGE_CURVE('',#3963,#3964,#2311,.T.);
#5068=EDGE_CURVE('',#3964,#3965,#370,.T.);
#5069=EDGE_CURVE('',#3966,#3965,#2312,.T.);
#5070=EDGE_CURVE('',#3951,#3966,#371,.T.);
#5071=EDGE_CURVE('',#3967,#3967,#372,.T.);
#5072=EDGE_CURVE('',#3968,#3968,#373,.T.);
#5073=EDGE_CURVE('',#3969,#3969,#374,.T.);
#5074=EDGE_CURVE('',#3970,#3970,#375,.T.);
#5075=EDGE_CURVE('',#3971,#3971,#376,.T.);
#5076=EDGE_CURVE('',#3972,#3972,#377,.T.);
#5077=EDGE_CURVE('',#3973,#3973,#378,.T.);
#5078=EDGE_CURVE('',#3974,#3974,#379,.T.);
#5079=EDGE_CURVE('',#3975,#3975,#380,.T.);
#5080=EDGE_CURVE('',#3975,#3976,#2313,.T.);
#5081=EDGE_CURVE('',#3976,#3976,#381,.T.);
#5082=EDGE_CURVE('',#3956,#3977,#382,.T.);
#5083=EDGE_CURVE('',#3977,#3978,#2314,.T.);
#5084=EDGE_CURVE('',#3978,#3979,#2315,.T.);
#5085=EDGE_CURVE('',#3979,#3980,#2316,.T.);
#5086=EDGE_CURVE('',#3980,#3957,#383,.T.);
#5087=EDGE_CURVE('',#3981,#3980,#2317,.T.);
#5088=EDGE_CURVE('',#3981,#3958,#384,.T.);
#5089=EDGE_CURVE('',#3982,#3981,#2318,.T.);
#5090=EDGE_CURVE('',#3979,#3982,#2319,.T.);
#5091=EDGE_CURVE('',#3983,#3984,#2320,.T.);
#5092=EDGE_CURVE('',#3984,#3978,#2321,.T.);
#5093=EDGE_CURVE('',#3983,#3977,#2322,.T.);
#5094=EDGE_CURVE('',#3955,#3983,#385,.T.);
#5095=EDGE_CURVE('',#3982,#3949,#2323,.T.);
#5096=EDGE_CURVE('',#3985,#3985,#386,.T.);
#5097=EDGE_CURVE('',#3985,#3986,#2324,.T.);
#5098=EDGE_CURVE('',#3986,#3986,#387,.T.);
#5099=EDGE_CURVE('',#3987,#3988,#2325,.T.);
#5100=EDGE_CURVE('',#3989,#3988,#388,.T.);
#5101=EDGE_CURVE('',#3990,#3989,#2326,.T.);
#5102=EDGE_CURVE('',#3990,#3991,#2327,.T.);
#5103=EDGE_CURVE('',#3992,#3991,#2328,.T.);
#5104=EDGE_CURVE('',#3987,#3992,#389,.T.);
#5105=EDGE_CURVE('',#3993,#3987,#88,.T.);
#5106=EDGE_CURVE('',#3994,#3992,#2329,.T.);
#5107=EDGE_CURVE('',#3994,#3993,#390,.T.);
#5108=EDGE_CURVE('',#3988,#3995,#89,.T.);
#5109=EDGE_CURVE('',#3995,#3996,#391,.T.);
#5110=EDGE_CURVE('',#3996,#3989,#2330,.T.);
#5111=EDGE_CURVE('',#3996,#3997,#2331,.T.);
#5112=EDGE_CURVE('',#3997,#3990,#2332,.T.);
#5113=EDGE_CURVE('',#3998,#3994,#2333,.T.);
#5114=EDGE_CURVE('',#3991,#3998,#2334,.T.);
#5115=EDGE_CURVE('',#3993,#3999,#2335,.T.);
#5116=EDGE_CURVE('',#4000,#3999,#90,.T.);
#5117=EDGE_CURVE('',#4001,#4000,#2336,.T.);
#5118=EDGE_CURVE('',#4002,#4001,#91,.T.);
#5119=EDGE_CURVE('',#4002,#4003,#2337,.T.);
#5120=EDGE_CURVE('',#4004,#4003,#2338,.T.);
#5121=EDGE_CURVE('',#4004,#4005,#2339,.T.);
#5122=EDGE_CURVE('',#4005,#4006,#2340,.T.);
#5123=EDGE_CURVE('',#4006,#4007,#2341,.T.);
#5124=EDGE_CURVE('',#4007,#3995,#2342,.T.);
#5125=EDGE_CURVE('',#3998,#4008,#2343,.T.);
#5126=EDGE_CURVE('',#4009,#4008,#2344,.T.);
#5127=EDGE_CURVE('',#3999,#4009,#392,.T.);
#5128=EDGE_CURVE('',#4010,#4010,#393,.T.);
#5129=EDGE_CURVE('',#4010,#4011,#2345,.T.);
#5130=EDGE_CURVE('',#4011,#4011,#394,.T.);
#5131=EDGE_CURVE('',#4012,#4000,#395,.T.);
#5132=EDGE_CURVE('',#4013,#4012,#2346,.T.);
#5133=EDGE_CURVE('',#4013,#4014,#2347,.T.);
#5134=EDGE_CURVE('',#4015,#4014,#2348,.T.);
#5135=EDGE_CURVE('',#4001,#4015,#396,.T.);
#5136=EDGE_CURVE('',#4016,#4015,#2349,.T.);
#5137=EDGE_CURVE('',#4016,#4002,#397,.T.);
#5138=EDGE_CURVE('',#4009,#4012,#2350,.T.);
#5139=EDGE_CURVE('',#4008,#4013,#2351,.T.);
#5140=EDGE_CURVE('',#4017,#4016,#2352,.T.);
#5141=EDGE_CURVE('',#4014,#4017,#2353,.T.);
#5142=EDGE_CURVE('',#4017,#4018,#2354,.T.);
#5143=EDGE_CURVE('',#4018,#4019,#398,.T.);
#5144=EDGE_CURVE('',#4019,#4020,#2355,.T.);
#5145=EDGE_CURVE('',#4020,#4021,#2356,.T.);
#5146=EDGE_CURVE('',#4021,#4022,#399,.T.);
#5147=EDGE_CURVE('',#4023,#4022,#2357,.T.);
#5148=EDGE_CURVE('',#4003,#4023,#400,.T.);
#5149=EDGE_CURVE('',#4024,#4024,#401,.T.);
#5150=EDGE_CURVE('',#4024,#4025,#2358,.T.);
#5151=EDGE_CURVE('',#4025,#4025,#402,.T.);
#5152=EDGE_CURVE('',#4026,#4026,#403,.T.);
#5153=EDGE_CURVE('',#4026,#4027,#2359,.T.);
#5154=EDGE_CURVE('',#4027,#4027,#404,.T.);
#5155=EDGE_CURVE('',#4028,#4029,#2360,.T.);
#5156=EDGE_CURVE('',#4028,#4030,#405,.T.);
#5157=EDGE_CURVE('',#4030,#4031,#2361,.T.);
#5158=EDGE_CURVE('',#4032,#4031,#2362,.T.);
#5159=EDGE_CURVE('',#4032,#4033,#2363,.T.);
#5160=EDGE_CURVE('',#4033,#4029,#406,.T.);
#5161=EDGE_CURVE('',#4029,#4034,#92,.T.);
#5162=EDGE_CURVE('',#4035,#4033,#2364,.T.);
#5163=EDGE_CURVE('',#4034,#4035,#407,.T.);
#5164=EDGE_CURVE('',#4035,#4036,#2365,.T.);
#5165=EDGE_CURVE('',#4036,#4032,#2366,.T.);
#5166=EDGE_CURVE('',#4037,#4038,#2367,.T.);
#5167=EDGE_CURVE('',#4031,#4037,#2368,.T.);
#5168=EDGE_CURVE('',#4038,#4030,#2369,.T.);
#5169=EDGE_CURVE('',#4039,#4028,#93,.T.);
#5170=EDGE_CURVE('',#4038,#4039,#408,.T.);
#5171=EDGE_CURVE('',#4040,#4041,#2370,.T.);
#5172=EDGE_CURVE('',#4040,#4042,#409,.T.);
#5173=EDGE_CURVE('',#4042,#4043,#2371,.T.);
#5174=EDGE_CURVE('',#4044,#4043,#2372,.T.);
#5175=EDGE_CURVE('',#4044,#4045,#2373,.T.);
#5176=EDGE_CURVE('',#4045,#4041,#410,.T.);
#5177=EDGE_CURVE('',#4041,#4046,#94,.T.);
#5178=EDGE_CURVE('',#4047,#4045,#2374,.T.);
#5179=EDGE_CURVE('',#4046,#4047,#411,.T.);
#5180=EDGE_CURVE('',#4047,#4048,#2375,.T.);
#5181=EDGE_CURVE('',#4048,#4044,#2376,.T.);
#5182=EDGE_CURVE('',#4043,#3963,#2377,.T.);
#5183=EDGE_CURVE('',#3964,#4042,#2378,.T.);
#5184=EDGE_CURVE('',#3965,#4040,#95,.T.);
#5185=EDGE_CURVE('',#4034,#4049,#2379,.T.);
#5186=EDGE_CURVE('',#4049,#4050,#2380,.T.);
#5187=EDGE_CURVE('',#4050,#4051,#2381,.T.);
#5188=EDGE_CURVE('',#4051,#4052,#2382,.T.);
#5189=EDGE_CURVE('',#4052,#3966,#2383,.T.);
#5190=EDGE_CURVE('',#4046,#4039,#2384,.T.);
#5191=EDGE_CURVE('',#4007,#4053,#2385,.T.);
#5192=EDGE_CURVE('',#4053,#4054,#412,.T.);
#5193=EDGE_CURVE('',#4054,#4049,#2386,.T.);
#5194=EDGE_CURVE('',#4036,#4055,#2387,.T.);
#5195=EDGE_CURVE('',#4055,#4056,#413,.T.);
#5196=EDGE_CURVE('',#4056,#3997,#2388,.T.);
#5197=EDGE_CURVE('',#4057,#3954,#414,.T.);
#5198=EDGE_CURVE('',#4058,#4057,#2389,.T.);
#5199=EDGE_CURVE('',#4058,#4059,#415,.T.);
#5200=EDGE_CURVE('',#4059,#4060,#2390,.T.);
#5201=EDGE_CURVE('',#4060,#4061,#2391,.T.);
#5202=EDGE_CURVE('',#4061,#4062,#416,.T.);
#5203=EDGE_CURVE('',#4062,#3984,#2392,.T.);
#5204=EDGE_CURVE('',#4063,#4063,#417,.T.);
#5205=EDGE_CURVE('',#4063,#4064,#2393,.T.);
#5206=EDGE_CURVE('',#4064,#4064,#418,.T.);
#5207=EDGE_CURVE('',#4065,#4065,#419,.T.);
#5208=EDGE_CURVE('',#4065,#4066,#2394,.T.);
#5209=EDGE_CURVE('',#4066,#4066,#420,.T.);
#5210=EDGE_CURVE('',#4067,#4068,#2395,.T.);
#5211=EDGE_CURVE('',#4069,#4067,#421,.T.);
#5212=EDGE_CURVE('',#4070,#4069,#2396,.T.);
#5213=EDGE_CURVE('',#4071,#4070,#2397,.T.);
#5214=EDGE_CURVE('',#4072,#4071,#2398,.T.);
#5215=EDGE_CURVE('',#4068,#4072,#422,.T.);
#5216=EDGE_CURVE('',#4068,#4058,#96,.T.);
#5217=EDGE_CURVE('',#4059,#4072,#2399,.T.);
#5218=EDGE_CURVE('',#4073,#4067,#97,.T.);
#5219=EDGE_CURVE('',#4074,#4073,#423,.T.);
#5220=EDGE_CURVE('',#4074,#4069,#2400,.T.);
#5221=EDGE_CURVE('',#4075,#4074,#2401,.T.);
#5222=EDGE_CURVE('',#4070,#4075,#2402,.T.);
#5223=EDGE_CURVE('',#4060,#4071,#2403,.T.);
#5224=EDGE_CURVE('',#4076,#4077,#2404,.T.);
#5225=EDGE_CURVE('',#4078,#4076,#424,.T.);
#5226=EDGE_CURVE('',#4079,#4078,#2405,.T.);
#5227=EDGE_CURVE('',#4080,#4079,#2406,.T.);
#5228=EDGE_CURVE('',#4081,#4080,#2407,.T.);
#5229=EDGE_CURVE('',#4077,#4081,#425,.T.);
#5230=EDGE_CURVE('',#4077,#4082,#98,.T.);
#5231=EDGE_CURVE('',#4083,#4081,#2408,.T.);
#5232=EDGE_CURVE('',#4082,#4083,#426,.T.);
#5233=EDGE_CURVE('',#4022,#4076,#99,.T.);
#5234=EDGE_CURVE('',#4021,#4078,#2409,.T.);
#5235=EDGE_CURVE('',#4079,#4020,#2410,.T.);
#5236=EDGE_CURVE('',#4083,#4084,#2411,.T.);
#5237=EDGE_CURVE('',#4084,#4080,#2412,.T.);
#5238=EDGE_CURVE('',#4048,#4037,#2413,.T.);
#5239=EDGE_CURVE('',#4082,#4073,#2414,.T.);
#5240=EDGE_CURVE('',#4084,#4075,#2415,.T.);
#5241=EDGE_CURVE('',#4085,#4057,#2416,.T.);
#5242=EDGE_CURVE('',#4085,#4086,#2417,.T.);
#5243=EDGE_CURVE('',#4086,#4023,#2418,.T.);
#5244=EDGE_CURVE('',#4087,#4088,#427,.T.);
#5245=EDGE_CURVE('',#4087,#3962,#2419,.T.);
#5246=EDGE_CURVE('',#3961,#4088,#2420,.T.);
#5247=EDGE_CURVE('',#4089,#4088,#2421,.T.);
#5248=EDGE_CURVE('',#4089,#4090,#428,.T.);
#5249=EDGE_CURVE('',#4091,#4090,#2422,.T.);
#5250=EDGE_CURVE('',#4092,#4091,#429,.T.);
#5251=EDGE_CURVE('',#4093,#4092,#2423,.T.);
#5252=EDGE_CURVE('',#4094,#4093,#430,.T.);
#5253=EDGE_CURVE('',#4095,#4094,#2424,.T.);
#5254=EDGE_CURVE('',#4096,#4095,#431,.T.);
#5255=EDGE_CURVE('',#4087,#4096,#2425,.T.);
#5256=EDGE_CURVE('',#4097,#4098,#2426,.T.);
#5257=EDGE_CURVE('',#4098,#4099,#2427,.T.);
#5258=EDGE_CURVE('',#4099,#4100,#2428,.T.);
#5259=EDGE_CURVE('',#4100,#4101,#2429,.T.);
#5260=EDGE_CURVE('',#4101,#4097,#2430,.T.);
#5261=EDGE_CURVE('',#4089,#3960,#2431,.T.);
#5262=EDGE_CURVE('',#3959,#4090,#2432,.T.);
#5263=EDGE_CURVE('',#4102,#4103,#2433,.T.);
#5264=EDGE_CURVE('',#4102,#4104,#2434,.T.);
#5265=EDGE_CURVE('',#4105,#4104,#2435,.T.);
#5266=EDGE_CURVE('',#4103,#4105,#2436,.T.);
#5267=EDGE_CURVE('',#4050,#4102,#432,.T.);
#5268=EDGE_CURVE('',#4106,#4050,#2437,.T.);
#5269=EDGE_CURVE('',#4107,#4106,#433,.T.);
#5270=EDGE_CURVE('',#4006,#4107,#2438,.T.);
#5271=EDGE_CURVE('',#4108,#4006,#434,.T.);
#5272=EDGE_CURVE('',#4109,#4108,#2439,.T.);
#5273=EDGE_CURVE('',#4104,#4109,#435,.T.);
#5274=EDGE_CURVE('',#4054,#4106,#2440,.T.);
#5275=EDGE_CURVE('',#4053,#4107,#2441,.T.);
#5276=EDGE_CURVE('',#4110,#4108,#2442,.T.);
#5277=EDGE_CURVE('',#4111,#4110,#2443,.T.);
#5278=EDGE_CURVE('',#4111,#4109,#2444,.T.);
#5279=EDGE_CURVE('',#4105,#4111,#436,.T.);
#5280=EDGE_CURVE('',#4103,#4110,#437,.T.);
#5281=EDGE_CURVE('',#4005,#4051,#438,.T.);
#5282=EDGE_CURVE('',#3973,#4112,#2445,.T.);
#5283=EDGE_CURVE('',#4112,#4112,#439,.T.);
#5284=EDGE_CURVE('',#3972,#4113,#2446,.T.);
#5285=EDGE_CURVE('',#4113,#4113,#440,.T.);
#5286=EDGE_CURVE('',#3971,#4114,#2447,.T.);
#5287=EDGE_CURVE('',#4114,#4114,#441,.T.);
#5288=EDGE_CURVE('',#3967,#4115,#2448,.T.);
#5289=EDGE_CURVE('',#4115,#4115,#442,.T.);
#5290=EDGE_CURVE('',#3970,#4116,#2449,.T.);
#5291=EDGE_CURVE('',#4116,#4116,#443,.T.);
#5292=EDGE_CURVE('',#3969,#4117,#2450,.T.);
#5293=EDGE_CURVE('',#4117,#4117,#444,.T.);
#5294=EDGE_CURVE('',#3968,#4118,#2451,.T.);
#5295=EDGE_CURVE('',#4118,#4118,#445,.T.);
#5296=EDGE_CURVE('',#3974,#4119,#2452,.T.);
#5297=EDGE_CURVE('',#4119,#4119,#446,.T.);
#5298=EDGE_CURVE('',#4098,#4120,#2453,.T.);
#5299=EDGE_CURVE('',#4121,#4120,#2454,.T.);
#5300=EDGE_CURVE('',#4099,#4121,#2455,.T.);
#5301=EDGE_CURVE('',#4122,#4121,#2456,.T.);
#5302=EDGE_CURVE('',#4100,#4122,#2457,.T.);
#5303=EDGE_CURVE('',#4123,#4122,#2458,.T.);
#5304=EDGE_CURVE('',#4101,#4123,#2459,.T.);
#5305=EDGE_CURVE('',#4124,#4123,#2460,.T.);
#5306=EDGE_CURVE('',#4097,#4124,#2461,.T.);
#5307=EDGE_CURVE('',#4120,#4124,#2462,.T.);
#5308=EDGE_CURVE('',#4019,#4093,#2463,.T.);
#5309=EDGE_CURVE('',#4061,#4092,#2464,.T.);
#5310=EDGE_CURVE('',#4062,#4091,#2465,.T.);
#5311=EDGE_CURVE('',#4125,#4126,#447,.T.);
#5312=EDGE_CURVE('',#4127,#4126,#448,.T.);
#5313=EDGE_CURVE('',#4126,#4127,#449,.T.);
#5314=EDGE_CURVE('',#4128,#4128,#450,.T.);
#5315=EDGE_CURVE('',#4129,#4129,#451,.T.);
#5316=EDGE_CURVE('',#4128,#4130,#2466,.T.);
#5317=EDGE_CURVE('',#4130,#4130,#452,.T.);
#5318=EDGE_CURVE('',#4129,#4127,#2467,.T.);
#5319=EDGE_CURVE('',#4018,#4094,#2468,.T.);
#5320=EDGE_CURVE('',#4056,#4095,#2469,.T.);
#5321=EDGE_CURVE('',#4055,#4096,#2470,.T.);
#5322=EDGE_CURVE('',#4052,#3952,#453,.T.);
#5323=EDGE_CURVE('',#3953,#4085,#454,.T.);
#5324=EDGE_CURVE('',#4086,#4004,#455,.T.);
#5325=EDGE_CURVE('',#4131,#3953,#2471,.T.);
#5326=EDGE_CURVE('',#4132,#4131,#456,.T.);
#5327=EDGE_CURVE('',#4132,#4085,#2472,.T.);
#5328=EDGE_CURVE('',#4133,#3952,#2473,.T.);
#5329=EDGE_CURVE('',#4131,#4133,#2474,.T.);
#5330=EDGE_CURVE('',#4134,#4052,#2475,.T.);
#5331=EDGE_CURVE('',#4133,#4134,#457,.T.);
#5332=EDGE_CURVE('',#4135,#4051,#2476,.T.);
#5333=EDGE_CURVE('',#4134,#4135,#2477,.T.);
#5334=EDGE_CURVE('',#4136,#4005,#2478,.T.);
#5335=EDGE_CURVE('',#4135,#4136,#458,.T.);
#5336=EDGE_CURVE('',#4137,#4004,#2479,.T.);
#5337=EDGE_CURVE('',#4136,#4137,#2480,.T.);
#5338=EDGE_CURVE('',#4138,#4086,#2481,.T.);
#5339=EDGE_CURVE('',#4137,#4138,#459,.T.);
#5340=EDGE_CURVE('',#4138,#4132,#2482,.T.);
#5341=EDGE_CURVE('',#3935,#3936,#460,.T.);
#5342=EDGE_CURVE('',#4139,#4140,#2483,.T.);
#5343=EDGE_CURVE('',#4140,#4141,#2484,.T.);
#5344=EDGE_CURVE('',#4142,#4141,#2485,.T.);
#5345=EDGE_CURVE('',#4139,#4142,#2486,.T.);
#5346=EDGE_CURVE('',#4143,#4139,#2487,.T.);
#5347=EDGE_CURVE('',#4144,#4142,#2488,.T.);
#5348=EDGE_CURVE('',#4143,#4144,#2489,.T.);
#5349=EDGE_CURVE('',#4145,#4143,#2490,.T.);
#5350=EDGE_CURVE('',#4146,#4144,#2491,.T.);
#5351=EDGE_CURVE('',#4145,#4146,#2492,.T.);
#5352=EDGE_CURVE('',#4147,#4145,#2493,.T.);
#5353=EDGE_CURVE('',#4148,#4146,#2494,.T.);
#5354=EDGE_CURVE('',#4147,#4148,#2495,.T.);
#5355=EDGE_CURVE('',#4149,#4147,#2496,.T.);
#5356=EDGE_CURVE('',#4150,#4148,#2497,.T.);
#5357=EDGE_CURVE('',#4149,#4150,#2498,.T.);
#5358=EDGE_CURVE('',#4151,#4149,#2499,.T.);
#5359=EDGE_CURVE('',#4152,#4150,#2500,.T.);
#5360=EDGE_CURVE('',#4151,#4152,#2501,.T.);
#5361=EDGE_CURVE('',#4153,#4151,#2502,.T.);
#5362=EDGE_CURVE('',#4154,#4152,#2503,.T.);
#5363=EDGE_CURVE('',#4153,#4154,#2504,.T.);
#5364=EDGE_CURVE('',#4140,#4153,#2505,.T.);
#5365=EDGE_CURVE('',#4141,#4154,#2506,.T.);
#5366=EDGE_CURVE('',#4155,#4156,#2507,.T.);
#5367=EDGE_CURVE('',#4156,#4157,#2508,.T.);
#5368=EDGE_CURVE('',#4157,#4158,#2509,.T.);
#5369=EDGE_CURVE('',#4158,#4155,#2510,.T.);
#5370=EDGE_CURVE('',#4159,#4160,#2511,.T.);
#5371=EDGE_CURVE('',#4160,#4156,#461,.T.);
#5372=EDGE_CURVE('',#4155,#4159,#462,.T.);
#5373=EDGE_CURVE('',#4161,#4162,#2512,.T.);
#5374=EDGE_CURVE('',#4162,#4160,#2513,.T.);
#5375=EDGE_CURVE('',#4159,#4161,#2514,.T.);
#5376=EDGE_CURVE('',#4163,#4164,#2515,.T.);
#5377=EDGE_CURVE('',#4164,#4162,#463,.T.);
#5378=EDGE_CURVE('',#4161,#4163,#464,.T.);
#5379=EDGE_CURVE('',#4165,#4166,#2516,.T.);
#5380=EDGE_CURVE('',#4166,#4164,#2517,.T.);
#5381=EDGE_CURVE('',#4163,#4165,#2518,.T.);
#5382=EDGE_CURVE('',#4167,#4168,#2519,.T.);
#5383=EDGE_CURVE('',#4168,#4166,#465,.T.);
#5384=EDGE_CURVE('',#4165,#4167,#466,.T.);
#5385=EDGE_CURVE('',#4169,#4170,#2520,.T.);
#5386=EDGE_CURVE('',#4170,#4168,#2521,.T.);
#5387=EDGE_CURVE('',#4167,#4169,#2522,.T.);
#5388=EDGE_CURVE('',#4157,#4170,#467,.T.);
#5389=EDGE_CURVE('',#4169,#4158,#468,.T.);
#5390=EDGE_CURVE('',#4171,#4161,#2523,.T.);
#5391=EDGE_CURVE('',#4172,#4171,#469,.T.);
#5392=EDGE_CURVE('',#4172,#4163,#2524,.T.);
#5393=EDGE_CURVE('',#4173,#4159,#2525,.T.);
#5394=EDGE_CURVE('',#4171,#4173,#2526,.T.);
#5395=EDGE_CURVE('',#4174,#4155,#2527,.T.);
#5396=EDGE_CURVE('',#4173,#4174,#470,.T.);
#5397=EDGE_CURVE('',#4175,#4158,#2528,.T.);
#5398=EDGE_CURVE('',#4174,#4175,#2529,.T.);
#5399=EDGE_CURVE('',#4176,#4169,#2530,.T.);
#5400=EDGE_CURVE('',#4175,#4176,#471,.T.);
#5401=EDGE_CURVE('',#4177,#4167,#2531,.T.);
#5402=EDGE_CURVE('',#4176,#4177,#2532,.T.);
#5403=EDGE_CURVE('',#4178,#4165,#2533,.T.);
#5404=EDGE_CURVE('',#4177,#4178,#472,.T.);
#5405=EDGE_CURVE('',#4178,#4172,#2534,.T.);
#5406=ORIENTED_EDGE('',*,*,#4179,.F.);
#5407=ORIENTED_EDGE('',*,*,#4180,.T.);
#5408=ORIENTED_EDGE('',*,*,#4181,.T.);
#5409=ORIENTED_EDGE('',*,*,#4182,.F.);
#5410=ORIENTED_EDGE('',*,*,#4183,.F.);
#5411=ORIENTED_EDGE('',*,*,#4184,.T.);
#5412=ORIENTED_EDGE('',*,*,#4185,.T.);
#5413=ORIENTED_EDGE('',*,*,#4180,.F.);
#5414=ORIENTED_EDGE('',*,*,#4186,.F.);
#5415=ORIENTED_EDGE('',*,*,#4182,.T.);
#5416=ORIENTED_EDGE('',*,*,#4187,.T.);
#5417=ORIENTED_EDGE('',*,*,#4184,.F.);
#5418=ORIENTED_EDGE('',*,*,#4187,.F.);
#5419=ORIENTED_EDGE('',*,*,#4181,.F.);
#5420=ORIENTED_EDGE('',*,*,#4185,.F.);
#5421=ORIENTED_EDGE('',*,*,#4188,.T.);
#5422=ORIENTED_EDGE('',*,*,#4189,.T.);
#5423=ORIENTED_EDGE('',*,*,#4190,.T.);
#5424=ORIENTED_EDGE('',*,*,#4191,.F.);
#5425=ORIENTED_EDGE('',*,*,#4192,.T.);
#5426=ORIENTED_EDGE('',*,*,#4193,.T.);
#5427=ORIENTED_EDGE('',*,*,#4194,.F.);
#5428=ORIENTED_EDGE('',*,*,#4190,.F.);
#5429=ORIENTED_EDGE('',*,*,#4195,.F.);
#5430=ORIENTED_EDGE('',*,*,#4196,.F.);
#5431=ORIENTED_EDGE('',*,*,#4193,.F.);
#5432=ORIENTED_EDGE('',*,*,#4197,.T.);
#5433=ORIENTED_EDGE('',*,*,#4198,.T.);
#5434=ORIENTED_EDGE('',*,*,#4199,.T.);
#5435=ORIENTED_EDGE('',*,*,#4200,.F.);
#5436=ORIENTED_EDGE('',*,*,#4201,.F.);
#5437=ORIENTED_EDGE('',*,*,#4197,.F.);
#5438=ORIENTED_EDGE('',*,*,#4192,.F.);
#5439=ORIENTED_EDGE('',*,*,#4189,.F.);
#5440=ORIENTED_EDGE('',*,*,#4202,.T.);
#5441=ORIENTED_EDGE('',*,*,#4203,.T.);
#5442=ORIENTED_EDGE('',*,*,#4204,.T.);
#5443=ORIENTED_EDGE('',*,*,#4205,.T.);
#5444=ORIENTED_EDGE('',*,*,#4206,.T.);
#5445=ORIENTED_EDGE('',*,*,#4204,.F.);
#5446=ORIENTED_EDGE('',*,*,#4207,.F.);
#5447=ORIENTED_EDGE('',*,*,#4208,.F.);
#5448=ORIENTED_EDGE('',*,*,#4209,.F.);
#5449=ORIENTED_EDGE('',*,*,#4203,.F.);
#5450=ORIENTED_EDGE('',*,*,#4210,.T.);
#5451=ORIENTED_EDGE('',*,*,#4211,.F.);
#5452=ORIENTED_EDGE('',*,*,#4212,.T.);
#5453=ORIENTED_EDGE('',*,*,#4213,.F.);
#5454=ORIENTED_EDGE('',*,*,#4214,.T.);
#5455=ORIENTED_EDGE('',*,*,#4215,.F.);
#5456=ORIENTED_EDGE('',*,*,#4207,.T.);
#5457=ORIENTED_EDGE('',*,*,#4215,.T.);
#5458=ORIENTED_EDGE('',*,*,#4216,.T.);
#5459=ORIENTED_EDGE('',*,*,#4217,.T.);
#5460=ORIENTED_EDGE('',*,*,#4208,.T.);
#5461=ORIENTED_EDGE('',*,*,#4216,.F.);
#5462=ORIENTED_EDGE('',*,*,#4214,.F.);
#5463=ORIENTED_EDGE('',*,*,#4218,.F.);
#5464=ORIENTED_EDGE('',*,*,#4219,.F.);
#5465=ORIENTED_EDGE('',*,*,#4211,.T.);
#5466=ORIENTED_EDGE('',*,*,#4220,.T.);
#5467=ORIENTED_EDGE('',*,*,#4221,.T.);
#5468=ORIENTED_EDGE('',*,*,#4222,.T.);
#5469=ORIENTED_EDGE('',*,*,#4206,.F.);
#5470=ORIENTED_EDGE('',*,*,#4223,.F.);
#5471=ORIENTED_EDGE('',*,*,#4220,.F.);
#5472=ORIENTED_EDGE('',*,*,#4210,.F.);
#5473=ORIENTED_EDGE('',*,*,#4213,.T.);
#5474=ORIENTED_EDGE('',*,*,#4224,.T.);
#5475=ORIENTED_EDGE('',*,*,#4225,.T.);
#5476=ORIENTED_EDGE('',*,*,#4218,.T.);
#5477=ORIENTED_EDGE('',*,*,#4222,.F.);
#5478=ORIENTED_EDGE('',*,*,#4226,.F.);
#5479=ORIENTED_EDGE('',*,*,#4224,.F.);
#5480=ORIENTED_EDGE('',*,*,#4212,.F.);
#5481=ORIENTED_EDGE('',*,*,#4227,.F.);
#5482=ORIENTED_EDGE('',*,*,#4198,.F.);
#5483=ORIENTED_EDGE('',*,*,#4195,.T.);
#5484=ORIENTED_EDGE('',*,*,#4202,.F.);
#5485=ORIENTED_EDGE('',*,*,#4188,.F.);
#5486=ORIENTED_EDGE('',*,*,#4228,.F.);
#5487=ORIENTED_EDGE('',*,*,#4227,.T.);
#5488=ORIENTED_EDGE('',*,*,#4229,.F.);
#5489=ORIENTED_EDGE('',*,*,#4230,.F.);
#5490=ORIENTED_EDGE('',*,*,#4199,.F.);
#5491=ORIENTED_EDGE('',*,*,#4179,.T.);
#5492=ORIENTED_EDGE('',*,*,#4186,.T.);
#5493=ORIENTED_EDGE('',*,*,#4183,.T.);
#5494=ORIENTED_EDGE('',*,*,#4209,.T.);
#5495=ORIENTED_EDGE('',*,*,#4217,.F.);
#5496=ORIENTED_EDGE('',*,*,#4219,.T.);
#5497=ORIENTED_EDGE('',*,*,#4225,.F.);
#5498=ORIENTED_EDGE('',*,*,#4226,.T.);
#5499=ORIENTED_EDGE('',*,*,#4221,.F.);
#5500=ORIENTED_EDGE('',*,*,#4223,.T.);
#5501=ORIENTED_EDGE('',*,*,#4205,.F.);
#5502=ORIENTED_EDGE('',*,*,#4231,.F.);
#5503=ORIENTED_EDGE('',*,*,#4200,.T.);
#5504=ORIENTED_EDGE('',*,*,#4230,.T.);
#5505=ORIENTED_EDGE('',*,*,#4232,.F.);
#5506=ORIENTED_EDGE('',*,*,#4228,.T.);
#5507=ORIENTED_EDGE('',*,*,#4233,.F.);
#5508=ORIENTED_EDGE('',*,*,#4232,.T.);
#5509=ORIENTED_EDGE('',*,*,#4229,.T.);
#5510=ORIENTED_EDGE('',*,*,#4234,.F.);
#5511=ORIENTED_EDGE('',*,*,#4235,.T.);
#5512=ORIENTED_EDGE('',*,*,#4236,.F.);
#5513=ORIENTED_EDGE('',*,*,#4237,.F.);
#5514=ORIENTED_EDGE('',*,*,#4238,.F.);
#5515=ORIENTED_EDGE('',*,*,#4239,.F.);
#5516=ORIENTED_EDGE('',*,*,#4240,.T.);
#5517=ORIENTED_EDGE('',*,*,#4241,.F.);
#5518=ORIENTED_EDGE('',*,*,#4235,.F.);
#5519=ORIENTED_EDGE('',*,*,#4242,.F.);
#5520=ORIENTED_EDGE('',*,*,#4243,.F.);
#5521=ORIENTED_EDGE('',*,*,#4244,.T.);
#5522=ORIENTED_EDGE('',*,*,#4245,.F.);
#5523=ORIENTED_EDGE('',*,*,#4240,.F.);
#5524=ORIENTED_EDGE('',*,*,#4245,.T.);
#5525=ORIENTED_EDGE('',*,*,#4246,.T.);
#5526=ORIENTED_EDGE('',*,*,#4236,.T.);
#5527=ORIENTED_EDGE('',*,*,#4241,.T.);
#5528=ORIENTED_EDGE('',*,*,#4231,.T.);
#5529=ORIENTED_EDGE('',*,*,#4233,.T.);
#5530=ORIENTED_EDGE('',*,*,#4191,.T.);
#5531=ORIENTED_EDGE('',*,*,#4194,.T.);
#5532=ORIENTED_EDGE('',*,*,#4196,.T.);
#5533=ORIENTED_EDGE('',*,*,#4201,.T.);
#5534=ORIENTED_EDGE('',*,*,#4239,.T.);
#5535=ORIENTED_EDGE('',*,*,#4247,.T.);
#5536=ORIENTED_EDGE('',*,*,#4248,.T.);
#5537=ORIENTED_EDGE('',*,*,#4249,.F.);
#5538=ORIENTED_EDGE('',*,*,#4250,.F.);
#5539=ORIENTED_EDGE('',*,*,#4251,.T.);
#5540=ORIENTED_EDGE('',*,*,#4252,.F.);
#5541=ORIENTED_EDGE('',*,*,#4251,.F.);
#5542=ORIENTED_EDGE('',*,*,#4253,.F.);
#5543=ORIENTED_EDGE('',*,*,#4254,.F.);
#5544=ORIENTED_EDGE('',*,*,#4255,.F.);
#5545=ORIENTED_EDGE('',*,*,#4256,.T.);
#5546=ORIENTED_EDGE('',*,*,#4257,.T.);
#5547=ORIENTED_EDGE('',*,*,#4254,.T.);
#5548=ORIENTED_EDGE('',*,*,#4248,.F.);
#5549=ORIENTED_EDGE('',*,*,#4258,.F.);
#5550=ORIENTED_EDGE('',*,*,#4259,.F.);
#5551=ORIENTED_EDGE('',*,*,#4260,.T.);
#5552=ORIENTED_EDGE('',*,*,#4259,.T.);
#5553=ORIENTED_EDGE('',*,*,#4261,.F.);
#5554=ORIENTED_EDGE('',*,*,#4262,.F.);
#5555=ORIENTED_EDGE('',*,*,#4252,.T.);
#5556=ORIENTED_EDGE('',*,*,#4263,.T.);
#5557=ORIENTED_EDGE('',*,*,#4255,.T.);
#5558=ORIENTED_EDGE('',*,*,#4257,.F.);
#5559=ORIENTED_EDGE('',*,*,#4260,.F.);
#5560=ORIENTED_EDGE('',*,*,#4238,.T.);
#5561=ORIENTED_EDGE('',*,*,#4264,.F.);
#5562=ORIENTED_EDGE('',*,*,#4265,.T.);
#5563=ORIENTED_EDGE('',*,*,#4266,.T.);
#5564=ORIENTED_EDGE('',*,*,#4267,.F.);
#5565=ORIENTED_EDGE('',*,*,#4261,.T.);
#5566=ORIENTED_EDGE('',*,*,#4258,.T.);
#5567=ORIENTED_EDGE('',*,*,#4247,.F.);
#5568=ORIENTED_EDGE('',*,*,#4268,.F.);
#5569=ORIENTED_EDGE('',*,*,#4269,.F.);
#5570=ORIENTED_EDGE('',*,*,#4270,.F.);
#5571=ORIENTED_EDGE('',*,*,#4271,.T.);
#5572=ORIENTED_EDGE('',*,*,#4272,.F.);
#5573=ORIENTED_EDGE('',*,*,#4273,.T.);
#5574=ORIENTED_EDGE('',*,*,#4266,.F.);
#5575=ORIENTED_EDGE('',*,*,#4274,.F.);
#5576=ORIENTED_EDGE('',*,*,#4250,.T.);
#5577=ORIENTED_EDGE('',*,*,#4275,.F.);
#5578=ORIENTED_EDGE('',*,*,#4274,.T.);
#5579=ORIENTED_EDGE('',*,*,#4265,.F.);
#5580=ORIENTED_EDGE('',*,*,#4276,.F.);
#5581=ORIENTED_EDGE('',*,*,#4271,.F.);
#5582=ORIENTED_EDGE('',*,*,#4275,.T.);
#5583=ORIENTED_EDGE('',*,*,#4270,.T.);
#5584=ORIENTED_EDGE('',*,*,#4277,.T.);
#5585=ORIENTED_EDGE('',*,*,#4272,.T.);
#5586=ORIENTED_EDGE('',*,*,#4242,.T.);
#5587=ORIENTED_EDGE('',*,*,#4278,.F.);
#5588=ORIENTED_EDGE('',*,*,#4276,.T.);
#5589=ORIENTED_EDGE('',*,*,#4264,.T.);
#5590=ORIENTED_EDGE('',*,*,#4256,.F.);
#5591=ORIENTED_EDGE('',*,*,#4263,.F.);
#5592=ORIENTED_EDGE('',*,*,#4262,.T.);
#5593=ORIENTED_EDGE('',*,*,#4267,.T.);
#5594=ORIENTED_EDGE('',*,*,#4273,.F.);
#5595=ORIENTED_EDGE('',*,*,#4277,.F.);
#5596=ORIENTED_EDGE('',*,*,#4269,.T.);
#5597=ORIENTED_EDGE('',*,*,#4279,.T.);
#5598=ORIENTED_EDGE('',*,*,#4280,.T.);
#5599=ORIENTED_EDGE('',*,*,#4281,.T.);
#5600=ORIENTED_EDGE('',*,*,#4282,.T.);
#5601=ORIENTED_EDGE('',*,*,#4283,.T.);
#5602=ORIENTED_EDGE('',*,*,#4284,.T.);
#5603=ORIENTED_EDGE('',*,*,#4285,.T.);
#5604=ORIENTED_EDGE('',*,*,#4286,.T.);
#5605=ORIENTED_EDGE('',*,*,#4287,.T.);
#5606=ORIENTED_EDGE('',*,*,#4288,.T.);
#5607=ORIENTED_EDGE('',*,*,#4289,.T.);
#5608=ORIENTED_EDGE('',*,*,#4290,.T.);
#5609=ORIENTED_EDGE('',*,*,#4291,.T.);
#5610=ORIENTED_EDGE('',*,*,#4292,.T.);
#5611=ORIENTED_EDGE('',*,*,#4293,.T.);
#5612=ORIENTED_EDGE('',*,*,#4294,.T.);
#5613=ORIENTED_EDGE('',*,*,#4295,.T.);
#5614=ORIENTED_EDGE('',*,*,#4296,.T.);
#5615=ORIENTED_EDGE('',*,*,#4297,.T.);
#5616=ORIENTED_EDGE('',*,*,#4298,.T.);
#5617=ORIENTED_EDGE('',*,*,#4299,.T.);
#5618=ORIENTED_EDGE('',*,*,#4300,.F.);
#5619=ORIENTED_EDGE('',*,*,#4301,.F.);
#5620=ORIENTED_EDGE('',*,*,#4302,.F.);
#5621=ORIENTED_EDGE('',*,*,#4298,.F.);
#5622=ORIENTED_EDGE('',*,*,#4243,.T.);
#5623=ORIENTED_EDGE('',*,*,#4249,.T.);
#5624=ORIENTED_EDGE('',*,*,#4253,.T.);
#5625=ORIENTED_EDGE('',*,*,#4299,.F.);
#5626=ORIENTED_EDGE('',*,*,#4302,.T.);
#5627=ORIENTED_EDGE('',*,*,#4303,.F.);
#5628=ORIENTED_EDGE('',*,*,#4304,.F.);
#5629=ORIENTED_EDGE('',*,*,#4280,.F.);
#5630=ORIENTED_EDGE('',*,*,#4305,.F.);
#5631=ORIENTED_EDGE('',*,*,#4306,.F.);
#5632=ORIENTED_EDGE('',*,*,#4307,.F.);
#5633=ORIENTED_EDGE('',*,*,#4305,.T.);
#5634=ORIENTED_EDGE('',*,*,#4279,.F.);
#5635=ORIENTED_EDGE('',*,*,#4268,.T.);
#5636=ORIENTED_EDGE('',*,*,#4278,.T.);
#5637=ORIENTED_EDGE('',*,*,#4234,.T.);
#5638=ORIENTED_EDGE('',*,*,#4304,.T.);
#5639=ORIENTED_EDGE('',*,*,#4308,.T.);
#5640=ORIENTED_EDGE('',*,*,#4309,.F.);
#5641=ORIENTED_EDGE('',*,*,#4281,.F.);
#5642=ORIENTED_EDGE('',*,*,#4310,.F.);
#5643=ORIENTED_EDGE('',*,*,#4288,.F.);
#5644=ORIENTED_EDGE('',*,*,#4311,.T.);
#5645=ORIENTED_EDGE('',*,*,#4312,.F.);
#5646=ORIENTED_EDGE('',*,*,#4313,.F.);
#5647=ORIENTED_EDGE('',*,*,#4314,.F.);
#5648=ORIENTED_EDGE('',*,*,#4315,.T.);
#5649=ORIENTED_EDGE('',*,*,#4286,.F.);
#5650=ORIENTED_EDGE('',*,*,#4316,.F.);
#5651=ORIENTED_EDGE('',*,*,#4311,.F.);
#5652=ORIENTED_EDGE('',*,*,#4287,.F.);
#5653=ORIENTED_EDGE('',*,*,#4315,.F.);
#5654=ORIENTED_EDGE('',*,*,#4317,.F.);
#5655=ORIENTED_EDGE('',*,*,#4292,.F.);
#5656=ORIENTED_EDGE('',*,*,#4318,.T.);
#5657=ORIENTED_EDGE('',*,*,#4319,.F.);
#5658=ORIENTED_EDGE('',*,*,#4320,.F.);
#5659=ORIENTED_EDGE('',*,*,#4321,.F.);
#5660=ORIENTED_EDGE('',*,*,#4322,.T.);
#5661=ORIENTED_EDGE('',*,*,#4290,.F.);
#5662=ORIENTED_EDGE('',*,*,#4322,.F.);
#5663=ORIENTED_EDGE('',*,*,#4323,.F.);
#5664=ORIENTED_EDGE('',*,*,#4318,.F.);
#5665=ORIENTED_EDGE('',*,*,#4291,.F.);
#5666=ORIENTED_EDGE('',*,*,#4317,.T.);
#5667=ORIENTED_EDGE('',*,*,#4324,.T.);
#5668=ORIENTED_EDGE('',*,*,#4325,.F.);
#5669=ORIENTED_EDGE('',*,*,#4293,.F.);
#5670=ORIENTED_EDGE('',*,*,#4313,.T.);
#5671=ORIENTED_EDGE('',*,*,#4285,.F.);
#5672=ORIENTED_EDGE('',*,*,#4326,.T.);
#5673=ORIENTED_EDGE('',*,*,#4327,.T.);
#5674=ORIENTED_EDGE('',*,*,#4310,.T.);
#5675=ORIENTED_EDGE('',*,*,#4328,.T.);
#5676=ORIENTED_EDGE('',*,*,#4320,.T.);
#5677=ORIENTED_EDGE('',*,*,#4289,.F.);
#5678=ORIENTED_EDGE('',*,*,#4303,.T.);
#5679=ORIENTED_EDGE('',*,*,#4301,.T.);
#5680=ORIENTED_EDGE('',*,*,#4329,.F.);
#5681=ORIENTED_EDGE('',*,*,#4330,.F.);
#5682=ORIENTED_EDGE('',*,*,#4331,.F.);
#5683=ORIENTED_EDGE('',*,*,#4332,.F.);
#5684=ORIENTED_EDGE('',*,*,#4324,.F.);
#5685=ORIENTED_EDGE('',*,*,#4319,.T.);
#5686=ORIENTED_EDGE('',*,*,#4323,.T.);
#5687=ORIENTED_EDGE('',*,*,#4321,.T.);
#5688=ORIENTED_EDGE('',*,*,#4328,.F.);
#5689=ORIENTED_EDGE('',*,*,#4312,.T.);
#5690=ORIENTED_EDGE('',*,*,#4316,.T.);
#5691=ORIENTED_EDGE('',*,*,#4314,.T.);
#5692=ORIENTED_EDGE('',*,*,#4327,.F.);
#5693=ORIENTED_EDGE('',*,*,#4333,.F.);
#5694=ORIENTED_EDGE('',*,*,#4334,.F.);
#5695=ORIENTED_EDGE('',*,*,#4335,.F.);
#5696=ORIENTED_EDGE('',*,*,#4308,.F.);
#5697=ORIENTED_EDGE('',*,*,#4306,.T.);
#5698=ORIENTED_EDGE('',*,*,#4307,.T.);
#5699=ORIENTED_EDGE('',*,*,#4237,.T.);
#5700=ORIENTED_EDGE('',*,*,#4246,.F.);
#5701=ORIENTED_EDGE('',*,*,#4244,.F.);
#5702=ORIENTED_EDGE('',*,*,#4336,.T.);
#5703=ORIENTED_EDGE('',*,*,#4282,.F.);
#5704=ORIENTED_EDGE('',*,*,#4309,.T.);
#5705=ORIENTED_EDGE('',*,*,#4335,.T.);
#5706=ORIENTED_EDGE('',*,*,#4337,.F.);
#5707=ORIENTED_EDGE('',*,*,#4300,.T.);
#5708=ORIENTED_EDGE('',*,*,#4297,.F.);
#5709=ORIENTED_EDGE('',*,*,#4338,.T.);
#5710=ORIENTED_EDGE('',*,*,#4329,.T.);
#5711=ORIENTED_EDGE('',*,*,#4339,.F.);
#5712=ORIENTED_EDGE('',*,*,#4340,.F.);
#5713=ORIENTED_EDGE('',*,*,#4341,.F.);
#5714=ORIENTED_EDGE('',*,*,#4342,.F.);
#5715=ORIENTED_EDGE('',*,*,#4343,.F.);
#5716=ORIENTED_EDGE('',*,*,#4344,.T.);
#5717=ORIENTED_EDGE('',*,*,#4339,.T.);
#5718=ORIENTED_EDGE('',*,*,#4345,.F.);
#5719=ORIENTED_EDGE('',*,*,#4346,.F.);
#5720=ORIENTED_EDGE('',*,*,#4345,.T.);
#5721=ORIENTED_EDGE('',*,*,#4342,.T.);
#5722=ORIENTED_EDGE('',*,*,#4347,.F.);
#5723=ORIENTED_EDGE('',*,*,#4348,.F.);
#5724=ORIENTED_EDGE('',*,*,#4347,.T.);
#5725=ORIENTED_EDGE('',*,*,#4341,.T.);
#5726=ORIENTED_EDGE('',*,*,#4349,.F.);
#5727=ORIENTED_EDGE('',*,*,#4350,.F.);
#5728=ORIENTED_EDGE('',*,*,#4349,.T.);
#5729=ORIENTED_EDGE('',*,*,#4340,.T.);
#5730=ORIENTED_EDGE('',*,*,#4344,.F.);
#5731=ORIENTED_EDGE('',*,*,#4351,.F.);
#5732=ORIENTED_EDGE('',*,*,#4352,.F.);
#5733=ORIENTED_EDGE('',*,*,#4353,.F.);
#5734=ORIENTED_EDGE('',*,*,#4354,.T.);
#5735=ORIENTED_EDGE('',*,*,#4352,.T.);
#5736=ORIENTED_EDGE('',*,*,#4354,.F.);
#5737=ORIENTED_EDGE('',*,*,#4355,.T.);
#5738=ORIENTED_EDGE('',*,*,#4356,.T.);
#5739=ORIENTED_EDGE('',*,*,#4351,.T.);
#5740=ORIENTED_EDGE('',*,*,#4356,.F.);
#5741=ORIENTED_EDGE('',*,*,#4353,.T.);
#5742=ORIENTED_EDGE('',*,*,#4357,.T.);
#5743=ORIENTED_EDGE('',*,*,#4358,.F.);
#5744=ORIENTED_EDGE('',*,*,#4359,.F.);
#5745=ORIENTED_EDGE('',*,*,#4357,.F.);
#5746=ORIENTED_EDGE('',*,*,#4360,.T.);
#5747=ORIENTED_EDGE('',*,*,#4358,.T.);
#5748=ORIENTED_EDGE('',*,*,#4360,.F.);
#5749=ORIENTED_EDGE('',*,*,#4336,.F.);
#5750=ORIENTED_EDGE('',*,*,#4361,.T.);
#5751=ORIENTED_EDGE('',*,*,#4359,.T.);
#5752=ORIENTED_EDGE('',*,*,#4361,.F.);
#5753=ORIENTED_EDGE('',*,*,#4296,.F.);
#5754=ORIENTED_EDGE('',*,*,#4362,.T.);
#5755=ORIENTED_EDGE('',*,*,#4330,.T.);
#5756=ORIENTED_EDGE('',*,*,#4338,.F.);
#5757=ORIENTED_EDGE('',*,*,#4295,.F.);
#5758=ORIENTED_EDGE('',*,*,#4363,.T.);
#5759=ORIENTED_EDGE('',*,*,#4331,.T.);
#5760=ORIENTED_EDGE('',*,*,#4362,.F.);
#5761=ORIENTED_EDGE('',*,*,#4283,.F.);
#5762=ORIENTED_EDGE('',*,*,#4337,.T.);
#5763=ORIENTED_EDGE('',*,*,#4334,.T.);
#5764=ORIENTED_EDGE('',*,*,#4364,.F.);
#5765=ORIENTED_EDGE('',*,*,#4355,.F.);
#5766=ORIENTED_EDGE('',*,*,#4350,.T.);
#5767=ORIENTED_EDGE('',*,*,#4343,.T.);
#5768=ORIENTED_EDGE('',*,*,#4346,.T.);
#5769=ORIENTED_EDGE('',*,*,#4348,.T.);
#5770=ORIENTED_EDGE('',*,*,#4284,.F.);
#5771=ORIENTED_EDGE('',*,*,#4364,.T.);
#5772=ORIENTED_EDGE('',*,*,#4333,.T.);
#5773=ORIENTED_EDGE('',*,*,#4326,.F.);
#5774=ORIENTED_EDGE('',*,*,#4294,.F.);
#5775=ORIENTED_EDGE('',*,*,#4325,.T.);
#5776=ORIENTED_EDGE('',*,*,#4332,.T.);
#5777=ORIENTED_EDGE('',*,*,#4363,.F.);
#5778=ORIENTED_EDGE('',*,*,#4365,.T.);
#5779=ORIENTED_EDGE('',*,*,#4366,.T.);
#5780=ORIENTED_EDGE('',*,*,#4367,.T.);
#5781=ORIENTED_EDGE('',*,*,#4368,.T.);
#5782=ORIENTED_EDGE('',*,*,#4368,.F.);
#5783=ORIENTED_EDGE('',*,*,#4369,.F.);
#5784=ORIENTED_EDGE('',*,*,#4370,.T.);
#5785=ORIENTED_EDGE('',*,*,#4371,.F.);
#5786=ORIENTED_EDGE('',*,*,#4367,.F.);
#5787=ORIENTED_EDGE('',*,*,#4372,.T.);
#5788=ORIENTED_EDGE('',*,*,#4373,.F.);
#5789=ORIENTED_EDGE('',*,*,#4374,.T.);
#5790=ORIENTED_EDGE('',*,*,#4375,.T.);
#5791=ORIENTED_EDGE('',*,*,#4376,.T.);
#5792=ORIENTED_EDGE('',*,*,#4377,.T.);
#5793=ORIENTED_EDGE('',*,*,#4378,.T.);
#5794=ORIENTED_EDGE('',*,*,#4379,.T.);
#5795=ORIENTED_EDGE('',*,*,#4369,.T.);
#5796=ORIENTED_EDGE('',*,*,#4380,.T.);
#5797=ORIENTED_EDGE('',*,*,#4381,.T.);
#5798=ORIENTED_EDGE('',*,*,#4373,.T.);
#5799=ORIENTED_EDGE('',*,*,#4382,.T.);
#5800=ORIENTED_EDGE('',*,*,#4381,.F.);
#5801=ORIENTED_EDGE('',*,*,#4383,.F.);
#5802=ORIENTED_EDGE('',*,*,#4384,.F.);
#5803=ORIENTED_EDGE('',*,*,#4374,.F.);
#5804=ORIENTED_EDGE('',*,*,#4375,.F.);
#5805=ORIENTED_EDGE('',*,*,#4384,.T.);
#5806=ORIENTED_EDGE('',*,*,#4385,.F.);
#5807=ORIENTED_EDGE('',*,*,#4386,.F.);
#5808=ORIENTED_EDGE('',*,*,#4376,.F.);
#5809=ORIENTED_EDGE('',*,*,#4386,.T.);
#5810=ORIENTED_EDGE('',*,*,#4387,.F.);
#5811=ORIENTED_EDGE('',*,*,#4388,.F.);
#5812=ORIENTED_EDGE('',*,*,#4377,.F.);
#5813=ORIENTED_EDGE('',*,*,#4388,.T.);
#5814=ORIENTED_EDGE('',*,*,#4389,.F.);
#5815=ORIENTED_EDGE('',*,*,#4390,.F.);
#5816=ORIENTED_EDGE('',*,*,#4378,.F.);
#5817=ORIENTED_EDGE('',*,*,#4390,.T.);
#5818=ORIENTED_EDGE('',*,*,#4391,.F.);
#5819=ORIENTED_EDGE('',*,*,#4392,.F.);
#5820=ORIENTED_EDGE('',*,*,#4379,.F.);
#5821=ORIENTED_EDGE('',*,*,#4392,.T.);
#5822=ORIENTED_EDGE('',*,*,#4393,.F.);
#5823=ORIENTED_EDGE('',*,*,#4370,.F.);
#5824=ORIENTED_EDGE('',*,*,#4366,.F.);
#5825=ORIENTED_EDGE('',*,*,#4394,.F.);
#5826=ORIENTED_EDGE('',*,*,#4382,.F.);
#5827=ORIENTED_EDGE('',*,*,#4372,.F.);
#5828=ORIENTED_EDGE('',*,*,#4365,.F.);
#5829=ORIENTED_EDGE('',*,*,#4371,.T.);
#5830=ORIENTED_EDGE('',*,*,#4393,.T.);
#5831=ORIENTED_EDGE('',*,*,#4391,.T.);
#5832=ORIENTED_EDGE('',*,*,#4389,.T.);
#5833=ORIENTED_EDGE('',*,*,#4387,.T.);
#5834=ORIENTED_EDGE('',*,*,#4385,.T.);
#5835=ORIENTED_EDGE('',*,*,#4383,.T.);
#5836=ORIENTED_EDGE('',*,*,#4380,.F.);
#5837=ORIENTED_EDGE('',*,*,#4394,.T.);
#5838=ORIENTED_EDGE('',*,*,#4395,.T.);
#5839=ORIENTED_EDGE('',*,*,#4396,.T.);
#5840=ORIENTED_EDGE('',*,*,#4397,.T.);
#5841=ORIENTED_EDGE('',*,*,#4396,.F.);
#5842=ORIENTED_EDGE('',*,*,#4395,.F.);
#5843=ORIENTED_EDGE('',*,*,#4398,.F.);
#5844=ORIENTED_EDGE('',*,*,#4399,.T.);
#5845=ORIENTED_EDGE('',*,*,#4400,.F.);
#5846=ORIENTED_EDGE('',*,*,#4401,.T.);
#5847=ORIENTED_EDGE('',*,*,#4402,.F.);
#5848=ORIENTED_EDGE('',*,*,#4403,.T.);
#5849=ORIENTED_EDGE('',*,*,#4404,.F.);
#5850=ORIENTED_EDGE('',*,*,#4405,.T.);
#5851=ORIENTED_EDGE('',*,*,#4406,.F.);
#5852=ORIENTED_EDGE('',*,*,#4407,.T.);
#5853=ORIENTED_EDGE('',*,*,#4408,.F.);
#5854=ORIENTED_EDGE('',*,*,#4409,.T.);
#5855=ORIENTED_EDGE('',*,*,#4410,.F.);
#5856=ORIENTED_EDGE('',*,*,#4411,.T.);
#5857=ORIENTED_EDGE('',*,*,#4412,.F.);
#5858=ORIENTED_EDGE('',*,*,#4413,.T.);
#5859=ORIENTED_EDGE('',*,*,#4414,.F.);
#5860=ORIENTED_EDGE('',*,*,#4415,.T.);
#5861=ORIENTED_EDGE('',*,*,#4416,.F.);
#5862=ORIENTED_EDGE('',*,*,#4417,.T.);
#5863=ORIENTED_EDGE('',*,*,#4418,.F.);
#5864=ORIENTED_EDGE('',*,*,#4419,.T.);
#5865=ORIENTED_EDGE('',*,*,#4420,.F.);
#5866=ORIENTED_EDGE('',*,*,#4421,.T.);
#5867=ORIENTED_EDGE('',*,*,#4397,.F.);
#5868=ORIENTED_EDGE('',*,*,#4422,.T.);
#5869=ORIENTED_EDGE('',*,*,#4423,.T.);
#5870=ORIENTED_EDGE('',*,*,#4422,.F.);
#5871=ORIENTED_EDGE('',*,*,#4424,.F.);
#5872=ORIENTED_EDGE('',*,*,#4425,.T.);
#5873=ORIENTED_EDGE('',*,*,#4420,.T.);
#5874=ORIENTED_EDGE('',*,*,#4426,.T.);
#5875=ORIENTED_EDGE('',*,*,#4426,.F.);
#5876=ORIENTED_EDGE('',*,*,#4419,.F.);
#5877=ORIENTED_EDGE('',*,*,#4427,.F.);
#5878=ORIENTED_EDGE('',*,*,#4428,.T.);
#5879=ORIENTED_EDGE('',*,*,#4398,.T.);
#5880=ORIENTED_EDGE('',*,*,#4429,.T.);
#5881=ORIENTED_EDGE('',*,*,#4430,.T.);
#5882=ORIENTED_EDGE('',*,*,#4431,.T.);
#5883=ORIENTED_EDGE('',*,*,#4425,.F.);
#5884=ORIENTED_EDGE('',*,*,#4432,.T.);
#5885=ORIENTED_EDGE('',*,*,#4429,.F.);
#5886=ORIENTED_EDGE('',*,*,#4421,.F.);
#5887=ORIENTED_EDGE('',*,*,#4418,.T.);
#5888=ORIENTED_EDGE('',*,*,#4433,.T.);
#5889=ORIENTED_EDGE('',*,*,#4434,.T.);
#5890=ORIENTED_EDGE('',*,*,#4427,.T.);
#5891=ORIENTED_EDGE('',*,*,#4433,.F.);
#5892=ORIENTED_EDGE('',*,*,#4417,.F.);
#5893=ORIENTED_EDGE('',*,*,#4435,.F.);
#5894=ORIENTED_EDGE('',*,*,#4436,.T.);
#5895=ORIENTED_EDGE('',*,*,#4437,.F.);
#5896=ORIENTED_EDGE('',*,*,#4435,.T.);
#5897=ORIENTED_EDGE('',*,*,#4416,.T.);
#5898=ORIENTED_EDGE('',*,*,#4438,.T.);
#5899=ORIENTED_EDGE('',*,*,#4424,.T.);
#5900=ORIENTED_EDGE('',*,*,#4428,.F.);
#5901=ORIENTED_EDGE('',*,*,#4434,.F.);
#5902=ORIENTED_EDGE('',*,*,#4436,.F.);
#5903=ORIENTED_EDGE('',*,*,#4437,.T.);
#5904=ORIENTED_EDGE('',*,*,#4439,.F.);
#5905=ORIENTED_EDGE('',*,*,#4440,.F.);
#5906=ORIENTED_EDGE('',*,*,#4441,.F.);
#5907=ORIENTED_EDGE('',*,*,#4442,.T.);
#5908=ORIENTED_EDGE('',*,*,#4443,.F.);
#5909=ORIENTED_EDGE('',*,*,#4444,.F.);
#5910=ORIENTED_EDGE('',*,*,#4445,.F.);
#5911=ORIENTED_EDGE('',*,*,#4446,.T.);
#5912=ORIENTED_EDGE('',*,*,#4447,.F.);
#5913=ORIENTED_EDGE('',*,*,#4448,.F.);
#5914=ORIENTED_EDGE('',*,*,#4449,.F.);
#5915=ORIENTED_EDGE('',*,*,#4450,.T.);
#5916=ORIENTED_EDGE('',*,*,#4451,.F.);
#5917=ORIENTED_EDGE('',*,*,#4452,.F.);
#5918=ORIENTED_EDGE('',*,*,#4453,.F.);
#5919=ORIENTED_EDGE('',*,*,#4454,.T.);
#5920=ORIENTED_EDGE('',*,*,#4455,.F.);
#5921=ORIENTED_EDGE('',*,*,#4430,.F.);
#5922=ORIENTED_EDGE('',*,*,#4432,.F.);
#5923=ORIENTED_EDGE('',*,*,#4438,.F.);
#5924=ORIENTED_EDGE('',*,*,#4415,.F.);
#5925=ORIENTED_EDGE('',*,*,#4456,.F.);
#5926=ORIENTED_EDGE('',*,*,#4439,.T.);
#5927=ORIENTED_EDGE('',*,*,#4442,.F.);
#5928=ORIENTED_EDGE('',*,*,#4457,.T.);
#5929=ORIENTED_EDGE('',*,*,#4412,.T.);
#5930=ORIENTED_EDGE('',*,*,#4458,.T.);
#5931=ORIENTED_EDGE('',*,*,#4458,.F.);
#5932=ORIENTED_EDGE('',*,*,#4411,.F.);
#5933=ORIENTED_EDGE('',*,*,#4459,.F.);
#5934=ORIENTED_EDGE('',*,*,#4443,.T.);
#5935=ORIENTED_EDGE('',*,*,#4414,.T.);
#5936=ORIENTED_EDGE('',*,*,#4460,.T.);
#5937=ORIENTED_EDGE('',*,*,#4440,.T.);
#5938=ORIENTED_EDGE('',*,*,#4456,.T.);
#5939=ORIENTED_EDGE('',*,*,#4457,.F.);
#5940=ORIENTED_EDGE('',*,*,#4441,.T.);
#5941=ORIENTED_EDGE('',*,*,#4460,.F.);
#5942=ORIENTED_EDGE('',*,*,#4413,.F.);
#5943=ORIENTED_EDGE('',*,*,#4410,.T.);
#5944=ORIENTED_EDGE('',*,*,#4461,.T.);
#5945=ORIENTED_EDGE('',*,*,#4444,.T.);
#5946=ORIENTED_EDGE('',*,*,#4459,.T.);
#5947=ORIENTED_EDGE('',*,*,#4461,.F.);
#5948=ORIENTED_EDGE('',*,*,#4409,.F.);
#5949=ORIENTED_EDGE('',*,*,#4462,.F.);
#5950=ORIENTED_EDGE('',*,*,#4445,.T.);
#5951=ORIENTED_EDGE('',*,*,#4446,.F.);
#5952=ORIENTED_EDGE('',*,*,#4462,.T.);
#5953=ORIENTED_EDGE('',*,*,#4408,.T.);
#5954=ORIENTED_EDGE('',*,*,#4463,.T.);
#5955=ORIENTED_EDGE('',*,*,#4463,.F.);
#5956=ORIENTED_EDGE('',*,*,#4407,.F.);
#5957=ORIENTED_EDGE('',*,*,#4464,.F.);
#5958=ORIENTED_EDGE('',*,*,#4447,.T.);
#5959=ORIENTED_EDGE('',*,*,#4406,.T.);
#5960=ORIENTED_EDGE('',*,*,#4465,.T.);
#5961=ORIENTED_EDGE('',*,*,#4448,.T.);
#5962=ORIENTED_EDGE('',*,*,#4464,.T.);
#5963=ORIENTED_EDGE('',*,*,#4465,.F.);
#5964=ORIENTED_EDGE('',*,*,#4405,.F.);
#5965=ORIENTED_EDGE('',*,*,#4466,.F.);
#5966=ORIENTED_EDGE('',*,*,#4449,.T.);
#5967=ORIENTED_EDGE('',*,*,#4402,.T.);
#5968=ORIENTED_EDGE('',*,*,#4467,.T.);
#5969=ORIENTED_EDGE('',*,*,#4452,.T.);
#5970=ORIENTED_EDGE('',*,*,#4468,.T.);
#5971=ORIENTED_EDGE('',*,*,#4468,.F.);
#5972=ORIENTED_EDGE('',*,*,#4451,.T.);
#5973=ORIENTED_EDGE('',*,*,#4469,.F.);
#5974=ORIENTED_EDGE('',*,*,#4403,.F.);
#5975=ORIENTED_EDGE('',*,*,#4450,.F.);
#5976=ORIENTED_EDGE('',*,*,#4466,.T.);
#5977=ORIENTED_EDGE('',*,*,#4404,.T.);
#5978=ORIENTED_EDGE('',*,*,#4469,.T.);
#5979=ORIENTED_EDGE('',*,*,#4454,.F.);
#5980=ORIENTED_EDGE('',*,*,#4470,.T.);
#5981=ORIENTED_EDGE('',*,*,#4400,.T.);
#5982=ORIENTED_EDGE('',*,*,#4471,.T.);
#5983=ORIENTED_EDGE('',*,*,#4431,.F.);
#5984=ORIENTED_EDGE('',*,*,#4455,.T.);
#5985=ORIENTED_EDGE('',*,*,#4471,.F.);
#5986=ORIENTED_EDGE('',*,*,#4399,.F.);
#5987=ORIENTED_EDGE('',*,*,#4467,.F.);
#5988=ORIENTED_EDGE('',*,*,#4401,.F.);
#5989=ORIENTED_EDGE('',*,*,#4470,.F.);
#5990=ORIENTED_EDGE('',*,*,#4453,.T.);
#5991=ORIENTED_EDGE('',*,*,#4423,.F.);
#5992=ORIENTED_EDGE('',*,*,#4472,.T.);
#5993=ORIENTED_EDGE('',*,*,#4473,.T.);
#5994=ORIENTED_EDGE('',*,*,#4474,.T.);
#5995=ORIENTED_EDGE('',*,*,#4473,.F.);
#5996=ORIENTED_EDGE('',*,*,#4472,.F.);
#5997=ORIENTED_EDGE('',*,*,#4475,.F.);
#5998=ORIENTED_EDGE('',*,*,#4476,.T.);
#5999=ORIENTED_EDGE('',*,*,#4477,.F.);
#6000=ORIENTED_EDGE('',*,*,#4478,.T.);
#6001=ORIENTED_EDGE('',*,*,#4479,.F.);
#6002=ORIENTED_EDGE('',*,*,#4480,.T.);
#6003=ORIENTED_EDGE('',*,*,#4481,.F.);
#6004=ORIENTED_EDGE('',*,*,#4482,.T.);
#6005=ORIENTED_EDGE('',*,*,#4483,.F.);
#6006=ORIENTED_EDGE('',*,*,#4484,.T.);
#6007=ORIENTED_EDGE('',*,*,#4485,.F.);
#6008=ORIENTED_EDGE('',*,*,#4486,.T.);
#6009=ORIENTED_EDGE('',*,*,#4487,.F.);
#6010=ORIENTED_EDGE('',*,*,#4488,.T.);
#6011=ORIENTED_EDGE('',*,*,#4489,.F.);
#6012=ORIENTED_EDGE('',*,*,#4490,.T.);
#6013=ORIENTED_EDGE('',*,*,#4491,.F.);
#6014=ORIENTED_EDGE('',*,*,#4492,.T.);
#6015=ORIENTED_EDGE('',*,*,#4493,.F.);
#6016=ORIENTED_EDGE('',*,*,#4494,.T.);
#6017=ORIENTED_EDGE('',*,*,#4495,.F.);
#6018=ORIENTED_EDGE('',*,*,#4496,.T.);
#6019=ORIENTED_EDGE('',*,*,#4497,.F.);
#6020=ORIENTED_EDGE('',*,*,#4498,.T.);
#6021=ORIENTED_EDGE('',*,*,#4474,.F.);
#6022=ORIENTED_EDGE('',*,*,#4499,.T.);
#6023=ORIENTED_EDGE('',*,*,#4500,.T.);
#6024=ORIENTED_EDGE('',*,*,#4499,.F.);
#6025=ORIENTED_EDGE('',*,*,#4501,.F.);
#6026=ORIENTED_EDGE('',*,*,#4502,.T.);
#6027=ORIENTED_EDGE('',*,*,#4497,.T.);
#6028=ORIENTED_EDGE('',*,*,#4503,.T.);
#6029=ORIENTED_EDGE('',*,*,#4503,.F.);
#6030=ORIENTED_EDGE('',*,*,#4496,.F.);
#6031=ORIENTED_EDGE('',*,*,#4504,.F.);
#6032=ORIENTED_EDGE('',*,*,#4505,.T.);
#6033=ORIENTED_EDGE('',*,*,#4475,.T.);
#6034=ORIENTED_EDGE('',*,*,#4506,.T.);
#6035=ORIENTED_EDGE('',*,*,#4507,.T.);
#6036=ORIENTED_EDGE('',*,*,#4508,.T.);
#6037=ORIENTED_EDGE('',*,*,#4502,.F.);
#6038=ORIENTED_EDGE('',*,*,#4509,.T.);
#6039=ORIENTED_EDGE('',*,*,#4506,.F.);
#6040=ORIENTED_EDGE('',*,*,#4498,.F.);
#6041=ORIENTED_EDGE('',*,*,#4495,.T.);
#6042=ORIENTED_EDGE('',*,*,#4510,.T.);
#6043=ORIENTED_EDGE('',*,*,#4511,.T.);
#6044=ORIENTED_EDGE('',*,*,#4504,.T.);
#6045=ORIENTED_EDGE('',*,*,#4510,.F.);
#6046=ORIENTED_EDGE('',*,*,#4494,.F.);
#6047=ORIENTED_EDGE('',*,*,#4512,.F.);
#6048=ORIENTED_EDGE('',*,*,#4513,.T.);
#6049=ORIENTED_EDGE('',*,*,#4514,.F.);
#6050=ORIENTED_EDGE('',*,*,#4512,.T.);
#6051=ORIENTED_EDGE('',*,*,#4493,.T.);
#6052=ORIENTED_EDGE('',*,*,#4515,.T.);
#6053=ORIENTED_EDGE('',*,*,#4501,.T.);
#6054=ORIENTED_EDGE('',*,*,#4505,.F.);
#6055=ORIENTED_EDGE('',*,*,#4511,.F.);
#6056=ORIENTED_EDGE('',*,*,#4513,.F.);
#6057=ORIENTED_EDGE('',*,*,#4514,.T.);
#6058=ORIENTED_EDGE('',*,*,#4516,.F.);
#6059=ORIENTED_EDGE('',*,*,#4517,.F.);
#6060=ORIENTED_EDGE('',*,*,#4518,.F.);
#6061=ORIENTED_EDGE('',*,*,#4519,.T.);
#6062=ORIENTED_EDGE('',*,*,#4520,.F.);
#6063=ORIENTED_EDGE('',*,*,#4521,.F.);
#6064=ORIENTED_EDGE('',*,*,#4522,.F.);
#6065=ORIENTED_EDGE('',*,*,#4523,.T.);
#6066=ORIENTED_EDGE('',*,*,#4524,.F.);
#6067=ORIENTED_EDGE('',*,*,#4525,.F.);
#6068=ORIENTED_EDGE('',*,*,#4526,.F.);
#6069=ORIENTED_EDGE('',*,*,#4527,.T.);
#6070=ORIENTED_EDGE('',*,*,#4528,.F.);
#6071=ORIENTED_EDGE('',*,*,#4529,.F.);
#6072=ORIENTED_EDGE('',*,*,#4530,.F.);
#6073=ORIENTED_EDGE('',*,*,#4531,.T.);
#6074=ORIENTED_EDGE('',*,*,#4532,.F.);
#6075=ORIENTED_EDGE('',*,*,#4507,.F.);
#6076=ORIENTED_EDGE('',*,*,#4509,.F.);
#6077=ORIENTED_EDGE('',*,*,#4515,.F.);
#6078=ORIENTED_EDGE('',*,*,#4492,.F.);
#6079=ORIENTED_EDGE('',*,*,#4533,.F.);
#6080=ORIENTED_EDGE('',*,*,#4516,.T.);
#6081=ORIENTED_EDGE('',*,*,#4519,.F.);
#6082=ORIENTED_EDGE('',*,*,#4534,.T.);
#6083=ORIENTED_EDGE('',*,*,#4489,.T.);
#6084=ORIENTED_EDGE('',*,*,#4535,.T.);
#6085=ORIENTED_EDGE('',*,*,#4535,.F.);
#6086=ORIENTED_EDGE('',*,*,#4488,.F.);
#6087=ORIENTED_EDGE('',*,*,#4536,.F.);
#6088=ORIENTED_EDGE('',*,*,#4520,.T.);
#6089=ORIENTED_EDGE('',*,*,#4491,.T.);
#6090=ORIENTED_EDGE('',*,*,#4537,.T.);
#6091=ORIENTED_EDGE('',*,*,#4517,.T.);
#6092=ORIENTED_EDGE('',*,*,#4533,.T.);
#6093=ORIENTED_EDGE('',*,*,#4534,.F.);
#6094=ORIENTED_EDGE('',*,*,#4518,.T.);
#6095=ORIENTED_EDGE('',*,*,#4537,.F.);
#6096=ORIENTED_EDGE('',*,*,#4490,.F.);
#6097=ORIENTED_EDGE('',*,*,#4487,.T.);
#6098=ORIENTED_EDGE('',*,*,#4538,.T.);
#6099=ORIENTED_EDGE('',*,*,#4521,.T.);
#6100=ORIENTED_EDGE('',*,*,#4536,.T.);
#6101=ORIENTED_EDGE('',*,*,#4538,.F.);
#6102=ORIENTED_EDGE('',*,*,#4486,.F.);
#6103=ORIENTED_EDGE('',*,*,#4539,.F.);
#6104=ORIENTED_EDGE('',*,*,#4522,.T.);
#6105=ORIENTED_EDGE('',*,*,#4523,.F.);
#6106=ORIENTED_EDGE('',*,*,#4539,.T.);
#6107=ORIENTED_EDGE('',*,*,#4485,.T.);
#6108=ORIENTED_EDGE('',*,*,#4540,.T.);
#6109=ORIENTED_EDGE('',*,*,#4540,.F.);
#6110=ORIENTED_EDGE('',*,*,#4484,.F.);
#6111=ORIENTED_EDGE('',*,*,#4541,.F.);
#6112=ORIENTED_EDGE('',*,*,#4524,.T.);
#6113=ORIENTED_EDGE('',*,*,#4483,.T.);
#6114=ORIENTED_EDGE('',*,*,#4542,.T.);
#6115=ORIENTED_EDGE('',*,*,#4525,.T.);
#6116=ORIENTED_EDGE('',*,*,#4541,.T.);
#6117=ORIENTED_EDGE('',*,*,#4542,.F.);
#6118=ORIENTED_EDGE('',*,*,#4482,.F.);
#6119=ORIENTED_EDGE('',*,*,#4543,.F.);
#6120=ORIENTED_EDGE('',*,*,#4526,.T.);
#6121=ORIENTED_EDGE('',*,*,#4479,.T.);
#6122=ORIENTED_EDGE('',*,*,#4544,.T.);
#6123=ORIENTED_EDGE('',*,*,#4529,.T.);
#6124=ORIENTED_EDGE('',*,*,#4545,.T.);
#6125=ORIENTED_EDGE('',*,*,#4545,.F.);
#6126=ORIENTED_EDGE('',*,*,#4528,.T.);
#6127=ORIENTED_EDGE('',*,*,#4546,.F.);
#6128=ORIENTED_EDGE('',*,*,#4480,.F.);
#6129=ORIENTED_EDGE('',*,*,#4527,.F.);
#6130=ORIENTED_EDGE('',*,*,#4543,.T.);
#6131=ORIENTED_EDGE('',*,*,#4481,.T.);
#6132=ORIENTED_EDGE('',*,*,#4546,.T.);
#6133=ORIENTED_EDGE('',*,*,#4531,.F.);
#6134=ORIENTED_EDGE('',*,*,#4547,.T.);
#6135=ORIENTED_EDGE('',*,*,#4477,.T.);
#6136=ORIENTED_EDGE('',*,*,#4548,.T.);
#6137=ORIENTED_EDGE('',*,*,#4508,.F.);
#6138=ORIENTED_EDGE('',*,*,#4532,.T.);
#6139=ORIENTED_EDGE('',*,*,#4548,.F.);
#6140=ORIENTED_EDGE('',*,*,#4476,.F.);
#6141=ORIENTED_EDGE('',*,*,#4544,.F.);
#6142=ORIENTED_EDGE('',*,*,#4478,.F.);
#6143=ORIENTED_EDGE('',*,*,#4547,.F.);
#6144=ORIENTED_EDGE('',*,*,#4530,.T.);
#6145=ORIENTED_EDGE('',*,*,#4500,.F.);
#6146=ORIENTED_EDGE('',*,*,#4549,.T.);
#6147=ORIENTED_EDGE('',*,*,#4550,.T.);
#6148=ORIENTED_EDGE('',*,*,#4551,.T.);
#6149=ORIENTED_EDGE('',*,*,#4550,.F.);
#6150=ORIENTED_EDGE('',*,*,#4549,.F.);
#6151=ORIENTED_EDGE('',*,*,#4552,.F.);
#6152=ORIENTED_EDGE('',*,*,#4553,.T.);
#6153=ORIENTED_EDGE('',*,*,#4554,.F.);
#6154=ORIENTED_EDGE('',*,*,#4555,.T.);
#6155=ORIENTED_EDGE('',*,*,#4556,.F.);
#6156=ORIENTED_EDGE('',*,*,#4557,.T.);
#6157=ORIENTED_EDGE('',*,*,#4558,.F.);
#6158=ORIENTED_EDGE('',*,*,#4559,.T.);
#6159=ORIENTED_EDGE('',*,*,#4560,.F.);
#6160=ORIENTED_EDGE('',*,*,#4561,.T.);
#6161=ORIENTED_EDGE('',*,*,#4562,.F.);
#6162=ORIENTED_EDGE('',*,*,#4563,.T.);
#6163=ORIENTED_EDGE('',*,*,#4564,.F.);
#6164=ORIENTED_EDGE('',*,*,#4565,.T.);
#6165=ORIENTED_EDGE('',*,*,#4566,.F.);
#6166=ORIENTED_EDGE('',*,*,#4567,.T.);
#6167=ORIENTED_EDGE('',*,*,#4568,.F.);
#6168=ORIENTED_EDGE('',*,*,#4569,.T.);
#6169=ORIENTED_EDGE('',*,*,#4570,.F.);
#6170=ORIENTED_EDGE('',*,*,#4571,.T.);
#6171=ORIENTED_EDGE('',*,*,#4572,.F.);
#6172=ORIENTED_EDGE('',*,*,#4573,.T.);
#6173=ORIENTED_EDGE('',*,*,#4574,.F.);
#6174=ORIENTED_EDGE('',*,*,#4575,.T.);
#6175=ORIENTED_EDGE('',*,*,#4551,.F.);
#6176=ORIENTED_EDGE('',*,*,#4576,.T.);
#6177=ORIENTED_EDGE('',*,*,#4577,.T.);
#6178=ORIENTED_EDGE('',*,*,#4576,.F.);
#6179=ORIENTED_EDGE('',*,*,#4578,.F.);
#6180=ORIENTED_EDGE('',*,*,#4579,.T.);
#6181=ORIENTED_EDGE('',*,*,#4574,.T.);
#6182=ORIENTED_EDGE('',*,*,#4580,.T.);
#6183=ORIENTED_EDGE('',*,*,#4580,.F.);
#6184=ORIENTED_EDGE('',*,*,#4573,.F.);
#6185=ORIENTED_EDGE('',*,*,#4581,.F.);
#6186=ORIENTED_EDGE('',*,*,#4582,.T.);
#6187=ORIENTED_EDGE('',*,*,#4552,.T.);
#6188=ORIENTED_EDGE('',*,*,#4583,.T.);
#6189=ORIENTED_EDGE('',*,*,#4584,.T.);
#6190=ORIENTED_EDGE('',*,*,#4585,.T.);
#6191=ORIENTED_EDGE('',*,*,#4579,.F.);
#6192=ORIENTED_EDGE('',*,*,#4586,.T.);
#6193=ORIENTED_EDGE('',*,*,#4583,.F.);
#6194=ORIENTED_EDGE('',*,*,#4575,.F.);
#6195=ORIENTED_EDGE('',*,*,#4572,.T.);
#6196=ORIENTED_EDGE('',*,*,#4587,.T.);
#6197=ORIENTED_EDGE('',*,*,#4588,.T.);
#6198=ORIENTED_EDGE('',*,*,#4581,.T.);
#6199=ORIENTED_EDGE('',*,*,#4587,.F.);
#6200=ORIENTED_EDGE('',*,*,#4571,.F.);
#6201=ORIENTED_EDGE('',*,*,#4589,.F.);
#6202=ORIENTED_EDGE('',*,*,#4590,.T.);
#6203=ORIENTED_EDGE('',*,*,#4591,.F.);
#6204=ORIENTED_EDGE('',*,*,#4589,.T.);
#6205=ORIENTED_EDGE('',*,*,#4570,.T.);
#6206=ORIENTED_EDGE('',*,*,#4592,.T.);
#6207=ORIENTED_EDGE('',*,*,#4578,.T.);
#6208=ORIENTED_EDGE('',*,*,#4582,.F.);
#6209=ORIENTED_EDGE('',*,*,#4588,.F.);
#6210=ORIENTED_EDGE('',*,*,#4590,.F.);
#6211=ORIENTED_EDGE('',*,*,#4591,.T.);
#6212=ORIENTED_EDGE('',*,*,#4593,.F.);
#6213=ORIENTED_EDGE('',*,*,#4594,.F.);
#6214=ORIENTED_EDGE('',*,*,#4595,.F.);
#6215=ORIENTED_EDGE('',*,*,#4596,.T.);
#6216=ORIENTED_EDGE('',*,*,#4597,.F.);
#6217=ORIENTED_EDGE('',*,*,#4598,.F.);
#6218=ORIENTED_EDGE('',*,*,#4599,.F.);
#6219=ORIENTED_EDGE('',*,*,#4600,.T.);
#6220=ORIENTED_EDGE('',*,*,#4601,.F.);
#6221=ORIENTED_EDGE('',*,*,#4602,.F.);
#6222=ORIENTED_EDGE('',*,*,#4603,.F.);
#6223=ORIENTED_EDGE('',*,*,#4604,.T.);
#6224=ORIENTED_EDGE('',*,*,#4605,.F.);
#6225=ORIENTED_EDGE('',*,*,#4606,.F.);
#6226=ORIENTED_EDGE('',*,*,#4607,.F.);
#6227=ORIENTED_EDGE('',*,*,#4608,.T.);
#6228=ORIENTED_EDGE('',*,*,#4609,.F.);
#6229=ORIENTED_EDGE('',*,*,#4584,.F.);
#6230=ORIENTED_EDGE('',*,*,#4586,.F.);
#6231=ORIENTED_EDGE('',*,*,#4592,.F.);
#6232=ORIENTED_EDGE('',*,*,#4569,.F.);
#6233=ORIENTED_EDGE('',*,*,#4610,.F.);
#6234=ORIENTED_EDGE('',*,*,#4593,.T.);
#6235=ORIENTED_EDGE('',*,*,#4596,.F.);
#6236=ORIENTED_EDGE('',*,*,#4611,.T.);
#6237=ORIENTED_EDGE('',*,*,#4566,.T.);
#6238=ORIENTED_EDGE('',*,*,#4612,.T.);
#6239=ORIENTED_EDGE('',*,*,#4612,.F.);
#6240=ORIENTED_EDGE('',*,*,#4565,.F.);
#6241=ORIENTED_EDGE('',*,*,#4613,.F.);
#6242=ORIENTED_EDGE('',*,*,#4597,.T.);
#6243=ORIENTED_EDGE('',*,*,#4568,.T.);
#6244=ORIENTED_EDGE('',*,*,#4614,.T.);
#6245=ORIENTED_EDGE('',*,*,#4594,.T.);
#6246=ORIENTED_EDGE('',*,*,#4610,.T.);
#6247=ORIENTED_EDGE('',*,*,#4611,.F.);
#6248=ORIENTED_EDGE('',*,*,#4595,.T.);
#6249=ORIENTED_EDGE('',*,*,#4614,.F.);
#6250=ORIENTED_EDGE('',*,*,#4567,.F.);
#6251=ORIENTED_EDGE('',*,*,#4564,.T.);
#6252=ORIENTED_EDGE('',*,*,#4615,.T.);
#6253=ORIENTED_EDGE('',*,*,#4598,.T.);
#6254=ORIENTED_EDGE('',*,*,#4613,.T.);
#6255=ORIENTED_EDGE('',*,*,#4615,.F.);
#6256=ORIENTED_EDGE('',*,*,#4563,.F.);
#6257=ORIENTED_EDGE('',*,*,#4616,.F.);
#6258=ORIENTED_EDGE('',*,*,#4599,.T.);
#6259=ORIENTED_EDGE('',*,*,#4600,.F.);
#6260=ORIENTED_EDGE('',*,*,#4616,.T.);
#6261=ORIENTED_EDGE('',*,*,#4562,.T.);
#6262=ORIENTED_EDGE('',*,*,#4617,.T.);
#6263=ORIENTED_EDGE('',*,*,#4617,.F.);
#6264=ORIENTED_EDGE('',*,*,#4561,.F.);
#6265=ORIENTED_EDGE('',*,*,#4618,.F.);
#6266=ORIENTED_EDGE('',*,*,#4601,.T.);
#6267=ORIENTED_EDGE('',*,*,#4560,.T.);
#6268=ORIENTED_EDGE('',*,*,#4619,.T.);
#6269=ORIENTED_EDGE('',*,*,#4602,.T.);
#6270=ORIENTED_EDGE('',*,*,#4618,.T.);
#6271=ORIENTED_EDGE('',*,*,#4619,.F.);
#6272=ORIENTED_EDGE('',*,*,#4559,.F.);
#6273=ORIENTED_EDGE('',*,*,#4620,.F.);
#6274=ORIENTED_EDGE('',*,*,#4603,.T.);
#6275=ORIENTED_EDGE('',*,*,#4556,.T.);
#6276=ORIENTED_EDGE('',*,*,#4621,.T.);
#6277=ORIENTED_EDGE('',*,*,#4606,.T.);
#6278=ORIENTED_EDGE('',*,*,#4622,.T.);
#6279=ORIENTED_EDGE('',*,*,#4622,.F.);
#6280=ORIENTED_EDGE('',*,*,#4605,.T.);
#6281=ORIENTED_EDGE('',*,*,#4623,.F.);
#6282=ORIENTED_EDGE('',*,*,#4557,.F.);
#6283=ORIENTED_EDGE('',*,*,#4604,.F.);
#6284=ORIENTED_EDGE('',*,*,#4620,.T.);
#6285=ORIENTED_EDGE('',*,*,#4558,.T.);
#6286=ORIENTED_EDGE('',*,*,#4623,.T.);
#6287=ORIENTED_EDGE('',*,*,#4608,.F.);
#6288=ORIENTED_EDGE('',*,*,#4624,.T.);
#6289=ORIENTED_EDGE('',*,*,#4554,.T.);
#6290=ORIENTED_EDGE('',*,*,#4625,.T.);
#6291=ORIENTED_EDGE('',*,*,#4585,.F.);
#6292=ORIENTED_EDGE('',*,*,#4609,.T.);
#6293=ORIENTED_EDGE('',*,*,#4625,.F.);
#6294=ORIENTED_EDGE('',*,*,#4553,.F.);
#6295=ORIENTED_EDGE('',*,*,#4621,.F.);
#6296=ORIENTED_EDGE('',*,*,#4555,.F.);
#6297=ORIENTED_EDGE('',*,*,#4624,.F.);
#6298=ORIENTED_EDGE('',*,*,#4607,.T.);
#6299=ORIENTED_EDGE('',*,*,#4577,.F.);
#6300=ORIENTED_EDGE('',*,*,#4626,.T.);
#6301=ORIENTED_EDGE('',*,*,#4627,.T.);
#6302=ORIENTED_EDGE('',*,*,#4628,.T.);
#6303=ORIENTED_EDGE('',*,*,#4627,.F.);
#6304=ORIENTED_EDGE('',*,*,#4626,.F.);
#6305=ORIENTED_EDGE('',*,*,#4629,.F.);
#6306=ORIENTED_EDGE('',*,*,#4630,.T.);
#6307=ORIENTED_EDGE('',*,*,#4631,.F.);
#6308=ORIENTED_EDGE('',*,*,#4632,.T.);
#6309=ORIENTED_EDGE('',*,*,#4633,.F.);
#6310=ORIENTED_EDGE('',*,*,#4634,.T.);
#6311=ORIENTED_EDGE('',*,*,#4635,.F.);
#6312=ORIENTED_EDGE('',*,*,#4636,.T.);
#6313=ORIENTED_EDGE('',*,*,#4637,.F.);
#6314=ORIENTED_EDGE('',*,*,#4638,.T.);
#6315=ORIENTED_EDGE('',*,*,#4639,.F.);
#6316=ORIENTED_EDGE('',*,*,#4640,.T.);
#6317=ORIENTED_EDGE('',*,*,#4641,.F.);
#6318=ORIENTED_EDGE('',*,*,#4642,.T.);
#6319=ORIENTED_EDGE('',*,*,#4643,.F.);
#6320=ORIENTED_EDGE('',*,*,#4644,.T.);
#6321=ORIENTED_EDGE('',*,*,#4645,.F.);
#6322=ORIENTED_EDGE('',*,*,#4646,.T.);
#6323=ORIENTED_EDGE('',*,*,#4647,.F.);
#6324=ORIENTED_EDGE('',*,*,#4648,.T.);
#6325=ORIENTED_EDGE('',*,*,#4649,.F.);
#6326=ORIENTED_EDGE('',*,*,#4650,.T.);
#6327=ORIENTED_EDGE('',*,*,#4651,.F.);
#6328=ORIENTED_EDGE('',*,*,#4652,.T.);
#6329=ORIENTED_EDGE('',*,*,#4628,.F.);
#6330=ORIENTED_EDGE('',*,*,#4653,.T.);
#6331=ORIENTED_EDGE('',*,*,#4654,.T.);
#6332=ORIENTED_EDGE('',*,*,#4653,.F.);
#6333=ORIENTED_EDGE('',*,*,#4655,.F.);
#6334=ORIENTED_EDGE('',*,*,#4656,.T.);
#6335=ORIENTED_EDGE('',*,*,#4651,.T.);
#6336=ORIENTED_EDGE('',*,*,#4657,.T.);
#6337=ORIENTED_EDGE('',*,*,#4657,.F.);
#6338=ORIENTED_EDGE('',*,*,#4650,.F.);
#6339=ORIENTED_EDGE('',*,*,#4658,.F.);
#6340=ORIENTED_EDGE('',*,*,#4659,.T.);
#6341=ORIENTED_EDGE('',*,*,#4629,.T.);
#6342=ORIENTED_EDGE('',*,*,#4660,.T.);
#6343=ORIENTED_EDGE('',*,*,#4661,.T.);
#6344=ORIENTED_EDGE('',*,*,#4662,.T.);
#6345=ORIENTED_EDGE('',*,*,#4656,.F.);
#6346=ORIENTED_EDGE('',*,*,#4663,.T.);
#6347=ORIENTED_EDGE('',*,*,#4660,.F.);
#6348=ORIENTED_EDGE('',*,*,#4652,.F.);
#6349=ORIENTED_EDGE('',*,*,#4649,.T.);
#6350=ORIENTED_EDGE('',*,*,#4664,.T.);
#6351=ORIENTED_EDGE('',*,*,#4665,.T.);
#6352=ORIENTED_EDGE('',*,*,#4658,.T.);
#6353=ORIENTED_EDGE('',*,*,#4664,.F.);
#6354=ORIENTED_EDGE('',*,*,#4648,.F.);
#6355=ORIENTED_EDGE('',*,*,#4666,.F.);
#6356=ORIENTED_EDGE('',*,*,#4667,.T.);
#6357=ORIENTED_EDGE('',*,*,#4668,.F.);
#6358=ORIENTED_EDGE('',*,*,#4666,.T.);
#6359=ORIENTED_EDGE('',*,*,#4647,.T.);
#6360=ORIENTED_EDGE('',*,*,#4669,.T.);
#6361=ORIENTED_EDGE('',*,*,#4655,.T.);
#6362=ORIENTED_EDGE('',*,*,#4659,.F.);
#6363=ORIENTED_EDGE('',*,*,#4665,.F.);
#6364=ORIENTED_EDGE('',*,*,#4667,.F.);
#6365=ORIENTED_EDGE('',*,*,#4668,.T.);
#6366=ORIENTED_EDGE('',*,*,#4670,.F.);
#6367=ORIENTED_EDGE('',*,*,#4671,.F.);
#6368=ORIENTED_EDGE('',*,*,#4672,.F.);
#6369=ORIENTED_EDGE('',*,*,#4673,.T.);
#6370=ORIENTED_EDGE('',*,*,#4674,.F.);
#6371=ORIENTED_EDGE('',*,*,#4675,.F.);
#6372=ORIENTED_EDGE('',*,*,#4676,.F.);
#6373=ORIENTED_EDGE('',*,*,#4677,.T.);
#6374=ORIENTED_EDGE('',*,*,#4678,.F.);
#6375=ORIENTED_EDGE('',*,*,#4679,.F.);
#6376=ORIENTED_EDGE('',*,*,#4680,.F.);
#6377=ORIENTED_EDGE('',*,*,#4681,.T.);
#6378=ORIENTED_EDGE('',*,*,#4682,.F.);
#6379=ORIENTED_EDGE('',*,*,#4683,.F.);
#6380=ORIENTED_EDGE('',*,*,#4684,.F.);
#6381=ORIENTED_EDGE('',*,*,#4685,.T.);
#6382=ORIENTED_EDGE('',*,*,#4686,.F.);
#6383=ORIENTED_EDGE('',*,*,#4661,.F.);
#6384=ORIENTED_EDGE('',*,*,#4663,.F.);
#6385=ORIENTED_EDGE('',*,*,#4669,.F.);
#6386=ORIENTED_EDGE('',*,*,#4646,.F.);
#6387=ORIENTED_EDGE('',*,*,#4687,.F.);
#6388=ORIENTED_EDGE('',*,*,#4670,.T.);
#6389=ORIENTED_EDGE('',*,*,#4673,.F.);
#6390=ORIENTED_EDGE('',*,*,#4688,.T.);
#6391=ORIENTED_EDGE('',*,*,#4643,.T.);
#6392=ORIENTED_EDGE('',*,*,#4689,.T.);
#6393=ORIENTED_EDGE('',*,*,#4689,.F.);
#6394=ORIENTED_EDGE('',*,*,#4642,.F.);
#6395=ORIENTED_EDGE('',*,*,#4690,.F.);
#6396=ORIENTED_EDGE('',*,*,#4674,.T.);
#6397=ORIENTED_EDGE('',*,*,#4645,.T.);
#6398=ORIENTED_EDGE('',*,*,#4691,.T.);
#6399=ORIENTED_EDGE('',*,*,#4671,.T.);
#6400=ORIENTED_EDGE('',*,*,#4687,.T.);
#6401=ORIENTED_EDGE('',*,*,#4688,.F.);
#6402=ORIENTED_EDGE('',*,*,#4672,.T.);
#6403=ORIENTED_EDGE('',*,*,#4691,.F.);
#6404=ORIENTED_EDGE('',*,*,#4644,.F.);
#6405=ORIENTED_EDGE('',*,*,#4641,.T.);
#6406=ORIENTED_EDGE('',*,*,#4692,.T.);
#6407=ORIENTED_EDGE('',*,*,#4675,.T.);
#6408=ORIENTED_EDGE('',*,*,#4690,.T.);
#6409=ORIENTED_EDGE('',*,*,#4692,.F.);
#6410=ORIENTED_EDGE('',*,*,#4640,.F.);
#6411=ORIENTED_EDGE('',*,*,#4693,.F.);
#6412=ORIENTED_EDGE('',*,*,#4676,.T.);
#6413=ORIENTED_EDGE('',*,*,#4677,.F.);
#6414=ORIENTED_EDGE('',*,*,#4693,.T.);
#6415=ORIENTED_EDGE('',*,*,#4639,.T.);
#6416=ORIENTED_EDGE('',*,*,#4694,.T.);
#6417=ORIENTED_EDGE('',*,*,#4694,.F.);
#6418=ORIENTED_EDGE('',*,*,#4638,.F.);
#6419=ORIENTED_EDGE('',*,*,#4695,.F.);
#6420=ORIENTED_EDGE('',*,*,#4678,.T.);
#6421=ORIENTED_EDGE('',*,*,#4637,.T.);
#6422=ORIENTED_EDGE('',*,*,#4696,.T.);
#6423=ORIENTED_EDGE('',*,*,#4679,.T.);
#6424=ORIENTED_EDGE('',*,*,#4695,.T.);
#6425=ORIENTED_EDGE('',*,*,#4696,.F.);
#6426=ORIENTED_EDGE('',*,*,#4636,.F.);
#6427=ORIENTED_EDGE('',*,*,#4697,.F.);
#6428=ORIENTED_EDGE('',*,*,#4680,.T.);
#6429=ORIENTED_EDGE('',*,*,#4633,.T.);
#6430=ORIENTED_EDGE('',*,*,#4698,.T.);
#6431=ORIENTED_EDGE('',*,*,#4683,.T.);
#6432=ORIENTED_EDGE('',*,*,#4699,.T.);
#6433=ORIENTED_EDGE('',*,*,#4699,.F.);
#6434=ORIENTED_EDGE('',*,*,#4682,.T.);
#6435=ORIENTED_EDGE('',*,*,#4700,.F.);
#6436=ORIENTED_EDGE('',*,*,#4634,.F.);
#6437=ORIENTED_EDGE('',*,*,#4681,.F.);
#6438=ORIENTED_EDGE('',*,*,#4697,.T.);
#6439=ORIENTED_EDGE('',*,*,#4635,.T.);
#6440=ORIENTED_EDGE('',*,*,#4700,.T.);
#6441=ORIENTED_EDGE('',*,*,#4685,.F.);
#6442=ORIENTED_EDGE('',*,*,#4701,.T.);
#6443=ORIENTED_EDGE('',*,*,#4631,.T.);
#6444=ORIENTED_EDGE('',*,*,#4702,.T.);
#6445=ORIENTED_EDGE('',*,*,#4662,.F.);
#6446=ORIENTED_EDGE('',*,*,#4686,.T.);
#6447=ORIENTED_EDGE('',*,*,#4702,.F.);
#6448=ORIENTED_EDGE('',*,*,#4630,.F.);
#6449=ORIENTED_EDGE('',*,*,#4698,.F.);
#6450=ORIENTED_EDGE('',*,*,#4632,.F.);
#6451=ORIENTED_EDGE('',*,*,#4701,.F.);
#6452=ORIENTED_EDGE('',*,*,#4684,.T.);
#6453=ORIENTED_EDGE('',*,*,#4654,.F.);
#6454=ORIENTED_EDGE('',*,*,#4703,.T.);
#6455=ORIENTED_EDGE('',*,*,#4704,.T.);
#6456=ORIENTED_EDGE('',*,*,#4705,.T.);
#6457=ORIENTED_EDGE('',*,*,#4704,.F.);
#6458=ORIENTED_EDGE('',*,*,#4703,.F.);
#6459=ORIENTED_EDGE('',*,*,#4706,.F.);
#6460=ORIENTED_EDGE('',*,*,#4707,.T.);
#6461=ORIENTED_EDGE('',*,*,#4708,.F.);
#6462=ORIENTED_EDGE('',*,*,#4709,.T.);
#6463=ORIENTED_EDGE('',*,*,#4710,.F.);
#6464=ORIENTED_EDGE('',*,*,#4711,.T.);
#6465=ORIENTED_EDGE('',*,*,#4712,.F.);
#6466=ORIENTED_EDGE('',*,*,#4713,.T.);
#6467=ORIENTED_EDGE('',*,*,#4714,.F.);
#6468=ORIENTED_EDGE('',*,*,#4715,.T.);
#6469=ORIENTED_EDGE('',*,*,#4716,.F.);
#6470=ORIENTED_EDGE('',*,*,#4717,.T.);
#6471=ORIENTED_EDGE('',*,*,#4718,.F.);
#6472=ORIENTED_EDGE('',*,*,#4719,.T.);
#6473=ORIENTED_EDGE('',*,*,#4720,.F.);
#6474=ORIENTED_EDGE('',*,*,#4721,.T.);
#6475=ORIENTED_EDGE('',*,*,#4722,.F.);
#6476=ORIENTED_EDGE('',*,*,#4723,.T.);
#6477=ORIENTED_EDGE('',*,*,#4724,.F.);
#6478=ORIENTED_EDGE('',*,*,#4725,.T.);
#6479=ORIENTED_EDGE('',*,*,#4726,.F.);
#6480=ORIENTED_EDGE('',*,*,#4727,.T.);
#6481=ORIENTED_EDGE('',*,*,#4728,.F.);
#6482=ORIENTED_EDGE('',*,*,#4729,.T.);
#6483=ORIENTED_EDGE('',*,*,#4705,.F.);
#6484=ORIENTED_EDGE('',*,*,#4730,.T.);
#6485=ORIENTED_EDGE('',*,*,#4731,.T.);
#6486=ORIENTED_EDGE('',*,*,#4730,.F.);
#6487=ORIENTED_EDGE('',*,*,#4732,.F.);
#6488=ORIENTED_EDGE('',*,*,#4733,.T.);
#6489=ORIENTED_EDGE('',*,*,#4728,.T.);
#6490=ORIENTED_EDGE('',*,*,#4734,.T.);
#6491=ORIENTED_EDGE('',*,*,#4734,.F.);
#6492=ORIENTED_EDGE('',*,*,#4727,.F.);
#6493=ORIENTED_EDGE('',*,*,#4735,.F.);
#6494=ORIENTED_EDGE('',*,*,#4736,.T.);
#6495=ORIENTED_EDGE('',*,*,#4706,.T.);
#6496=ORIENTED_EDGE('',*,*,#4737,.T.);
#6497=ORIENTED_EDGE('',*,*,#4738,.T.);
#6498=ORIENTED_EDGE('',*,*,#4739,.T.);
#6499=ORIENTED_EDGE('',*,*,#4733,.F.);
#6500=ORIENTED_EDGE('',*,*,#4740,.T.);
#6501=ORIENTED_EDGE('',*,*,#4737,.F.);
#6502=ORIENTED_EDGE('',*,*,#4729,.F.);
#6503=ORIENTED_EDGE('',*,*,#4726,.T.);
#6504=ORIENTED_EDGE('',*,*,#4741,.T.);
#6505=ORIENTED_EDGE('',*,*,#4742,.T.);
#6506=ORIENTED_EDGE('',*,*,#4735,.T.);
#6507=ORIENTED_EDGE('',*,*,#4741,.F.);
#6508=ORIENTED_EDGE('',*,*,#4725,.F.);
#6509=ORIENTED_EDGE('',*,*,#4743,.F.);
#6510=ORIENTED_EDGE('',*,*,#4744,.T.);
#6511=ORIENTED_EDGE('',*,*,#4745,.F.);
#6512=ORIENTED_EDGE('',*,*,#4743,.T.);
#6513=ORIENTED_EDGE('',*,*,#4724,.T.);
#6514=ORIENTED_EDGE('',*,*,#4746,.T.);
#6515=ORIENTED_EDGE('',*,*,#4732,.T.);
#6516=ORIENTED_EDGE('',*,*,#4736,.F.);
#6517=ORIENTED_EDGE('',*,*,#4742,.F.);
#6518=ORIENTED_EDGE('',*,*,#4744,.F.);
#6519=ORIENTED_EDGE('',*,*,#4745,.T.);
#6520=ORIENTED_EDGE('',*,*,#4747,.F.);
#6521=ORIENTED_EDGE('',*,*,#4748,.F.);
#6522=ORIENTED_EDGE('',*,*,#4749,.F.);
#6523=ORIENTED_EDGE('',*,*,#4750,.T.);
#6524=ORIENTED_EDGE('',*,*,#4751,.F.);
#6525=ORIENTED_EDGE('',*,*,#4752,.F.);
#6526=ORIENTED_EDGE('',*,*,#4753,.F.);
#6527=ORIENTED_EDGE('',*,*,#4754,.T.);
#6528=ORIENTED_EDGE('',*,*,#4755,.F.);
#6529=ORIENTED_EDGE('',*,*,#4756,.F.);
#6530=ORIENTED_EDGE('',*,*,#4757,.F.);
#6531=ORIENTED_EDGE('',*,*,#4758,.T.);
#6532=ORIENTED_EDGE('',*,*,#4759,.F.);
#6533=ORIENTED_EDGE('',*,*,#4760,.F.);
#6534=ORIENTED_EDGE('',*,*,#4761,.F.);
#6535=ORIENTED_EDGE('',*,*,#4762,.T.);
#6536=ORIENTED_EDGE('',*,*,#4763,.F.);
#6537=ORIENTED_EDGE('',*,*,#4738,.F.);
#6538=ORIENTED_EDGE('',*,*,#4740,.F.);
#6539=ORIENTED_EDGE('',*,*,#4746,.F.);
#6540=ORIENTED_EDGE('',*,*,#4723,.F.);
#6541=ORIENTED_EDGE('',*,*,#4764,.F.);
#6542=ORIENTED_EDGE('',*,*,#4747,.T.);
#6543=ORIENTED_EDGE('',*,*,#4750,.F.);
#6544=ORIENTED_EDGE('',*,*,#4765,.T.);
#6545=ORIENTED_EDGE('',*,*,#4720,.T.);
#6546=ORIENTED_EDGE('',*,*,#4766,.T.);
#6547=ORIENTED_EDGE('',*,*,#4766,.F.);
#6548=ORIENTED_EDGE('',*,*,#4719,.F.);
#6549=ORIENTED_EDGE('',*,*,#4767,.F.);
#6550=ORIENTED_EDGE('',*,*,#4751,.T.);
#6551=ORIENTED_EDGE('',*,*,#4722,.T.);
#6552=ORIENTED_EDGE('',*,*,#4768,.T.);
#6553=ORIENTED_EDGE('',*,*,#4748,.T.);
#6554=ORIENTED_EDGE('',*,*,#4764,.T.);
#6555=ORIENTED_EDGE('',*,*,#4765,.F.);
#6556=ORIENTED_EDGE('',*,*,#4749,.T.);
#6557=ORIENTED_EDGE('',*,*,#4768,.F.);
#6558=ORIENTED_EDGE('',*,*,#4721,.F.);
#6559=ORIENTED_EDGE('',*,*,#4718,.T.);
#6560=ORIENTED_EDGE('',*,*,#4769,.T.);
#6561=ORIENTED_EDGE('',*,*,#4752,.T.);
#6562=ORIENTED_EDGE('',*,*,#4767,.T.);
#6563=ORIENTED_EDGE('',*,*,#4769,.F.);
#6564=ORIENTED_EDGE('',*,*,#4717,.F.);
#6565=ORIENTED_EDGE('',*,*,#4770,.F.);
#6566=ORIENTED_EDGE('',*,*,#4753,.T.);
#6567=ORIENTED_EDGE('',*,*,#4754,.F.);
#6568=ORIENTED_EDGE('',*,*,#4770,.T.);
#6569=ORIENTED_EDGE('',*,*,#4716,.T.);
#6570=ORIENTED_EDGE('',*,*,#4771,.T.);
#6571=ORIENTED_EDGE('',*,*,#4771,.F.);
#6572=ORIENTED_EDGE('',*,*,#4715,.F.);
#6573=ORIENTED_EDGE('',*,*,#4772,.F.);
#6574=ORIENTED_EDGE('',*,*,#4755,.T.);
#6575=ORIENTED_EDGE('',*,*,#4714,.T.);
#6576=ORIENTED_EDGE('',*,*,#4773,.T.);
#6577=ORIENTED_EDGE('',*,*,#4756,.T.);
#6578=ORIENTED_EDGE('',*,*,#4772,.T.);
#6579=ORIENTED_EDGE('',*,*,#4773,.F.);
#6580=ORIENTED_EDGE('',*,*,#4713,.F.);
#6581=ORIENTED_EDGE('',*,*,#4774,.F.);
#6582=ORIENTED_EDGE('',*,*,#4757,.T.);
#6583=ORIENTED_EDGE('',*,*,#4710,.T.);
#6584=ORIENTED_EDGE('',*,*,#4775,.T.);
#6585=ORIENTED_EDGE('',*,*,#4760,.T.);
#6586=ORIENTED_EDGE('',*,*,#4776,.T.);
#6587=ORIENTED_EDGE('',*,*,#4776,.F.);
#6588=ORIENTED_EDGE('',*,*,#4759,.T.);
#6589=ORIENTED_EDGE('',*,*,#4777,.F.);
#6590=ORIENTED_EDGE('',*,*,#4711,.F.);
#6591=ORIENTED_EDGE('',*,*,#4758,.F.);
#6592=ORIENTED_EDGE('',*,*,#4774,.T.);
#6593=ORIENTED_EDGE('',*,*,#4712,.T.);
#6594=ORIENTED_EDGE('',*,*,#4777,.T.);
#6595=ORIENTED_EDGE('',*,*,#4762,.F.);
#6596=ORIENTED_EDGE('',*,*,#4778,.T.);
#6597=ORIENTED_EDGE('',*,*,#4708,.T.);
#6598=ORIENTED_EDGE('',*,*,#4779,.T.);
#6599=ORIENTED_EDGE('',*,*,#4739,.F.);
#6600=ORIENTED_EDGE('',*,*,#4763,.T.);
#6601=ORIENTED_EDGE('',*,*,#4779,.F.);
#6602=ORIENTED_EDGE('',*,*,#4707,.F.);
#6603=ORIENTED_EDGE('',*,*,#4775,.F.);
#6604=ORIENTED_EDGE('',*,*,#4709,.F.);
#6605=ORIENTED_EDGE('',*,*,#4778,.F.);
#6606=ORIENTED_EDGE('',*,*,#4761,.T.);
#6607=ORIENTED_EDGE('',*,*,#4731,.F.);
#6608=ORIENTED_EDGE('',*,*,#4780,.T.);
#6609=ORIENTED_EDGE('',*,*,#4781,.T.);
#6610=ORIENTED_EDGE('',*,*,#4782,.T.);
#6611=ORIENTED_EDGE('',*,*,#4781,.F.);
#6612=ORIENTED_EDGE('',*,*,#4780,.F.);
#6613=ORIENTED_EDGE('',*,*,#4783,.F.);
#6614=ORIENTED_EDGE('',*,*,#4784,.T.);
#6615=ORIENTED_EDGE('',*,*,#4785,.F.);
#6616=ORIENTED_EDGE('',*,*,#4786,.T.);
#6617=ORIENTED_EDGE('',*,*,#4787,.F.);
#6618=ORIENTED_EDGE('',*,*,#4788,.T.);
#6619=ORIENTED_EDGE('',*,*,#4789,.F.);
#6620=ORIENTED_EDGE('',*,*,#4790,.T.);
#6621=ORIENTED_EDGE('',*,*,#4791,.F.);
#6622=ORIENTED_EDGE('',*,*,#4792,.T.);
#6623=ORIENTED_EDGE('',*,*,#4793,.F.);
#6624=ORIENTED_EDGE('',*,*,#4794,.T.);
#6625=ORIENTED_EDGE('',*,*,#4795,.F.);
#6626=ORIENTED_EDGE('',*,*,#4796,.T.);
#6627=ORIENTED_EDGE('',*,*,#4797,.F.);
#6628=ORIENTED_EDGE('',*,*,#4798,.T.);
#6629=ORIENTED_EDGE('',*,*,#4799,.F.);
#6630=ORIENTED_EDGE('',*,*,#4800,.T.);
#6631=ORIENTED_EDGE('',*,*,#4801,.F.);
#6632=ORIENTED_EDGE('',*,*,#4802,.T.);
#6633=ORIENTED_EDGE('',*,*,#4803,.F.);
#6634=ORIENTED_EDGE('',*,*,#4804,.T.);
#6635=ORIENTED_EDGE('',*,*,#4805,.F.);
#6636=ORIENTED_EDGE('',*,*,#4806,.T.);
#6637=ORIENTED_EDGE('',*,*,#4782,.F.);
#6638=ORIENTED_EDGE('',*,*,#4807,.T.);
#6639=ORIENTED_EDGE('',*,*,#4808,.T.);
#6640=ORIENTED_EDGE('',*,*,#4807,.F.);
#6641=ORIENTED_EDGE('',*,*,#4809,.F.);
#6642=ORIENTED_EDGE('',*,*,#4810,.T.);
#6643=ORIENTED_EDGE('',*,*,#4805,.T.);
#6644=ORIENTED_EDGE('',*,*,#4811,.T.);
#6645=ORIENTED_EDGE('',*,*,#4811,.F.);
#6646=ORIENTED_EDGE('',*,*,#4804,.F.);
#6647=ORIENTED_EDGE('',*,*,#4812,.F.);
#6648=ORIENTED_EDGE('',*,*,#4813,.T.);
#6649=ORIENTED_EDGE('',*,*,#4783,.T.);
#6650=ORIENTED_EDGE('',*,*,#4814,.T.);
#6651=ORIENTED_EDGE('',*,*,#4815,.T.);
#6652=ORIENTED_EDGE('',*,*,#4816,.T.);
#6653=ORIENTED_EDGE('',*,*,#4810,.F.);
#6654=ORIENTED_EDGE('',*,*,#4817,.T.);
#6655=ORIENTED_EDGE('',*,*,#4814,.F.);
#6656=ORIENTED_EDGE('',*,*,#4806,.F.);
#6657=ORIENTED_EDGE('',*,*,#4803,.T.);
#6658=ORIENTED_EDGE('',*,*,#4818,.T.);
#6659=ORIENTED_EDGE('',*,*,#4819,.T.);
#6660=ORIENTED_EDGE('',*,*,#4812,.T.);
#6661=ORIENTED_EDGE('',*,*,#4818,.F.);
#6662=ORIENTED_EDGE('',*,*,#4802,.F.);
#6663=ORIENTED_EDGE('',*,*,#4820,.F.);
#6664=ORIENTED_EDGE('',*,*,#4821,.T.);
#6665=ORIENTED_EDGE('',*,*,#4822,.F.);
#6666=ORIENTED_EDGE('',*,*,#4820,.T.);
#6667=ORIENTED_EDGE('',*,*,#4801,.T.);
#6668=ORIENTED_EDGE('',*,*,#4823,.T.);
#6669=ORIENTED_EDGE('',*,*,#4809,.T.);
#6670=ORIENTED_EDGE('',*,*,#4813,.F.);
#6671=ORIENTED_EDGE('',*,*,#4819,.F.);
#6672=ORIENTED_EDGE('',*,*,#4821,.F.);
#6673=ORIENTED_EDGE('',*,*,#4822,.T.);
#6674=ORIENTED_EDGE('',*,*,#4824,.F.);
#6675=ORIENTED_EDGE('',*,*,#4825,.F.);
#6676=ORIENTED_EDGE('',*,*,#4826,.F.);
#6677=ORIENTED_EDGE('',*,*,#4827,.T.);
#6678=ORIENTED_EDGE('',*,*,#4828,.F.);
#6679=ORIENTED_EDGE('',*,*,#4829,.F.);
#6680=ORIENTED_EDGE('',*,*,#4830,.F.);
#6681=ORIENTED_EDGE('',*,*,#4831,.T.);
#6682=ORIENTED_EDGE('',*,*,#4832,.F.);
#6683=ORIENTED_EDGE('',*,*,#4833,.F.);
#6684=ORIENTED_EDGE('',*,*,#4834,.F.);
#6685=ORIENTED_EDGE('',*,*,#4835,.T.);
#6686=ORIENTED_EDGE('',*,*,#4836,.F.);
#6687=ORIENTED_EDGE('',*,*,#4837,.F.);
#6688=ORIENTED_EDGE('',*,*,#4838,.F.);
#6689=ORIENTED_EDGE('',*,*,#4839,.T.);
#6690=ORIENTED_EDGE('',*,*,#4840,.F.);
#6691=ORIENTED_EDGE('',*,*,#4815,.F.);
#6692=ORIENTED_EDGE('',*,*,#4817,.F.);
#6693=ORIENTED_EDGE('',*,*,#4823,.F.);
#6694=ORIENTED_EDGE('',*,*,#4800,.F.);
#6695=ORIENTED_EDGE('',*,*,#4841,.F.);
#6696=ORIENTED_EDGE('',*,*,#4824,.T.);
#6697=ORIENTED_EDGE('',*,*,#4827,.F.);
#6698=ORIENTED_EDGE('',*,*,#4842,.T.);
#6699=ORIENTED_EDGE('',*,*,#4797,.T.);
#6700=ORIENTED_EDGE('',*,*,#4843,.T.);
#6701=ORIENTED_EDGE('',*,*,#4843,.F.);
#6702=ORIENTED_EDGE('',*,*,#4796,.F.);
#6703=ORIENTED_EDGE('',*,*,#4844,.F.);
#6704=ORIENTED_EDGE('',*,*,#4828,.T.);
#6705=ORIENTED_EDGE('',*,*,#4799,.T.);
#6706=ORIENTED_EDGE('',*,*,#4845,.T.);
#6707=ORIENTED_EDGE('',*,*,#4825,.T.);
#6708=ORIENTED_EDGE('',*,*,#4841,.T.);
#6709=ORIENTED_EDGE('',*,*,#4842,.F.);
#6710=ORIENTED_EDGE('',*,*,#4826,.T.);
#6711=ORIENTED_EDGE('',*,*,#4845,.F.);
#6712=ORIENTED_EDGE('',*,*,#4798,.F.);
#6713=ORIENTED_EDGE('',*,*,#4795,.T.);
#6714=ORIENTED_EDGE('',*,*,#4846,.T.);
#6715=ORIENTED_EDGE('',*,*,#4829,.T.);
#6716=ORIENTED_EDGE('',*,*,#4844,.T.);
#6717=ORIENTED_EDGE('',*,*,#4846,.F.);
#6718=ORIENTED_EDGE('',*,*,#4794,.F.);
#6719=ORIENTED_EDGE('',*,*,#4847,.F.);
#6720=ORIENTED_EDGE('',*,*,#4830,.T.);
#6721=ORIENTED_EDGE('',*,*,#4831,.F.);
#6722=ORIENTED_EDGE('',*,*,#4847,.T.);
#6723=ORIENTED_EDGE('',*,*,#4793,.T.);
#6724=ORIENTED_EDGE('',*,*,#4848,.T.);
#6725=ORIENTED_EDGE('',*,*,#4848,.F.);
#6726=ORIENTED_EDGE('',*,*,#4792,.F.);
#6727=ORIENTED_EDGE('',*,*,#4849,.F.);
#6728=ORIENTED_EDGE('',*,*,#4832,.T.);
#6729=ORIENTED_EDGE('',*,*,#4791,.T.);
#6730=ORIENTED_EDGE('',*,*,#4850,.T.);
#6731=ORIENTED_EDGE('',*,*,#4833,.T.);
#6732=ORIENTED_EDGE('',*,*,#4849,.T.);
#6733=ORIENTED_EDGE('',*,*,#4850,.F.);
#6734=ORIENTED_EDGE('',*,*,#4790,.F.);
#6735=ORIENTED_EDGE('',*,*,#4851,.F.);
#6736=ORIENTED_EDGE('',*,*,#4834,.T.);
#6737=ORIENTED_EDGE('',*,*,#4787,.T.);
#6738=ORIENTED_EDGE('',*,*,#4852,.T.);
#6739=ORIENTED_EDGE('',*,*,#4837,.T.);
#6740=ORIENTED_EDGE('',*,*,#4853,.T.);
#6741=ORIENTED_EDGE('',*,*,#4853,.F.);
#6742=ORIENTED_EDGE('',*,*,#4836,.T.);
#6743=ORIENTED_EDGE('',*,*,#4854,.F.);
#6744=ORIENTED_EDGE('',*,*,#4788,.F.);
#6745=ORIENTED_EDGE('',*,*,#4835,.F.);
#6746=ORIENTED_EDGE('',*,*,#4851,.T.);
#6747=ORIENTED_EDGE('',*,*,#4789,.T.);
#6748=ORIENTED_EDGE('',*,*,#4854,.T.);
#6749=ORIENTED_EDGE('',*,*,#4839,.F.);
#6750=ORIENTED_EDGE('',*,*,#4855,.T.);
#6751=ORIENTED_EDGE('',*,*,#4785,.T.);
#6752=ORIENTED_EDGE('',*,*,#4856,.T.);
#6753=ORIENTED_EDGE('',*,*,#4816,.F.);
#6754=ORIENTED_EDGE('',*,*,#4840,.T.);
#6755=ORIENTED_EDGE('',*,*,#4856,.F.);
#6756=ORIENTED_EDGE('',*,*,#4784,.F.);
#6757=ORIENTED_EDGE('',*,*,#4852,.F.);
#6758=ORIENTED_EDGE('',*,*,#4786,.F.);
#6759=ORIENTED_EDGE('',*,*,#4855,.F.);
#6760=ORIENTED_EDGE('',*,*,#4838,.T.);
#6761=ORIENTED_EDGE('',*,*,#4808,.F.);
#6762=ORIENTED_EDGE('',*,*,#4857,.T.);
#6763=ORIENTED_EDGE('',*,*,#4858,.T.);
#6764=ORIENTED_EDGE('',*,*,#4859,.T.);
#6765=ORIENTED_EDGE('',*,*,#4858,.F.);
#6766=ORIENTED_EDGE('',*,*,#4857,.F.);
#6767=ORIENTED_EDGE('',*,*,#4860,.F.);
#6768=ORIENTED_EDGE('',*,*,#4861,.T.);
#6769=ORIENTED_EDGE('',*,*,#4862,.F.);
#6770=ORIENTED_EDGE('',*,*,#4863,.T.);
#6771=ORIENTED_EDGE('',*,*,#4864,.F.);
#6772=ORIENTED_EDGE('',*,*,#4865,.T.);
#6773=ORIENTED_EDGE('',*,*,#4866,.F.);
#6774=ORIENTED_EDGE('',*,*,#4867,.T.);
#6775=ORIENTED_EDGE('',*,*,#4868,.F.);
#6776=ORIENTED_EDGE('',*,*,#4869,.T.);
#6777=ORIENTED_EDGE('',*,*,#4870,.F.);
#6778=ORIENTED_EDGE('',*,*,#4871,.T.);
#6779=ORIENTED_EDGE('',*,*,#4872,.F.);
#6780=ORIENTED_EDGE('',*,*,#4873,.T.);
#6781=ORIENTED_EDGE('',*,*,#4874,.F.);
#6782=ORIENTED_EDGE('',*,*,#4875,.T.);
#6783=ORIENTED_EDGE('',*,*,#4876,.F.);
#6784=ORIENTED_EDGE('',*,*,#4877,.T.);
#6785=ORIENTED_EDGE('',*,*,#4878,.F.);
#6786=ORIENTED_EDGE('',*,*,#4879,.T.);
#6787=ORIENTED_EDGE('',*,*,#4880,.F.);
#6788=ORIENTED_EDGE('',*,*,#4881,.T.);
#6789=ORIENTED_EDGE('',*,*,#4882,.F.);
#6790=ORIENTED_EDGE('',*,*,#4883,.T.);
#6791=ORIENTED_EDGE('',*,*,#4859,.F.);
#6792=ORIENTED_EDGE('',*,*,#4884,.T.);
#6793=ORIENTED_EDGE('',*,*,#4885,.T.);
#6794=ORIENTED_EDGE('',*,*,#4884,.F.);
#6795=ORIENTED_EDGE('',*,*,#4886,.F.);
#6796=ORIENTED_EDGE('',*,*,#4887,.T.);
#6797=ORIENTED_EDGE('',*,*,#4882,.T.);
#6798=ORIENTED_EDGE('',*,*,#4888,.T.);
#6799=ORIENTED_EDGE('',*,*,#4888,.F.);
#6800=ORIENTED_EDGE('',*,*,#4881,.F.);
#6801=ORIENTED_EDGE('',*,*,#4889,.F.);
#6802=ORIENTED_EDGE('',*,*,#4890,.T.);
#6803=ORIENTED_EDGE('',*,*,#4860,.T.);
#6804=ORIENTED_EDGE('',*,*,#4891,.T.);
#6805=ORIENTED_EDGE('',*,*,#4892,.T.);
#6806=ORIENTED_EDGE('',*,*,#4893,.T.);
#6807=ORIENTED_EDGE('',*,*,#4887,.F.);
#6808=ORIENTED_EDGE('',*,*,#4894,.T.);
#6809=ORIENTED_EDGE('',*,*,#4891,.F.);
#6810=ORIENTED_EDGE('',*,*,#4883,.F.);
#6811=ORIENTED_EDGE('',*,*,#4880,.T.);
#6812=ORIENTED_EDGE('',*,*,#4895,.T.);
#6813=ORIENTED_EDGE('',*,*,#4896,.T.);
#6814=ORIENTED_EDGE('',*,*,#4889,.T.);
#6815=ORIENTED_EDGE('',*,*,#4895,.F.);
#6816=ORIENTED_EDGE('',*,*,#4879,.F.);
#6817=ORIENTED_EDGE('',*,*,#4897,.F.);
#6818=ORIENTED_EDGE('',*,*,#4898,.T.);
#6819=ORIENTED_EDGE('',*,*,#4899,.F.);
#6820=ORIENTED_EDGE('',*,*,#4897,.T.);
#6821=ORIENTED_EDGE('',*,*,#4878,.T.);
#6822=ORIENTED_EDGE('',*,*,#4900,.T.);
#6823=ORIENTED_EDGE('',*,*,#4886,.T.);
#6824=ORIENTED_EDGE('',*,*,#4890,.F.);
#6825=ORIENTED_EDGE('',*,*,#4896,.F.);
#6826=ORIENTED_EDGE('',*,*,#4898,.F.);
#6827=ORIENTED_EDGE('',*,*,#4899,.T.);
#6828=ORIENTED_EDGE('',*,*,#4901,.F.);
#6829=ORIENTED_EDGE('',*,*,#4902,.F.);
#6830=ORIENTED_EDGE('',*,*,#4903,.F.);
#6831=ORIENTED_EDGE('',*,*,#4904,.T.);
#6832=ORIENTED_EDGE('',*,*,#4905,.F.);
#6833=ORIENTED_EDGE('',*,*,#4906,.F.);
#6834=ORIENTED_EDGE('',*,*,#4907,.F.);
#6835=ORIENTED_EDGE('',*,*,#4908,.T.);
#6836=ORIENTED_EDGE('',*,*,#4909,.F.);
#6837=ORIENTED_EDGE('',*,*,#4910,.F.);
#6838=ORIENTED_EDGE('',*,*,#4911,.F.);
#6839=ORIENTED_EDGE('',*,*,#4912,.T.);
#6840=ORIENTED_EDGE('',*,*,#4913,.F.);
#6841=ORIENTED_EDGE('',*,*,#4914,.F.);
#6842=ORIENTED_EDGE('',*,*,#4915,.F.);
#6843=ORIENTED_EDGE('',*,*,#4916,.T.);
#6844=ORIENTED_EDGE('',*,*,#4917,.F.);
#6845=ORIENTED_EDGE('',*,*,#4892,.F.);
#6846=ORIENTED_EDGE('',*,*,#4894,.F.);
#6847=ORIENTED_EDGE('',*,*,#4900,.F.);
#6848=ORIENTED_EDGE('',*,*,#4877,.F.);
#6849=ORIENTED_EDGE('',*,*,#4918,.F.);
#6850=ORIENTED_EDGE('',*,*,#4901,.T.);
#6851=ORIENTED_EDGE('',*,*,#4904,.F.);
#6852=ORIENTED_EDGE('',*,*,#4919,.T.);
#6853=ORIENTED_EDGE('',*,*,#4874,.T.);
#6854=ORIENTED_EDGE('',*,*,#4920,.T.);
#6855=ORIENTED_EDGE('',*,*,#4920,.F.);
#6856=ORIENTED_EDGE('',*,*,#4873,.F.);
#6857=ORIENTED_EDGE('',*,*,#4921,.F.);
#6858=ORIENTED_EDGE('',*,*,#4905,.T.);
#6859=ORIENTED_EDGE('',*,*,#4876,.T.);
#6860=ORIENTED_EDGE('',*,*,#4922,.T.);
#6861=ORIENTED_EDGE('',*,*,#4902,.T.);
#6862=ORIENTED_EDGE('',*,*,#4918,.T.);
#6863=ORIENTED_EDGE('',*,*,#4919,.F.);
#6864=ORIENTED_EDGE('',*,*,#4903,.T.);
#6865=ORIENTED_EDGE('',*,*,#4922,.F.);
#6866=ORIENTED_EDGE('',*,*,#4875,.F.);
#6867=ORIENTED_EDGE('',*,*,#4872,.T.);
#6868=ORIENTED_EDGE('',*,*,#4923,.T.);
#6869=ORIENTED_EDGE('',*,*,#4906,.T.);
#6870=ORIENTED_EDGE('',*,*,#4921,.T.);
#6871=ORIENTED_EDGE('',*,*,#4923,.F.);
#6872=ORIENTED_EDGE('',*,*,#4871,.F.);
#6873=ORIENTED_EDGE('',*,*,#4924,.F.);
#6874=ORIENTED_EDGE('',*,*,#4907,.T.);
#6875=ORIENTED_EDGE('',*,*,#4908,.F.);
#6876=ORIENTED_EDGE('',*,*,#4924,.T.);
#6877=ORIENTED_EDGE('',*,*,#4870,.T.);
#6878=ORIENTED_EDGE('',*,*,#4925,.T.);
#6879=ORIENTED_EDGE('',*,*,#4925,.F.);
#6880=ORIENTED_EDGE('',*,*,#4869,.F.);
#6881=ORIENTED_EDGE('',*,*,#4926,.F.);
#6882=ORIENTED_EDGE('',*,*,#4909,.T.);
#6883=ORIENTED_EDGE('',*,*,#4868,.T.);
#6884=ORIENTED_EDGE('',*,*,#4927,.T.);
#6885=ORIENTED_EDGE('',*,*,#4910,.T.);
#6886=ORIENTED_EDGE('',*,*,#4926,.T.);
#6887=ORIENTED_EDGE('',*,*,#4927,.F.);
#6888=ORIENTED_EDGE('',*,*,#4867,.F.);
#6889=ORIENTED_EDGE('',*,*,#4928,.F.);
#6890=ORIENTED_EDGE('',*,*,#4911,.T.);
#6891=ORIENTED_EDGE('',*,*,#4864,.T.);
#6892=ORIENTED_EDGE('',*,*,#4929,.T.);
#6893=ORIENTED_EDGE('',*,*,#4914,.T.);
#6894=ORIENTED_EDGE('',*,*,#4930,.T.);
#6895=ORIENTED_EDGE('',*,*,#4930,.F.);
#6896=ORIENTED_EDGE('',*,*,#4913,.T.);
#6897=ORIENTED_EDGE('',*,*,#4931,.F.);
#6898=ORIENTED_EDGE('',*,*,#4865,.F.);
#6899=ORIENTED_EDGE('',*,*,#4912,.F.);
#6900=ORIENTED_EDGE('',*,*,#4928,.T.);
#6901=ORIENTED_EDGE('',*,*,#4866,.T.);
#6902=ORIENTED_EDGE('',*,*,#4931,.T.);
#6903=ORIENTED_EDGE('',*,*,#4916,.F.);
#6904=ORIENTED_EDGE('',*,*,#4932,.T.);
#6905=ORIENTED_EDGE('',*,*,#4862,.T.);
#6906=ORIENTED_EDGE('',*,*,#4933,.T.);
#6907=ORIENTED_EDGE('',*,*,#4893,.F.);
#6908=ORIENTED_EDGE('',*,*,#4917,.T.);
#6909=ORIENTED_EDGE('',*,*,#4933,.F.);
#6910=ORIENTED_EDGE('',*,*,#4861,.F.);
#6911=ORIENTED_EDGE('',*,*,#4929,.F.);
#6912=ORIENTED_EDGE('',*,*,#4863,.F.);
#6913=ORIENTED_EDGE('',*,*,#4932,.F.);
#6914=ORIENTED_EDGE('',*,*,#4915,.T.);
#6915=ORIENTED_EDGE('',*,*,#4885,.F.);
#6916=ORIENTED_EDGE('',*,*,#4934,.T.);
#6917=ORIENTED_EDGE('',*,*,#4935,.T.);
#6918=ORIENTED_EDGE('',*,*,#4936,.T.);
#6919=ORIENTED_EDGE('',*,*,#4935,.F.);
#6920=ORIENTED_EDGE('',*,*,#4934,.F.);
#6921=ORIENTED_EDGE('',*,*,#4937,.F.);
#6922=ORIENTED_EDGE('',*,*,#4938,.T.);
#6923=ORIENTED_EDGE('',*,*,#4939,.F.);
#6924=ORIENTED_EDGE('',*,*,#4940,.T.);
#6925=ORIENTED_EDGE('',*,*,#4941,.F.);
#6926=ORIENTED_EDGE('',*,*,#4942,.T.);
#6927=ORIENTED_EDGE('',*,*,#4943,.F.);
#6928=ORIENTED_EDGE('',*,*,#4944,.T.);
#6929=ORIENTED_EDGE('',*,*,#4945,.F.);
#6930=ORIENTED_EDGE('',*,*,#4946,.T.);
#6931=ORIENTED_EDGE('',*,*,#4947,.F.);
#6932=ORIENTED_EDGE('',*,*,#4948,.T.);
#6933=ORIENTED_EDGE('',*,*,#4949,.F.);
#6934=ORIENTED_EDGE('',*,*,#4950,.T.);
#6935=ORIENTED_EDGE('',*,*,#4951,.F.);
#6936=ORIENTED_EDGE('',*,*,#4952,.T.);
#6937=ORIENTED_EDGE('',*,*,#4953,.F.);
#6938=ORIENTED_EDGE('',*,*,#4954,.T.);
#6939=ORIENTED_EDGE('',*,*,#4955,.F.);
#6940=ORIENTED_EDGE('',*,*,#4956,.T.);
#6941=ORIENTED_EDGE('',*,*,#4957,.F.);
#6942=ORIENTED_EDGE('',*,*,#4958,.T.);
#6943=ORIENTED_EDGE('',*,*,#4959,.F.);
#6944=ORIENTED_EDGE('',*,*,#4960,.T.);
#6945=ORIENTED_EDGE('',*,*,#4936,.F.);
#6946=ORIENTED_EDGE('',*,*,#4961,.T.);
#6947=ORIENTED_EDGE('',*,*,#4962,.T.);
#6948=ORIENTED_EDGE('',*,*,#4961,.F.);
#6949=ORIENTED_EDGE('',*,*,#4963,.F.);
#6950=ORIENTED_EDGE('',*,*,#4964,.T.);
#6951=ORIENTED_EDGE('',*,*,#4959,.T.);
#6952=ORIENTED_EDGE('',*,*,#4965,.T.);
#6953=ORIENTED_EDGE('',*,*,#4965,.F.);
#6954=ORIENTED_EDGE('',*,*,#4958,.F.);
#6955=ORIENTED_EDGE('',*,*,#4966,.F.);
#6956=ORIENTED_EDGE('',*,*,#4967,.T.);
#6957=ORIENTED_EDGE('',*,*,#4937,.T.);
#6958=ORIENTED_EDGE('',*,*,#4968,.T.);
#6959=ORIENTED_EDGE('',*,*,#4969,.T.);
#6960=ORIENTED_EDGE('',*,*,#4970,.T.);
#6961=ORIENTED_EDGE('',*,*,#4964,.F.);
#6962=ORIENTED_EDGE('',*,*,#4971,.T.);
#6963=ORIENTED_EDGE('',*,*,#4968,.F.);
#6964=ORIENTED_EDGE('',*,*,#4960,.F.);
#6965=ORIENTED_EDGE('',*,*,#4957,.T.);
#6966=ORIENTED_EDGE('',*,*,#4972,.T.);
#6967=ORIENTED_EDGE('',*,*,#4973,.T.);
#6968=ORIENTED_EDGE('',*,*,#4966,.T.);
#6969=ORIENTED_EDGE('',*,*,#4972,.F.);
#6970=ORIENTED_EDGE('',*,*,#4956,.F.);
#6971=ORIENTED_EDGE('',*,*,#4974,.F.);
#6972=ORIENTED_EDGE('',*,*,#4975,.T.);
#6973=ORIENTED_EDGE('',*,*,#4976,.F.);
#6974=ORIENTED_EDGE('',*,*,#4974,.T.);
#6975=ORIENTED_EDGE('',*,*,#4955,.T.);
#6976=ORIENTED_EDGE('',*,*,#4977,.T.);
#6977=ORIENTED_EDGE('',*,*,#4963,.T.);
#6978=ORIENTED_EDGE('',*,*,#4967,.F.);
#6979=ORIENTED_EDGE('',*,*,#4973,.F.);
#6980=ORIENTED_EDGE('',*,*,#4975,.F.);
#6981=ORIENTED_EDGE('',*,*,#4976,.T.);
#6982=ORIENTED_EDGE('',*,*,#4978,.F.);
#6983=ORIENTED_EDGE('',*,*,#4979,.F.);
#6984=ORIENTED_EDGE('',*,*,#4980,.F.);
#6985=ORIENTED_EDGE('',*,*,#4981,.T.);
#6986=ORIENTED_EDGE('',*,*,#4982,.F.);
#6987=ORIENTED_EDGE('',*,*,#4983,.F.);
#6988=ORIENTED_EDGE('',*,*,#4984,.F.);
#6989=ORIENTED_EDGE('',*,*,#4985,.T.);
#6990=ORIENTED_EDGE('',*,*,#4986,.F.);
#6991=ORIENTED_EDGE('',*,*,#4987,.F.);
#6992=ORIENTED_EDGE('',*,*,#4988,.F.);
#6993=ORIENTED_EDGE('',*,*,#4989,.T.);
#6994=ORIENTED_EDGE('',*,*,#4990,.F.);
#6995=ORIENTED_EDGE('',*,*,#4991,.F.);
#6996=ORIENTED_EDGE('',*,*,#4992,.F.);
#6997=ORIENTED_EDGE('',*,*,#4993,.T.);
#6998=ORIENTED_EDGE('',*,*,#4994,.F.);
#6999=ORIENTED_EDGE('',*,*,#4969,.F.);
#7000=ORIENTED_EDGE('',*,*,#4971,.F.);
#7001=ORIENTED_EDGE('',*,*,#4977,.F.);
#7002=ORIENTED_EDGE('',*,*,#4954,.F.);
#7003=ORIENTED_EDGE('',*,*,#4995,.F.);
#7004=ORIENTED_EDGE('',*,*,#4978,.T.);
#7005=ORIENTED_EDGE('',*,*,#4981,.F.);
#7006=ORIENTED_EDGE('',*,*,#4996,.T.);
#7007=ORIENTED_EDGE('',*,*,#4951,.T.);
#7008=ORIENTED_EDGE('',*,*,#4997,.T.);
#7009=ORIENTED_EDGE('',*,*,#4997,.F.);
#7010=ORIENTED_EDGE('',*,*,#4950,.F.);
#7011=ORIENTED_EDGE('',*,*,#4998,.F.);
#7012=ORIENTED_EDGE('',*,*,#4982,.T.);
#7013=ORIENTED_EDGE('',*,*,#4953,.T.);
#7014=ORIENTED_EDGE('',*,*,#4999,.T.);
#7015=ORIENTED_EDGE('',*,*,#4979,.T.);
#7016=ORIENTED_EDGE('',*,*,#4995,.T.);
#7017=ORIENTED_EDGE('',*,*,#4996,.F.);
#7018=ORIENTED_EDGE('',*,*,#4980,.T.);
#7019=ORIENTED_EDGE('',*,*,#4999,.F.);
#7020=ORIENTED_EDGE('',*,*,#4952,.F.);
#7021=ORIENTED_EDGE('',*,*,#4949,.T.);
#7022=ORIENTED_EDGE('',*,*,#5000,.T.);
#7023=ORIENTED_EDGE('',*,*,#4983,.T.);
#7024=ORIENTED_EDGE('',*,*,#4998,.T.);
#7025=ORIENTED_EDGE('',*,*,#5000,.F.);
#7026=ORIENTED_EDGE('',*,*,#4948,.F.);
#7027=ORIENTED_EDGE('',*,*,#5001,.F.);
#7028=ORIENTED_EDGE('',*,*,#4984,.T.);
#7029=ORIENTED_EDGE('',*,*,#4985,.F.);
#7030=ORIENTED_EDGE('',*,*,#5001,.T.);
#7031=ORIENTED_EDGE('',*,*,#4947,.T.);
#7032=ORIENTED_EDGE('',*,*,#5002,.T.);
#7033=ORIENTED_EDGE('',*,*,#5002,.F.);
#7034=ORIENTED_EDGE('',*,*,#4946,.F.);
#7035=ORIENTED_EDGE('',*,*,#5003,.F.);
#7036=ORIENTED_EDGE('',*,*,#4986,.T.);
#7037=ORIENTED_EDGE('',*,*,#4945,.T.);
#7038=ORIENTED_EDGE('',*,*,#5004,.T.);
#7039=ORIENTED_EDGE('',*,*,#4987,.T.);
#7040=ORIENTED_EDGE('',*,*,#5003,.T.);
#7041=ORIENTED_EDGE('',*,*,#5004,.F.);
#7042=ORIENTED_EDGE('',*,*,#4944,.F.);
#7043=ORIENTED_EDGE('',*,*,#5005,.F.);
#7044=ORIENTED_EDGE('',*,*,#4988,.T.);
#7045=ORIENTED_EDGE('',*,*,#4941,.T.);
#7046=ORIENTED_EDGE('',*,*,#5006,.T.);
#7047=ORIENTED_EDGE('',*,*,#4991,.T.);
#7048=ORIENTED_EDGE('',*,*,#5007,.T.);
#7049=ORIENTED_EDGE('',*,*,#5007,.F.);
#7050=ORIENTED_EDGE('',*,*,#4990,.T.);
#7051=ORIENTED_EDGE('',*,*,#5008,.F.);
#7052=ORIENTED_EDGE('',*,*,#4942,.F.);
#7053=ORIENTED_EDGE('',*,*,#4989,.F.);
#7054=ORIENTED_EDGE('',*,*,#5005,.T.);
#7055=ORIENTED_EDGE('',*,*,#4943,.T.);
#7056=ORIENTED_EDGE('',*,*,#5008,.T.);
#7057=ORIENTED_EDGE('',*,*,#4993,.F.);
#7058=ORIENTED_EDGE('',*,*,#5009,.T.);
#7059=ORIENTED_EDGE('',*,*,#4939,.T.);
#7060=ORIENTED_EDGE('',*,*,#5010,.T.);
#7061=ORIENTED_EDGE('',*,*,#4970,.F.);
#7062=ORIENTED_EDGE('',*,*,#4994,.T.);
#7063=ORIENTED_EDGE('',*,*,#5010,.F.);
#7064=ORIENTED_EDGE('',*,*,#4938,.F.);
#7065=ORIENTED_EDGE('',*,*,#5006,.F.);
#7066=ORIENTED_EDGE('',*,*,#4940,.F.);
#7067=ORIENTED_EDGE('',*,*,#5009,.F.);
#7068=ORIENTED_EDGE('',*,*,#4992,.T.);
#7069=ORIENTED_EDGE('',*,*,#4962,.F.);
#7070=ORIENTED_EDGE('',*,*,#5011,.F.);
#7071=ORIENTED_EDGE('',*,*,#5012,.F.);
#7072=ORIENTED_EDGE('',*,*,#5013,.F.);
#7073=ORIENTED_EDGE('',*,*,#5014,.F.);
#7074=ORIENTED_EDGE('',*,*,#5015,.F.);
#7075=ORIENTED_EDGE('',*,*,#5016,.F.);
#7076=ORIENTED_EDGE('',*,*,#5017,.F.);
#7077=ORIENTED_EDGE('',*,*,#5018,.F.);
#7078=ORIENTED_EDGE('',*,*,#5015,.T.);
#7079=ORIENTED_EDGE('',*,*,#5019,.F.);
#7080=ORIENTED_EDGE('',*,*,#5020,.F.);
#7081=ORIENTED_EDGE('',*,*,#5021,.T.);
#7082=ORIENTED_EDGE('',*,*,#5014,.T.);
#7083=ORIENTED_EDGE('',*,*,#5022,.F.);
#7084=ORIENTED_EDGE('',*,*,#5023,.T.);
#7085=ORIENTED_EDGE('',*,*,#5019,.T.);
#7086=ORIENTED_EDGE('',*,*,#5013,.T.);
#7087=ORIENTED_EDGE('',*,*,#5024,.F.);
#7088=ORIENTED_EDGE('',*,*,#5025,.F.);
#7089=ORIENTED_EDGE('',*,*,#5022,.T.);
#7090=ORIENTED_EDGE('',*,*,#5012,.T.);
#7091=ORIENTED_EDGE('',*,*,#5026,.F.);
#7092=ORIENTED_EDGE('',*,*,#5027,.T.);
#7093=ORIENTED_EDGE('',*,*,#5024,.T.);
#7094=ORIENTED_EDGE('',*,*,#5017,.T.);
#7095=ORIENTED_EDGE('',*,*,#5028,.F.);
#7096=ORIENTED_EDGE('',*,*,#5029,.F.);
#7097=ORIENTED_EDGE('',*,*,#5030,.T.);
#7098=ORIENTED_EDGE('',*,*,#5016,.T.);
#7099=ORIENTED_EDGE('',*,*,#5021,.F.);
#7100=ORIENTED_EDGE('',*,*,#5031,.T.);
#7101=ORIENTED_EDGE('',*,*,#5028,.T.);
#7102=ORIENTED_EDGE('',*,*,#5011,.T.);
#7103=ORIENTED_EDGE('',*,*,#5032,.F.);
#7104=ORIENTED_EDGE('',*,*,#5033,.F.);
#7105=ORIENTED_EDGE('',*,*,#5026,.T.);
#7106=ORIENTED_EDGE('',*,*,#5034,.F.);
#7107=ORIENTED_EDGE('',*,*,#5035,.T.);
#7108=ORIENTED_EDGE('',*,*,#5036,.F.);
#7109=ORIENTED_EDGE('',*,*,#5035,.F.);
#7110=ORIENTED_EDGE('',*,*,#5036,.T.);
#7111=ORIENTED_EDGE('',*,*,#5037,.T.);
#7112=ORIENTED_EDGE('',*,*,#5038,.T.);
#7113=ORIENTED_EDGE('',*,*,#5039,.T.);
#7114=ORIENTED_EDGE('',*,*,#5040,.T.);
#7115=ORIENTED_EDGE('',*,*,#5041,.T.);
#7116=ORIENTED_EDGE('',*,*,#5042,.T.);
#7117=ORIENTED_EDGE('',*,*,#5034,.T.);
#7118=ORIENTED_EDGE('',*,*,#5043,.T.);
#7119=ORIENTED_EDGE('',*,*,#5042,.F.);
#7120=ORIENTED_EDGE('',*,*,#5044,.F.);
#7121=ORIENTED_EDGE('',*,*,#5045,.T.);
#7122=ORIENTED_EDGE('',*,*,#5046,.T.);
#7123=ORIENTED_EDGE('',*,*,#5044,.T.);
#7124=ORIENTED_EDGE('',*,*,#5041,.F.);
#7125=ORIENTED_EDGE('',*,*,#5047,.T.);
#7126=ORIENTED_EDGE('',*,*,#5048,.T.);
#7127=ORIENTED_EDGE('',*,*,#5049,.T.);
#7128=ORIENTED_EDGE('',*,*,#5039,.F.);
#7129=ORIENTED_EDGE('',*,*,#5050,.F.);
#7130=ORIENTED_EDGE('',*,*,#5051,.T.);
#7131=ORIENTED_EDGE('',*,*,#5052,.T.);
#7132=ORIENTED_EDGE('',*,*,#5050,.T.);
#7133=ORIENTED_EDGE('',*,*,#5038,.F.);
#7134=ORIENTED_EDGE('',*,*,#5051,.F.);
#7135=ORIENTED_EDGE('',*,*,#5037,.F.);
#7136=ORIENTED_EDGE('',*,*,#5043,.F.);
#7137=ORIENTED_EDGE('',*,*,#5053,.T.);
#7138=ORIENTED_EDGE('',*,*,#5054,.F.);
#7139=ORIENTED_EDGE('',*,*,#5055,.T.);
#7140=ORIENTED_EDGE('',*,*,#5056,.T.);
#7141=ORIENTED_EDGE('',*,*,#5057,.T.);
#7142=ORIENTED_EDGE('',*,*,#5058,.F.);
#7143=ORIENTED_EDGE('',*,*,#5059,.F.);
#7144=ORIENTED_EDGE('',*,*,#5060,.F.);
#7145=ORIENTED_EDGE('',*,*,#5061,.T.);
#7146=ORIENTED_EDGE('',*,*,#5045,.F.);
#7147=ORIENTED_EDGE('',*,*,#5046,.F.);
#7148=ORIENTED_EDGE('',*,*,#5062,.T.);
#7149=ORIENTED_EDGE('',*,*,#5063,.F.);
#7150=ORIENTED_EDGE('',*,*,#5064,.T.);
#7151=ORIENTED_EDGE('',*,*,#5065,.F.);
#7152=ORIENTED_EDGE('',*,*,#5066,.T.);
#7153=ORIENTED_EDGE('',*,*,#5067,.T.);
#7154=ORIENTED_EDGE('',*,*,#5068,.T.);
#7155=ORIENTED_EDGE('',*,*,#5069,.F.);
#7156=ORIENTED_EDGE('',*,*,#5070,.F.);
#7157=ORIENTED_EDGE('',*,*,#5053,.F.);
#7158=ORIENTED_EDGE('',*,*,#5071,.T.);
#7159=ORIENTED_EDGE('',*,*,#5072,.T.);
#7160=ORIENTED_EDGE('',*,*,#5073,.T.);
#7161=ORIENTED_EDGE('',*,*,#5074,.T.);
#7162=ORIENTED_EDGE('',*,*,#5075,.T.);
#7163=ORIENTED_EDGE('',*,*,#5076,.T.);
#7164=ORIENTED_EDGE('',*,*,#5077,.T.);
#7165=ORIENTED_EDGE('',*,*,#5078,.T.);
#7166=ORIENTED_EDGE('',*,*,#5079,.F.);
#7167=ORIENTED_EDGE('',*,*,#5080,.T.);
#7168=ORIENTED_EDGE('',*,*,#5081,.F.);
#7169=ORIENTED_EDGE('',*,*,#5080,.F.);
#7170=ORIENTED_EDGE('',*,*,#5081,.T.);
#7171=ORIENTED_EDGE('',*,*,#5059,.T.);
#7172=ORIENTED_EDGE('',*,*,#5082,.T.);
#7173=ORIENTED_EDGE('',*,*,#5083,.T.);
#7174=ORIENTED_EDGE('',*,*,#5084,.T.);
#7175=ORIENTED_EDGE('',*,*,#5085,.T.);
#7176=ORIENTED_EDGE('',*,*,#5086,.T.);
#7177=ORIENTED_EDGE('',*,*,#5079,.T.);
#7178=ORIENTED_EDGE('',*,*,#5060,.T.);
#7179=ORIENTED_EDGE('',*,*,#5086,.F.);
#7180=ORIENTED_EDGE('',*,*,#5087,.F.);
#7181=ORIENTED_EDGE('',*,*,#5088,.T.);
#7182=ORIENTED_EDGE('',*,*,#5089,.T.);
#7183=ORIENTED_EDGE('',*,*,#5087,.T.);
#7184=ORIENTED_EDGE('',*,*,#5085,.F.);
#7185=ORIENTED_EDGE('',*,*,#5090,.T.);
#7186=ORIENTED_EDGE('',*,*,#5091,.T.);
#7187=ORIENTED_EDGE('',*,*,#5092,.T.);
#7188=ORIENTED_EDGE('',*,*,#5083,.F.);
#7189=ORIENTED_EDGE('',*,*,#5093,.F.);
#7190=ORIENTED_EDGE('',*,*,#5058,.T.);
#7191=ORIENTED_EDGE('',*,*,#5094,.T.);
#7192=ORIENTED_EDGE('',*,*,#5093,.T.);
#7193=ORIENTED_EDGE('',*,*,#5082,.F.);
#7194=ORIENTED_EDGE('',*,*,#5052,.F.);
#7195=ORIENTED_EDGE('',*,*,#5061,.F.);
#7196=ORIENTED_EDGE('',*,*,#5088,.F.);
#7197=ORIENTED_EDGE('',*,*,#5089,.F.);
#7198=ORIENTED_EDGE('',*,*,#5095,.T.);
#7199=ORIENTED_EDGE('',*,*,#5048,.F.);
#7200=ORIENTED_EDGE('',*,*,#5096,.F.);
#7201=ORIENTED_EDGE('',*,*,#5097,.T.);
#7202=ORIENTED_EDGE('',*,*,#5098,.T.);
#7203=ORIENTED_EDGE('',*,*,#5097,.F.);
#7204=ORIENTED_EDGE('',*,*,#5098,.F.);
#7205=ORIENTED_EDGE('',*,*,#5099,.T.);
#7206=ORIENTED_EDGE('',*,*,#5100,.F.);
#7207=ORIENTED_EDGE('',*,*,#5101,.F.);
#7208=ORIENTED_EDGE('',*,*,#5102,.T.);
#7209=ORIENTED_EDGE('',*,*,#5103,.F.);
#7210=ORIENTED_EDGE('',*,*,#5104,.F.);
#7211=ORIENTED_EDGE('',*,*,#5096,.T.);
#7212=ORIENTED_EDGE('',*,*,#5105,.T.);
#7213=ORIENTED_EDGE('',*,*,#5104,.T.);
#7214=ORIENTED_EDGE('',*,*,#5106,.F.);
#7215=ORIENTED_EDGE('',*,*,#5107,.T.);
#7216=ORIENTED_EDGE('',*,*,#5108,.T.);
#7217=ORIENTED_EDGE('',*,*,#5109,.T.);
#7218=ORIENTED_EDGE('',*,*,#5110,.T.);
#7219=ORIENTED_EDGE('',*,*,#5100,.T.);
#7220=ORIENTED_EDGE('',*,*,#5111,.T.);
#7221=ORIENTED_EDGE('',*,*,#5112,.T.);
#7222=ORIENTED_EDGE('',*,*,#5101,.T.);
#7223=ORIENTED_EDGE('',*,*,#5110,.F.);
#7224=ORIENTED_EDGE('',*,*,#5113,.T.);
#7225=ORIENTED_EDGE('',*,*,#5106,.T.);
#7226=ORIENTED_EDGE('',*,*,#5103,.T.);
#7227=ORIENTED_EDGE('',*,*,#5114,.T.);
#7228=ORIENTED_EDGE('',*,*,#5108,.F.);
#7229=ORIENTED_EDGE('',*,*,#5099,.F.);
#7230=ORIENTED_EDGE('',*,*,#5105,.F.);
#7231=ORIENTED_EDGE('',*,*,#5115,.T.);
#7232=ORIENTED_EDGE('',*,*,#5116,.F.);
#7233=ORIENTED_EDGE('',*,*,#5117,.F.);
#7234=ORIENTED_EDGE('',*,*,#5118,.F.);
#7235=ORIENTED_EDGE('',*,*,#5119,.T.);
#7236=ORIENTED_EDGE('',*,*,#5120,.F.);
#7237=ORIENTED_EDGE('',*,*,#5121,.T.);
#7238=ORIENTED_EDGE('',*,*,#5122,.T.);
#7239=ORIENTED_EDGE('',*,*,#5123,.T.);
#7240=ORIENTED_EDGE('',*,*,#5124,.T.);
#7241=ORIENTED_EDGE('',*,*,#5107,.F.);
#7242=ORIENTED_EDGE('',*,*,#5113,.F.);
#7243=ORIENTED_EDGE('',*,*,#5125,.T.);
#7244=ORIENTED_EDGE('',*,*,#5126,.F.);
#7245=ORIENTED_EDGE('',*,*,#5127,.F.);
#7246=ORIENTED_EDGE('',*,*,#5115,.F.);
#7247=ORIENTED_EDGE('',*,*,#5128,.F.);
#7248=ORIENTED_EDGE('',*,*,#5129,.T.);
#7249=ORIENTED_EDGE('',*,*,#5130,.T.);
#7250=ORIENTED_EDGE('',*,*,#5129,.F.);
#7251=ORIENTED_EDGE('',*,*,#5130,.F.);
#7252=ORIENTED_EDGE('',*,*,#5117,.T.);
#7253=ORIENTED_EDGE('',*,*,#5131,.F.);
#7254=ORIENTED_EDGE('',*,*,#5132,.F.);
#7255=ORIENTED_EDGE('',*,*,#5133,.T.);
#7256=ORIENTED_EDGE('',*,*,#5134,.F.);
#7257=ORIENTED_EDGE('',*,*,#5135,.F.);
#7258=ORIENTED_EDGE('',*,*,#5128,.T.);
#7259=ORIENTED_EDGE('',*,*,#5118,.T.);
#7260=ORIENTED_EDGE('',*,*,#5135,.T.);
#7261=ORIENTED_EDGE('',*,*,#5136,.F.);
#7262=ORIENTED_EDGE('',*,*,#5137,.T.);
#7263=ORIENTED_EDGE('',*,*,#5116,.T.);
#7264=ORIENTED_EDGE('',*,*,#5127,.T.);
#7265=ORIENTED_EDGE('',*,*,#5138,.T.);
#7266=ORIENTED_EDGE('',*,*,#5131,.T.);
#7267=ORIENTED_EDGE('',*,*,#5126,.T.);
#7268=ORIENTED_EDGE('',*,*,#5139,.T.);
#7269=ORIENTED_EDGE('',*,*,#5132,.T.);
#7270=ORIENTED_EDGE('',*,*,#5138,.F.);
#7271=ORIENTED_EDGE('',*,*,#5140,.T.);
#7272=ORIENTED_EDGE('',*,*,#5136,.T.);
#7273=ORIENTED_EDGE('',*,*,#5134,.T.);
#7274=ORIENTED_EDGE('',*,*,#5141,.T.);
#7275=ORIENTED_EDGE('',*,*,#5137,.F.);
#7276=ORIENTED_EDGE('',*,*,#5140,.F.);
#7277=ORIENTED_EDGE('',*,*,#5142,.T.);
#7278=ORIENTED_EDGE('',*,*,#5143,.T.);
#7279=ORIENTED_EDGE('',*,*,#5144,.T.);
#7280=ORIENTED_EDGE('',*,*,#5145,.T.);
#7281=ORIENTED_EDGE('',*,*,#5146,.T.);
#7282=ORIENTED_EDGE('',*,*,#5147,.F.);
#7283=ORIENTED_EDGE('',*,*,#5148,.F.);
#7284=ORIENTED_EDGE('',*,*,#5119,.F.);
#7285=ORIENTED_EDGE('',*,*,#5149,.F.);
#7286=ORIENTED_EDGE('',*,*,#5150,.T.);
#7287=ORIENTED_EDGE('',*,*,#5151,.F.);
#7288=ORIENTED_EDGE('',*,*,#5150,.F.);
#7289=ORIENTED_EDGE('',*,*,#5151,.T.);
#7290=ORIENTED_EDGE('',*,*,#5152,.F.);
#7291=ORIENTED_EDGE('',*,*,#5153,.T.);
#7292=ORIENTED_EDGE('',*,*,#5154,.F.);
#7293=ORIENTED_EDGE('',*,*,#5153,.F.);
#7294=ORIENTED_EDGE('',*,*,#5154,.T.);
#7295=ORIENTED_EDGE('',*,*,#5155,.F.);
#7296=ORIENTED_EDGE('',*,*,#5156,.T.);
#7297=ORIENTED_EDGE('',*,*,#5157,.T.);
#7298=ORIENTED_EDGE('',*,*,#5158,.F.);
#7299=ORIENTED_EDGE('',*,*,#5159,.T.);
#7300=ORIENTED_EDGE('',*,*,#5160,.T.);
#7301=ORIENTED_EDGE('',*,*,#5149,.T.);
#7302=ORIENTED_EDGE('',*,*,#5161,.F.);
#7303=ORIENTED_EDGE('',*,*,#5160,.F.);
#7304=ORIENTED_EDGE('',*,*,#5162,.F.);
#7305=ORIENTED_EDGE('',*,*,#5163,.F.);
#7306=ORIENTED_EDGE('',*,*,#5164,.F.);
#7307=ORIENTED_EDGE('',*,*,#5162,.T.);
#7308=ORIENTED_EDGE('',*,*,#5159,.F.);
#7309=ORIENTED_EDGE('',*,*,#5165,.F.);
#7310=ORIENTED_EDGE('',*,*,#5166,.F.);
#7311=ORIENTED_EDGE('',*,*,#5167,.F.);
#7312=ORIENTED_EDGE('',*,*,#5157,.F.);
#7313=ORIENTED_EDGE('',*,*,#5168,.F.);
#7314=ORIENTED_EDGE('',*,*,#5169,.F.);
#7315=ORIENTED_EDGE('',*,*,#5170,.F.);
#7316=ORIENTED_EDGE('',*,*,#5168,.T.);
#7317=ORIENTED_EDGE('',*,*,#5156,.F.);
#7318=ORIENTED_EDGE('',*,*,#5171,.F.);
#7319=ORIENTED_EDGE('',*,*,#5172,.T.);
#7320=ORIENTED_EDGE('',*,*,#5173,.T.);
#7321=ORIENTED_EDGE('',*,*,#5174,.F.);
#7322=ORIENTED_EDGE('',*,*,#5175,.T.);
#7323=ORIENTED_EDGE('',*,*,#5176,.T.);
#7324=ORIENTED_EDGE('',*,*,#5152,.T.);
#7325=ORIENTED_EDGE('',*,*,#5177,.F.);
#7326=ORIENTED_EDGE('',*,*,#5176,.F.);
#7327=ORIENTED_EDGE('',*,*,#5178,.F.);
#7328=ORIENTED_EDGE('',*,*,#5179,.F.);
#7329=ORIENTED_EDGE('',*,*,#5180,.F.);
#7330=ORIENTED_EDGE('',*,*,#5178,.T.);
#7331=ORIENTED_EDGE('',*,*,#5175,.F.);
#7332=ORIENTED_EDGE('',*,*,#5181,.F.);
#7333=ORIENTED_EDGE('',*,*,#5067,.F.);
#7334=ORIENTED_EDGE('',*,*,#5182,.F.);
#7335=ORIENTED_EDGE('',*,*,#5173,.F.);
#7336=ORIENTED_EDGE('',*,*,#5183,.F.);
#7337=ORIENTED_EDGE('',*,*,#5184,.F.);
#7338=ORIENTED_EDGE('',*,*,#5068,.F.);
#7339=ORIENTED_EDGE('',*,*,#5183,.T.);
#7340=ORIENTED_EDGE('',*,*,#5172,.F.);
#7341=ORIENTED_EDGE('',*,*,#5169,.T.);
#7342=ORIENTED_EDGE('',*,*,#5155,.T.);
#7343=ORIENTED_EDGE('',*,*,#5161,.T.);
#7344=ORIENTED_EDGE('',*,*,#5185,.T.);
#7345=ORIENTED_EDGE('',*,*,#5186,.T.);
#7346=ORIENTED_EDGE('',*,*,#5187,.T.);
#7347=ORIENTED_EDGE('',*,*,#5188,.T.);
#7348=ORIENTED_EDGE('',*,*,#5189,.T.);
#7349=ORIENTED_EDGE('',*,*,#5069,.T.);
#7350=ORIENTED_EDGE('',*,*,#5184,.T.);
#7351=ORIENTED_EDGE('',*,*,#5171,.T.);
#7352=ORIENTED_EDGE('',*,*,#5177,.T.);
#7353=ORIENTED_EDGE('',*,*,#5190,.T.);
#7354=ORIENTED_EDGE('',*,*,#5109,.F.);
#7355=ORIENTED_EDGE('',*,*,#5124,.F.);
#7356=ORIENTED_EDGE('',*,*,#5191,.T.);
#7357=ORIENTED_EDGE('',*,*,#5192,.T.);
#7358=ORIENTED_EDGE('',*,*,#5193,.T.);
#7359=ORIENTED_EDGE('',*,*,#5185,.F.);
#7360=ORIENTED_EDGE('',*,*,#5163,.T.);
#7361=ORIENTED_EDGE('',*,*,#5164,.T.);
#7362=ORIENTED_EDGE('',*,*,#5194,.T.);
#7363=ORIENTED_EDGE('',*,*,#5195,.T.);
#7364=ORIENTED_EDGE('',*,*,#5196,.T.);
#7365=ORIENTED_EDGE('',*,*,#5111,.F.);
#7366=ORIENTED_EDGE('',*,*,#5094,.F.);
#7367=ORIENTED_EDGE('',*,*,#5057,.F.);
#7368=ORIENTED_EDGE('',*,*,#5197,.F.);
#7369=ORIENTED_EDGE('',*,*,#5198,.F.);
#7370=ORIENTED_EDGE('',*,*,#5199,.T.);
#7371=ORIENTED_EDGE('',*,*,#5200,.T.);
#7372=ORIENTED_EDGE('',*,*,#5201,.T.);
#7373=ORIENTED_EDGE('',*,*,#5202,.T.);
#7374=ORIENTED_EDGE('',*,*,#5203,.T.);
#7375=ORIENTED_EDGE('',*,*,#5091,.F.);
#7376=ORIENTED_EDGE('',*,*,#5204,.F.);
#7377=ORIENTED_EDGE('',*,*,#5205,.T.);
#7378=ORIENTED_EDGE('',*,*,#5206,.T.);
#7379=ORIENTED_EDGE('',*,*,#5205,.F.);
#7380=ORIENTED_EDGE('',*,*,#5206,.F.);
#7381=ORIENTED_EDGE('',*,*,#5207,.F.);
#7382=ORIENTED_EDGE('',*,*,#5208,.T.);
#7383=ORIENTED_EDGE('',*,*,#5209,.T.);
#7384=ORIENTED_EDGE('',*,*,#5208,.F.);
#7385=ORIENTED_EDGE('',*,*,#5209,.F.);
#7386=ORIENTED_EDGE('',*,*,#5210,.F.);
#7387=ORIENTED_EDGE('',*,*,#5211,.F.);
#7388=ORIENTED_EDGE('',*,*,#5212,.F.);
#7389=ORIENTED_EDGE('',*,*,#5213,.F.);
#7390=ORIENTED_EDGE('',*,*,#5214,.F.);
#7391=ORIENTED_EDGE('',*,*,#5215,.F.);
#7392=ORIENTED_EDGE('',*,*,#5207,.T.);
#7393=ORIENTED_EDGE('',*,*,#5216,.F.);
#7394=ORIENTED_EDGE('',*,*,#5215,.T.);
#7395=ORIENTED_EDGE('',*,*,#5217,.F.);
#7396=ORIENTED_EDGE('',*,*,#5199,.F.);
#7397=ORIENTED_EDGE('',*,*,#5218,.F.);
#7398=ORIENTED_EDGE('',*,*,#5219,.F.);
#7399=ORIENTED_EDGE('',*,*,#5220,.T.);
#7400=ORIENTED_EDGE('',*,*,#5211,.T.);
#7401=ORIENTED_EDGE('',*,*,#5221,.F.);
#7402=ORIENTED_EDGE('',*,*,#5222,.F.);
#7403=ORIENTED_EDGE('',*,*,#5212,.T.);
#7404=ORIENTED_EDGE('',*,*,#5220,.F.);
#7405=ORIENTED_EDGE('',*,*,#5200,.F.);
#7406=ORIENTED_EDGE('',*,*,#5217,.T.);
#7407=ORIENTED_EDGE('',*,*,#5214,.T.);
#7408=ORIENTED_EDGE('',*,*,#5223,.F.);
#7409=ORIENTED_EDGE('',*,*,#5224,.F.);
#7410=ORIENTED_EDGE('',*,*,#5225,.F.);
#7411=ORIENTED_EDGE('',*,*,#5226,.F.);
#7412=ORIENTED_EDGE('',*,*,#5227,.F.);
#7413=ORIENTED_EDGE('',*,*,#5228,.F.);
#7414=ORIENTED_EDGE('',*,*,#5229,.F.);
#7415=ORIENTED_EDGE('',*,*,#5204,.T.);
#7416=ORIENTED_EDGE('',*,*,#5230,.F.);
#7417=ORIENTED_EDGE('',*,*,#5229,.T.);
#7418=ORIENTED_EDGE('',*,*,#5231,.F.);
#7419=ORIENTED_EDGE('',*,*,#5232,.F.);
#7420=ORIENTED_EDGE('',*,*,#5233,.F.);
#7421=ORIENTED_EDGE('',*,*,#5146,.F.);
#7422=ORIENTED_EDGE('',*,*,#5234,.T.);
#7423=ORIENTED_EDGE('',*,*,#5225,.T.);
#7424=ORIENTED_EDGE('',*,*,#5145,.F.);
#7425=ORIENTED_EDGE('',*,*,#5235,.F.);
#7426=ORIENTED_EDGE('',*,*,#5226,.T.);
#7427=ORIENTED_EDGE('',*,*,#5234,.F.);
#7428=ORIENTED_EDGE('',*,*,#5236,.F.);
#7429=ORIENTED_EDGE('',*,*,#5231,.T.);
#7430=ORIENTED_EDGE('',*,*,#5228,.T.);
#7431=ORIENTED_EDGE('',*,*,#5237,.F.);
#7432=ORIENTED_EDGE('',*,*,#5170,.T.);
#7433=ORIENTED_EDGE('',*,*,#5190,.F.);
#7434=ORIENTED_EDGE('',*,*,#5179,.T.);
#7435=ORIENTED_EDGE('',*,*,#5180,.T.);
#7436=ORIENTED_EDGE('',*,*,#5238,.T.);
#7437=ORIENTED_EDGE('',*,*,#5166,.T.);
#7438=ORIENTED_EDGE('',*,*,#5221,.T.);
#7439=ORIENTED_EDGE('',*,*,#5219,.T.);
#7440=ORIENTED_EDGE('',*,*,#5239,.F.);
#7441=ORIENTED_EDGE('',*,*,#5232,.T.);
#7442=ORIENTED_EDGE('',*,*,#5236,.T.);
#7443=ORIENTED_EDGE('',*,*,#5240,.T.);
#7444=ORIENTED_EDGE('',*,*,#5218,.T.);
#7445=ORIENTED_EDGE('',*,*,#5210,.T.);
#7446=ORIENTED_EDGE('',*,*,#5216,.T.);
#7447=ORIENTED_EDGE('',*,*,#5198,.T.);
#7448=ORIENTED_EDGE('',*,*,#5241,.F.);
#7449=ORIENTED_EDGE('',*,*,#5242,.T.);
#7450=ORIENTED_EDGE('',*,*,#5243,.T.);
#7451=ORIENTED_EDGE('',*,*,#5147,.T.);
#7452=ORIENTED_EDGE('',*,*,#5233,.T.);
#7453=ORIENTED_EDGE('',*,*,#5224,.T.);
#7454=ORIENTED_EDGE('',*,*,#5230,.T.);
#7455=ORIENTED_EDGE('',*,*,#5239,.T.);
#7456=ORIENTED_EDGE('',*,*,#5244,.F.);
#7457=ORIENTED_EDGE('',*,*,#5245,.T.);
#7458=ORIENTED_EDGE('',*,*,#5065,.T.);
#7459=ORIENTED_EDGE('',*,*,#5246,.T.);
#7460=ORIENTED_EDGE('',*,*,#5244,.T.);
#7461=ORIENTED_EDGE('',*,*,#5247,.F.);
#7462=ORIENTED_EDGE('',*,*,#5248,.T.);
#7463=ORIENTED_EDGE('',*,*,#5249,.F.);
#7464=ORIENTED_EDGE('',*,*,#5250,.F.);
#7465=ORIENTED_EDGE('',*,*,#5251,.F.);
#7466=ORIENTED_EDGE('',*,*,#5252,.F.);
#7467=ORIENTED_EDGE('',*,*,#5253,.F.);
#7468=ORIENTED_EDGE('',*,*,#5254,.F.);
#7469=ORIENTED_EDGE('',*,*,#5255,.F.);
#7470=ORIENTED_EDGE('',*,*,#5256,.T.);
#7471=ORIENTED_EDGE('',*,*,#5257,.T.);
#7472=ORIENTED_EDGE('',*,*,#5258,.T.);
#7473=ORIENTED_EDGE('',*,*,#5259,.T.);
#7474=ORIENTED_EDGE('',*,*,#5260,.T.);
#7475=ORIENTED_EDGE('',*,*,#5246,.F.);
#7476=ORIENTED_EDGE('',*,*,#5064,.F.);
#7477=ORIENTED_EDGE('',*,*,#5261,.F.);
#7478=ORIENTED_EDGE('',*,*,#5247,.T.);
#7479=ORIENTED_EDGE('',*,*,#5248,.F.);
#7480=ORIENTED_EDGE('',*,*,#5261,.T.);
#7481=ORIENTED_EDGE('',*,*,#5063,.T.);
#7482=ORIENTED_EDGE('',*,*,#5262,.T.);
#7483=ORIENTED_EDGE('',*,*,#5263,.F.);
#7484=ORIENTED_EDGE('',*,*,#5264,.T.);
#7485=ORIENTED_EDGE('',*,*,#5265,.F.);
#7486=ORIENTED_EDGE('',*,*,#5266,.F.);
#7487=ORIENTED_EDGE('',*,*,#5267,.F.);
#7488=ORIENTED_EDGE('',*,*,#5268,.F.);
#7489=ORIENTED_EDGE('',*,*,#5269,.F.);
#7490=ORIENTED_EDGE('',*,*,#5270,.F.);
#7491=ORIENTED_EDGE('',*,*,#5271,.F.);
#7492=ORIENTED_EDGE('',*,*,#5272,.F.);
#7493=ORIENTED_EDGE('',*,*,#5273,.F.);
#7494=ORIENTED_EDGE('',*,*,#5264,.F.);
#7495=ORIENTED_EDGE('',*,*,#5186,.F.);
#7496=ORIENTED_EDGE('',*,*,#5193,.F.);
#7497=ORIENTED_EDGE('',*,*,#5274,.T.);
#7498=ORIENTED_EDGE('',*,*,#5268,.T.);
#7499=ORIENTED_EDGE('',*,*,#5192,.F.);
#7500=ORIENTED_EDGE('',*,*,#5275,.T.);
#7501=ORIENTED_EDGE('',*,*,#5269,.T.);
#7502=ORIENTED_EDGE('',*,*,#5274,.F.);
#7503=ORIENTED_EDGE('',*,*,#5123,.F.);
#7504=ORIENTED_EDGE('',*,*,#5270,.T.);
#7505=ORIENTED_EDGE('',*,*,#5275,.F.);
#7506=ORIENTED_EDGE('',*,*,#5191,.F.);
#7507=ORIENTED_EDGE('',*,*,#5276,.F.);
#7508=ORIENTED_EDGE('',*,*,#5277,.F.);
#7509=ORIENTED_EDGE('',*,*,#5278,.T.);
#7510=ORIENTED_EDGE('',*,*,#5272,.T.);
#7511=ORIENTED_EDGE('',*,*,#5279,.F.);
#7512=ORIENTED_EDGE('',*,*,#5265,.T.);
#7513=ORIENTED_EDGE('',*,*,#5273,.T.);
#7514=ORIENTED_EDGE('',*,*,#5278,.F.);
#7515=ORIENTED_EDGE('',*,*,#5266,.T.);
#7516=ORIENTED_EDGE('',*,*,#5279,.T.);
#7517=ORIENTED_EDGE('',*,*,#5277,.T.);
#7518=ORIENTED_EDGE('',*,*,#5280,.F.);
#7519=ORIENTED_EDGE('',*,*,#5267,.T.);
#7520=ORIENTED_EDGE('',*,*,#5263,.T.);
#7521=ORIENTED_EDGE('',*,*,#5280,.T.);
#7522=ORIENTED_EDGE('',*,*,#5276,.T.);
#7523=ORIENTED_EDGE('',*,*,#5271,.T.);
#7524=ORIENTED_EDGE('',*,*,#5122,.F.);
#7525=ORIENTED_EDGE('',*,*,#5281,.T.);
#7526=ORIENTED_EDGE('',*,*,#5187,.F.);
#7527=ORIENTED_EDGE('',*,*,#5077,.F.);
#7528=ORIENTED_EDGE('',*,*,#5282,.T.);
#7529=ORIENTED_EDGE('',*,*,#5283,.T.);
#7530=ORIENTED_EDGE('',*,*,#5282,.F.);
#7531=ORIENTED_EDGE('',*,*,#5283,.F.);
#7532=ORIENTED_EDGE('',*,*,#5076,.F.);
#7533=ORIENTED_EDGE('',*,*,#5284,.T.);
#7534=ORIENTED_EDGE('',*,*,#5285,.T.);
#7535=ORIENTED_EDGE('',*,*,#5284,.F.);
#7536=ORIENTED_EDGE('',*,*,#5285,.F.);
#7537=ORIENTED_EDGE('',*,*,#5075,.F.);
#7538=ORIENTED_EDGE('',*,*,#5286,.T.);
#7539=ORIENTED_EDGE('',*,*,#5287,.T.);
#7540=ORIENTED_EDGE('',*,*,#5286,.F.);
#7541=ORIENTED_EDGE('',*,*,#5287,.F.);
#7542=ORIENTED_EDGE('',*,*,#5071,.F.);
#7543=ORIENTED_EDGE('',*,*,#5288,.T.);
#7544=ORIENTED_EDGE('',*,*,#5289,.T.);
#7545=ORIENTED_EDGE('',*,*,#5288,.F.);
#7546=ORIENTED_EDGE('',*,*,#5289,.F.);
#7547=ORIENTED_EDGE('',*,*,#5074,.F.);
#7548=ORIENTED_EDGE('',*,*,#5290,.T.);
#7549=ORIENTED_EDGE('',*,*,#5291,.T.);
#7550=ORIENTED_EDGE('',*,*,#5290,.F.);
#7551=ORIENTED_EDGE('',*,*,#5291,.F.);
#7552=ORIENTED_EDGE('',*,*,#5073,.F.);
#7553=ORIENTED_EDGE('',*,*,#5292,.T.);
#7554=ORIENTED_EDGE('',*,*,#5293,.T.);
#7555=ORIENTED_EDGE('',*,*,#5292,.F.);
#7556=ORIENTED_EDGE('',*,*,#5293,.F.);
#7557=ORIENTED_EDGE('',*,*,#5072,.F.);
#7558=ORIENTED_EDGE('',*,*,#5294,.T.);
#7559=ORIENTED_EDGE('',*,*,#5295,.T.);
#7560=ORIENTED_EDGE('',*,*,#5294,.F.);
#7561=ORIENTED_EDGE('',*,*,#5295,.F.);
#7562=ORIENTED_EDGE('',*,*,#5078,.F.);
#7563=ORIENTED_EDGE('',*,*,#5296,.T.);
#7564=ORIENTED_EDGE('',*,*,#5297,.T.);
#7565=ORIENTED_EDGE('',*,*,#5296,.F.);
#7566=ORIENTED_EDGE('',*,*,#5297,.F.);
#7567=ORIENTED_EDGE('',*,*,#5257,.F.);
#7568=ORIENTED_EDGE('',*,*,#5298,.T.);
#7569=ORIENTED_EDGE('',*,*,#5299,.F.);
#7570=ORIENTED_EDGE('',*,*,#5300,.F.);
#7571=ORIENTED_EDGE('',*,*,#5258,.F.);
#7572=ORIENTED_EDGE('',*,*,#5300,.T.);
#7573=ORIENTED_EDGE('',*,*,#5301,.F.);
#7574=ORIENTED_EDGE('',*,*,#5302,.F.);
#7575=ORIENTED_EDGE('',*,*,#5259,.F.);
#7576=ORIENTED_EDGE('',*,*,#5302,.T.);
#7577=ORIENTED_EDGE('',*,*,#5303,.F.);
#7578=ORIENTED_EDGE('',*,*,#5304,.F.);
#7579=ORIENTED_EDGE('',*,*,#5260,.F.);
#7580=ORIENTED_EDGE('',*,*,#5304,.T.);
#7581=ORIENTED_EDGE('',*,*,#5305,.F.);
#7582=ORIENTED_EDGE('',*,*,#5306,.F.);
#7583=ORIENTED_EDGE('',*,*,#5256,.F.);
#7584=ORIENTED_EDGE('',*,*,#5306,.T.);
#7585=ORIENTED_EDGE('',*,*,#5307,.F.);
#7586=ORIENTED_EDGE('',*,*,#5298,.F.);
#7587=ORIENTED_EDGE('',*,*,#5222,.T.);
#7588=ORIENTED_EDGE('',*,*,#5240,.F.);
#7589=ORIENTED_EDGE('',*,*,#5237,.T.);
#7590=ORIENTED_EDGE('',*,*,#5227,.T.);
#7591=ORIENTED_EDGE('',*,*,#5235,.T.);
#7592=ORIENTED_EDGE('',*,*,#5144,.F.);
#7593=ORIENTED_EDGE('',*,*,#5308,.T.);
#7594=ORIENTED_EDGE('',*,*,#5251,.T.);
#7595=ORIENTED_EDGE('',*,*,#5309,.F.);
#7596=ORIENTED_EDGE('',*,*,#5201,.F.);
#7597=ORIENTED_EDGE('',*,*,#5223,.T.);
#7598=ORIENTED_EDGE('',*,*,#5213,.T.);
#7599=ORIENTED_EDGE('',*,*,#5250,.T.);
#7600=ORIENTED_EDGE('',*,*,#5310,.F.);
#7601=ORIENTED_EDGE('',*,*,#5202,.F.);
#7602=ORIENTED_EDGE('',*,*,#5309,.T.);
#7603=ORIENTED_EDGE('',*,*,#5049,.F.);
#7604=ORIENTED_EDGE('',*,*,#5095,.F.);
#7605=ORIENTED_EDGE('',*,*,#5090,.F.);
#7606=ORIENTED_EDGE('',*,*,#5084,.F.);
#7607=ORIENTED_EDGE('',*,*,#5092,.F.);
#7608=ORIENTED_EDGE('',*,*,#5203,.F.);
#7609=ORIENTED_EDGE('',*,*,#5310,.T.);
#7610=ORIENTED_EDGE('',*,*,#5249,.T.);
#7611=ORIENTED_EDGE('',*,*,#5262,.F.);
#7612=ORIENTED_EDGE('',*,*,#5062,.F.);
#7613=ORIENTED_EDGE('',*,*,#5047,.F.);
#7614=ORIENTED_EDGE('',*,*,#5040,.F.);
#7615=ORIENTED_EDGE('',*,*,#5311,.T.);
#7616=ORIENTED_EDGE('',*,*,#5312,.F.);
#7617=ORIENTED_EDGE('',*,*,#5313,.F.);
#7618=ORIENTED_EDGE('',*,*,#5311,.F.);
#7619=ORIENTED_EDGE('',*,*,#5314,.F.);
#7620=ORIENTED_EDGE('',*,*,#5315,.F.);
#7621=ORIENTED_EDGE('',*,*,#5314,.T.);
#7622=ORIENTED_EDGE('',*,*,#5316,.T.);
#7623=ORIENTED_EDGE('',*,*,#5317,.T.);
#7624=ORIENTED_EDGE('',*,*,#5316,.F.);
#7625=ORIENTED_EDGE('',*,*,#5299,.T.);
#7626=ORIENTED_EDGE('',*,*,#5307,.T.);
#7627=ORIENTED_EDGE('',*,*,#5305,.T.);
#7628=ORIENTED_EDGE('',*,*,#5303,.T.);
#7629=ORIENTED_EDGE('',*,*,#5301,.T.);
#7630=ORIENTED_EDGE('',*,*,#5317,.F.);
#7631=ORIENTED_EDGE('',*,*,#5315,.T.);
#7632=ORIENTED_EDGE('',*,*,#5318,.T.);
#7633=ORIENTED_EDGE('',*,*,#5312,.T.);
#7634=ORIENTED_EDGE('',*,*,#5313,.T.);
#7635=ORIENTED_EDGE('',*,*,#5318,.F.);
#7636=ORIENTED_EDGE('',*,*,#5252,.T.);
#7637=ORIENTED_EDGE('',*,*,#5308,.F.);
#7638=ORIENTED_EDGE('',*,*,#5143,.F.);
#7639=ORIENTED_EDGE('',*,*,#5319,.T.);
#7640=ORIENTED_EDGE('',*,*,#5112,.F.);
#7641=ORIENTED_EDGE('',*,*,#5196,.F.);
#7642=ORIENTED_EDGE('',*,*,#5320,.T.);
#7643=ORIENTED_EDGE('',*,*,#5253,.T.);
#7644=ORIENTED_EDGE('',*,*,#5319,.F.);
#7645=ORIENTED_EDGE('',*,*,#5142,.F.);
#7646=ORIENTED_EDGE('',*,*,#5141,.F.);
#7647=ORIENTED_EDGE('',*,*,#5133,.F.);
#7648=ORIENTED_EDGE('',*,*,#5139,.F.);
#7649=ORIENTED_EDGE('',*,*,#5125,.F.);
#7650=ORIENTED_EDGE('',*,*,#5114,.F.);
#7651=ORIENTED_EDGE('',*,*,#5102,.F.);
#7652=ORIENTED_EDGE('',*,*,#5254,.T.);
#7653=ORIENTED_EDGE('',*,*,#5320,.F.);
#7654=ORIENTED_EDGE('',*,*,#5195,.F.);
#7655=ORIENTED_EDGE('',*,*,#5321,.T.);
#7656=ORIENTED_EDGE('',*,*,#5167,.T.);
#7657=ORIENTED_EDGE('',*,*,#5238,.F.);
#7658=ORIENTED_EDGE('',*,*,#5181,.T.);
#7659=ORIENTED_EDGE('',*,*,#5174,.T.);
#7660=ORIENTED_EDGE('',*,*,#5182,.T.);
#7661=ORIENTED_EDGE('',*,*,#5066,.F.);
#7662=ORIENTED_EDGE('',*,*,#5245,.F.);
#7663=ORIENTED_EDGE('',*,*,#5255,.T.);
#7664=ORIENTED_EDGE('',*,*,#5321,.F.);
#7665=ORIENTED_EDGE('',*,*,#5194,.F.);
#7666=ORIENTED_EDGE('',*,*,#5165,.T.);
#7667=ORIENTED_EDGE('',*,*,#5158,.T.);
#7668=ORIENTED_EDGE('',*,*,#5054,.T.);
#7669=ORIENTED_EDGE('',*,*,#5070,.T.);
#7670=ORIENTED_EDGE('',*,*,#5189,.F.);
#7671=ORIENTED_EDGE('',*,*,#5322,.T.);
#7672=ORIENTED_EDGE('',*,*,#5241,.T.);
#7673=ORIENTED_EDGE('',*,*,#5197,.T.);
#7674=ORIENTED_EDGE('',*,*,#5056,.F.);
#7675=ORIENTED_EDGE('',*,*,#5323,.T.);
#7676=ORIENTED_EDGE('',*,*,#5120,.T.);
#7677=ORIENTED_EDGE('',*,*,#5148,.T.);
#7678=ORIENTED_EDGE('',*,*,#5243,.F.);
#7679=ORIENTED_EDGE('',*,*,#5324,.T.);
#7680=ORIENTED_EDGE('',*,*,#5323,.F.);
#7681=ORIENTED_EDGE('',*,*,#5325,.F.);
#7682=ORIENTED_EDGE('',*,*,#5326,.F.);
#7683=ORIENTED_EDGE('',*,*,#5327,.T.);
#7684=ORIENTED_EDGE('',*,*,#5055,.F.);
#7685=ORIENTED_EDGE('',*,*,#5328,.F.);
#7686=ORIENTED_EDGE('',*,*,#5329,.F.);
#7687=ORIENTED_EDGE('',*,*,#5325,.T.);
#7688=ORIENTED_EDGE('',*,*,#5322,.F.);
#7689=ORIENTED_EDGE('',*,*,#5330,.F.);
#7690=ORIENTED_EDGE('',*,*,#5331,.F.);
#7691=ORIENTED_EDGE('',*,*,#5328,.T.);
#7692=ORIENTED_EDGE('',*,*,#5188,.F.);
#7693=ORIENTED_EDGE('',*,*,#5332,.F.);
#7694=ORIENTED_EDGE('',*,*,#5333,.F.);
#7695=ORIENTED_EDGE('',*,*,#5330,.T.);
#7696=ORIENTED_EDGE('',*,*,#5281,.F.);
#7697=ORIENTED_EDGE('',*,*,#5334,.F.);
#7698=ORIENTED_EDGE('',*,*,#5335,.F.);
#7699=ORIENTED_EDGE('',*,*,#5332,.T.);
#7700=ORIENTED_EDGE('',*,*,#5121,.F.);
#7701=ORIENTED_EDGE('',*,*,#5336,.F.);
#7702=ORIENTED_EDGE('',*,*,#5337,.F.);
#7703=ORIENTED_EDGE('',*,*,#5334,.T.);
#7704=ORIENTED_EDGE('',*,*,#5324,.F.);
#7705=ORIENTED_EDGE('',*,*,#5338,.F.);
#7706=ORIENTED_EDGE('',*,*,#5339,.F.);
#7707=ORIENTED_EDGE('',*,*,#5336,.T.);
#7708=ORIENTED_EDGE('',*,*,#5242,.F.);
#7709=ORIENTED_EDGE('',*,*,#5327,.F.);
#7710=ORIENTED_EDGE('',*,*,#5340,.F.);
#7711=ORIENTED_EDGE('',*,*,#5338,.T.);
#7712=ORIENTED_EDGE('',*,*,#5018,.T.);
#7713=ORIENTED_EDGE('',*,*,#5030,.F.);
#7714=ORIENTED_EDGE('',*,*,#5341,.T.);
#7715=ORIENTED_EDGE('',*,*,#5032,.T.);
#7716=ORIENTED_EDGE('',*,*,#5023,.F.);
#7717=ORIENTED_EDGE('',*,*,#5025,.T.);
#7718=ORIENTED_EDGE('',*,*,#5027,.F.);
#7719=ORIENTED_EDGE('',*,*,#5033,.T.);
#7720=ORIENTED_EDGE('',*,*,#5341,.F.);
#7721=ORIENTED_EDGE('',*,*,#5029,.T.);
#7722=ORIENTED_EDGE('',*,*,#5031,.F.);
#7723=ORIENTED_EDGE('',*,*,#5020,.T.);
#7724=ORIENTED_EDGE('',*,*,#5333,.T.);
#7725=ORIENTED_EDGE('',*,*,#5335,.T.);
#7726=ORIENTED_EDGE('',*,*,#5337,.T.);
#7727=ORIENTED_EDGE('',*,*,#5339,.T.);
#7728=ORIENTED_EDGE('',*,*,#5340,.T.);
#7729=ORIENTED_EDGE('',*,*,#5326,.T.);
#7730=ORIENTED_EDGE('',*,*,#5329,.T.);
#7731=ORIENTED_EDGE('',*,*,#5331,.T.);
#7732=ORIENTED_EDGE('',*,*,#5342,.T.);
#7733=ORIENTED_EDGE('',*,*,#5343,.T.);
#7734=ORIENTED_EDGE('',*,*,#5344,.F.);
#7735=ORIENTED_EDGE('',*,*,#5345,.F.);
#7736=ORIENTED_EDGE('',*,*,#5346,.T.);
#7737=ORIENTED_EDGE('',*,*,#5345,.T.);
#7738=ORIENTED_EDGE('',*,*,#5347,.F.);
#7739=ORIENTED_EDGE('',*,*,#5348,.F.);
#7740=ORIENTED_EDGE('',*,*,#5349,.T.);
#7741=ORIENTED_EDGE('',*,*,#5348,.T.);
#7742=ORIENTED_EDGE('',*,*,#5350,.F.);
#7743=ORIENTED_EDGE('',*,*,#5351,.F.);
#7744=ORIENTED_EDGE('',*,*,#5352,.T.);
#7745=ORIENTED_EDGE('',*,*,#5351,.T.);
#7746=ORIENTED_EDGE('',*,*,#5353,.F.);
#7747=ORIENTED_EDGE('',*,*,#5354,.F.);
#7748=ORIENTED_EDGE('',*,*,#5355,.T.);
#7749=ORIENTED_EDGE('',*,*,#5354,.T.);
#7750=ORIENTED_EDGE('',*,*,#5356,.F.);
#7751=ORIENTED_EDGE('',*,*,#5357,.F.);
#7752=ORIENTED_EDGE('',*,*,#5358,.T.);
#7753=ORIENTED_EDGE('',*,*,#5357,.T.);
#7754=ORIENTED_EDGE('',*,*,#5359,.F.);
#7755=ORIENTED_EDGE('',*,*,#5360,.F.);
#7756=ORIENTED_EDGE('',*,*,#5361,.T.);
#7757=ORIENTED_EDGE('',*,*,#5360,.T.);
#7758=ORIENTED_EDGE('',*,*,#5362,.F.);
#7759=ORIENTED_EDGE('',*,*,#5363,.F.);
#7760=ORIENTED_EDGE('',*,*,#5364,.T.);
#7761=ORIENTED_EDGE('',*,*,#5363,.T.);
#7762=ORIENTED_EDGE('',*,*,#5365,.F.);
#7763=ORIENTED_EDGE('',*,*,#5343,.F.);
#7764=ORIENTED_EDGE('',*,*,#5364,.F.);
#7765=ORIENTED_EDGE('',*,*,#5342,.F.);
#7766=ORIENTED_EDGE('',*,*,#5346,.F.);
#7767=ORIENTED_EDGE('',*,*,#5349,.F.);
#7768=ORIENTED_EDGE('',*,*,#5352,.F.);
#7769=ORIENTED_EDGE('',*,*,#5355,.F.);
#7770=ORIENTED_EDGE('',*,*,#5358,.F.);
#7771=ORIENTED_EDGE('',*,*,#5361,.F.);
#7772=ORIENTED_EDGE('',*,*,#5365,.T.);
#7773=ORIENTED_EDGE('',*,*,#5362,.T.);
#7774=ORIENTED_EDGE('',*,*,#5359,.T.);
#7775=ORIENTED_EDGE('',*,*,#5356,.T.);
#7776=ORIENTED_EDGE('',*,*,#5353,.T.);
#7777=ORIENTED_EDGE('',*,*,#5350,.T.);
#7778=ORIENTED_EDGE('',*,*,#5347,.T.);
#7779=ORIENTED_EDGE('',*,*,#5344,.T.);
#7780=ORIENTED_EDGE('',*,*,#5366,.T.);
#7781=ORIENTED_EDGE('',*,*,#5367,.T.);
#7782=ORIENTED_EDGE('',*,*,#5368,.T.);
#7783=ORIENTED_EDGE('',*,*,#5369,.T.);
#7784=ORIENTED_EDGE('',*,*,#5370,.T.);
#7785=ORIENTED_EDGE('',*,*,#5371,.T.);
#7786=ORIENTED_EDGE('',*,*,#5366,.F.);
#7787=ORIENTED_EDGE('',*,*,#5372,.T.);
#7788=ORIENTED_EDGE('',*,*,#5373,.T.);
#7789=ORIENTED_EDGE('',*,*,#5374,.T.);
#7790=ORIENTED_EDGE('',*,*,#5370,.F.);
#7791=ORIENTED_EDGE('',*,*,#5375,.T.);
#7792=ORIENTED_EDGE('',*,*,#5376,.T.);
#7793=ORIENTED_EDGE('',*,*,#5377,.T.);
#7794=ORIENTED_EDGE('',*,*,#5373,.F.);
#7795=ORIENTED_EDGE('',*,*,#5378,.T.);
#7796=ORIENTED_EDGE('',*,*,#5379,.T.);
#7797=ORIENTED_EDGE('',*,*,#5380,.T.);
#7798=ORIENTED_EDGE('',*,*,#5376,.F.);
#7799=ORIENTED_EDGE('',*,*,#5381,.T.);
#7800=ORIENTED_EDGE('',*,*,#5382,.T.);
#7801=ORIENTED_EDGE('',*,*,#5383,.T.);
#7802=ORIENTED_EDGE('',*,*,#5379,.F.);
#7803=ORIENTED_EDGE('',*,*,#5384,.T.);
#7804=ORIENTED_EDGE('',*,*,#5385,.T.);
#7805=ORIENTED_EDGE('',*,*,#5386,.T.);
#7806=ORIENTED_EDGE('',*,*,#5382,.F.);
#7807=ORIENTED_EDGE('',*,*,#5387,.T.);
#7808=ORIENTED_EDGE('',*,*,#5368,.F.);
#7809=ORIENTED_EDGE('',*,*,#5388,.T.);
#7810=ORIENTED_EDGE('',*,*,#5385,.F.);
#7811=ORIENTED_EDGE('',*,*,#5389,.T.);
#7812=ORIENTED_EDGE('',*,*,#5378,.F.);
#7813=ORIENTED_EDGE('',*,*,#5390,.F.);
#7814=ORIENTED_EDGE('',*,*,#5391,.F.);
#7815=ORIENTED_EDGE('',*,*,#5392,.T.);
#7816=ORIENTED_EDGE('',*,*,#5375,.F.);
#7817=ORIENTED_EDGE('',*,*,#5393,.F.);
#7818=ORIENTED_EDGE('',*,*,#5394,.F.);
#7819=ORIENTED_EDGE('',*,*,#5390,.T.);
#7820=ORIENTED_EDGE('',*,*,#5372,.F.);
#7821=ORIENTED_EDGE('',*,*,#5395,.F.);
#7822=ORIENTED_EDGE('',*,*,#5396,.F.);
#7823=ORIENTED_EDGE('',*,*,#5393,.T.);
#7824=ORIENTED_EDGE('',*,*,#5369,.F.);
#7825=ORIENTED_EDGE('',*,*,#5397,.F.);
#7826=ORIENTED_EDGE('',*,*,#5398,.F.);
#7827=ORIENTED_EDGE('',*,*,#5395,.T.);
#7828=ORIENTED_EDGE('',*,*,#5367,.F.);
#7829=ORIENTED_EDGE('',*,*,#5371,.F.);
#7830=ORIENTED_EDGE('',*,*,#5374,.F.);
#7831=ORIENTED_EDGE('',*,*,#5377,.F.);
#7832=ORIENTED_EDGE('',*,*,#5380,.F.);
#7833=ORIENTED_EDGE('',*,*,#5383,.F.);
#7834=ORIENTED_EDGE('',*,*,#5386,.F.);
#7835=ORIENTED_EDGE('',*,*,#5388,.F.);
#7836=ORIENTED_EDGE('',*,*,#5389,.F.);
#7837=ORIENTED_EDGE('',*,*,#5399,.F.);
#7838=ORIENTED_EDGE('',*,*,#5400,.F.);
#7839=ORIENTED_EDGE('',*,*,#5397,.T.);
#7840=ORIENTED_EDGE('',*,*,#5387,.F.);
#7841=ORIENTED_EDGE('',*,*,#5401,.F.);
#7842=ORIENTED_EDGE('',*,*,#5402,.F.);
#7843=ORIENTED_EDGE('',*,*,#5399,.T.);
#7844=ORIENTED_EDGE('',*,*,#5384,.F.);
#7845=ORIENTED_EDGE('',*,*,#5403,.F.);
#7846=ORIENTED_EDGE('',*,*,#5404,.F.);
#7847=ORIENTED_EDGE('',*,*,#5401,.T.);
#7848=ORIENTED_EDGE('',*,*,#5381,.F.);
#7849=ORIENTED_EDGE('',*,*,#5392,.F.);
#7850=ORIENTED_EDGE('',*,*,#5405,.F.);
#7851=ORIENTED_EDGE('',*,*,#5403,.T.);
#7852=ORIENTED_EDGE('',*,*,#5391,.T.);
#7853=ORIENTED_EDGE('',*,*,#5394,.T.);
#7854=ORIENTED_EDGE('',*,*,#5396,.T.);
#7855=ORIENTED_EDGE('',*,*,#5398,.T.);
#7856=ORIENTED_EDGE('',*,*,#5400,.T.);
#7857=ORIENTED_EDGE('',*,*,#5402,.T.);
#7858=ORIENTED_EDGE('',*,*,#5404,.T.);
#7859=ORIENTED_EDGE('',*,*,#5405,.T.);
#7860=PLANE('',#8653);
#7861=PLANE('',#8654);
#7862=PLANE('',#8655);
#7863=PLANE('',#8656);
#7864=PLANE('',#8664);
#7865=PLANE('',#8665);
#7866=PLANE('',#8669);
#7867=PLANE('',#8670);
#7868=PLANE('',#8676);
#7869=PLANE('',#8679);
#7870=PLANE('',#8682);
#7871=PLANE('',#8683);
#7872=PLANE('',#8684);
#7873=PLANE('',#8685);
#7874=PLANE('',#8686);
#7875=PLANE('',#8687);
#7876=PLANE('',#8688);
#7877=PLANE('',#8689);
#7878=PLANE('',#8690);
#7879=PLANE('',#8691);
#7880=PLANE('',#8695);
#7881=PLANE('',#8696);
#7882=PLANE('',#8697);
#7883=PLANE('',#8698);
#7884=PLANE('',#8699);
#7885=PLANE('',#8700);
#7886=PLANE('',#8701);
#7887=PLANE('',#8702);
#7888=PLANE('',#8703);
#7889=PLANE('',#8704);
#7890=PLANE('',#8705);
#7891=PLANE('',#8710);
#7892=PLANE('',#8711);
#7893=PLANE('',#8712);
#7894=PLANE('',#8713);
#7895=PLANE('',#8714);
#7896=PLANE('',#8715);
#7897=PLANE('',#8716);
#7898=PLANE('',#8717);
#7899=PLANE('',#8718);
#7900=PLANE('',#8719);
#7901=PLANE('',#8720);
#7902=PLANE('',#8721);
#7903=PLANE('',#8722);
#7904=PLANE('',#8723);
#7905=PLANE('',#8724);
#7906=PLANE('',#8729);
#7907=PLANE('',#8732);
#7908=PLANE('',#8733);
#7909=PLANE('',#8734);
#7910=PLANE('',#8735);
#7911=PLANE('',#8736);
#7912=PLANE('',#8737);
#7913=PLANE('',#8738);
#7914=PLANE('',#8746);
#7915=PLANE('',#8748);
#7916=PLANE('',#8754);
#7917=PLANE('',#8755);
#7918=PLANE('',#8761);
#7919=PLANE('',#8762);
#7920=PLANE('',#8769);
#7921=PLANE('',#8772);
#7922=PLANE('',#8775);
#7923=PLANE('',#8778);
#7924=PLANE('',#8779);
#7925=PLANE('',#8783);
#7926=PLANE('',#8800);
#7927=PLANE('',#8803);
#7928=PLANE('',#8806);
#7929=PLANE('',#8809);
#7930=PLANE('',#8818);
#7931=PLANE('',#8820);
#7932=PLANE('',#8822);
#7933=PLANE('',#8824);
#7934=PLANE('',#8826);
#7935=PLANE('',#8828);
#7936=PLANE('',#8830);
#7937=PLANE('',#8833);
#7938=PLANE('',#8834);
#7939=PLANE('',#8835);
#7940=PLANE('',#8839);
#7941=PLANE('',#8856);
#7942=PLANE('',#8859);
#7943=PLANE('',#8862);
#7944=PLANE('',#8865);
#7945=PLANE('',#8874);
#7946=PLANE('',#8876);
#7947=PLANE('',#8878);
#7948=PLANE('',#8880);
#7949=PLANE('',#8882);
#7950=PLANE('',#8884);
#7951=PLANE('',#8886);
#7952=PLANE('',#8889);
#7953=PLANE('',#8890);
#7954=PLANE('',#8891);
#7955=PLANE('',#8895);
#7956=PLANE('',#8912);
#7957=PLANE('',#8915);
#7958=PLANE('',#8918);
#7959=PLANE('',#8921);
#7960=PLANE('',#8930);
#7961=PLANE('',#8932);
#7962=PLANE('',#8934);
#7963=PLANE('',#8936);
#7964=PLANE('',#8938);
#7965=PLANE('',#8940);
#7966=PLANE('',#8942);
#7967=PLANE('',#8945);
#7968=PLANE('',#8946);
#7969=PLANE('',#8947);
#7970=PLANE('',#8951);
#7971=PLANE('',#8968);
#7972=PLANE('',#8971);
#7973=PLANE('',#8974);
#7974=PLANE('',#8977);
#7975=PLANE('',#8986);
#7976=PLANE('',#8988);
#7977=PLANE('',#8990);
#7978=PLANE('',#8992);
#7979=PLANE('',#8994);
#7980=PLANE('',#8996);
#7981=PLANE('',#8998);
#7982=PLANE('',#9001);
#7983=PLANE('',#9002);
#7984=PLANE('',#9003);
#7985=PLANE('',#9007);
#7986=PLANE('',#9024);
#7987=PLANE('',#9027);
#7988=PLANE('',#9030);
#7989=PLANE('',#9033);
#7990=PLANE('',#9042);
#7991=PLANE('',#9044);
#7992=PLANE('',#9046);
#7993=PLANE('',#9048);
#7994=PLANE('',#9050);
#7995=PLANE('',#9052);
#7996=PLANE('',#9054);
#7997=PLANE('',#9057);
#7998=PLANE('',#9058);
#7999=PLANE('',#9059);
#8000=PLANE('',#9063);
#8001=PLANE('',#9080);
#8002=PLANE('',#9083);
#8003=PLANE('',#9086);
#8004=PLANE('',#9089);
#8005=PLANE('',#9098);
#8006=PLANE('',#9100);
#8007=PLANE('',#9102);
#8008=PLANE('',#9104);
#8009=PLANE('',#9106);
#8010=PLANE('',#9108);
#8011=PLANE('',#9110);
#8012=PLANE('',#9113);
#8013=PLANE('',#9114);
#8014=PLANE('',#9115);
#8015=PLANE('',#9119);
#8016=PLANE('',#9136);
#8017=PLANE('',#9139);
#8018=PLANE('',#9142);
#8019=PLANE('',#9145);
#8020=PLANE('',#9154);
#8021=PLANE('',#9156);
#8022=PLANE('',#9158);
#8023=PLANE('',#9160);
#8024=PLANE('',#9162);
#8025=PLANE('',#9164);
#8026=PLANE('',#9166);
#8027=PLANE('',#9169);
#8028=PLANE('',#9170);
#8029=PLANE('',#9171);
#8030=PLANE('',#9175);
#8031=PLANE('',#9192);
#8032=PLANE('',#9195);
#8033=PLANE('',#9198);
#8034=PLANE('',#9201);
#8035=PLANE('',#9210);
#8036=PLANE('',#9212);
#8037=PLANE('',#9214);
#8038=PLANE('',#9216);
#8039=PLANE('',#9218);
#8040=PLANE('',#9220);
#8041=PLANE('',#9222);
#8042=PLANE('',#9225);
#8043=PLANE('',#9226);
#8044=PLANE('',#9227);
#8045=PLANE('',#9228);
#8046=PLANE('',#9233);
#8047=PLANE('',#9236);
#8048=PLANE('',#9239);
#8049=PLANE('',#9242);
#8050=PLANE('',#9246);
#8051=PLANE('',#9247);
#8052=PLANE('',#9253);
#8053=PLANE('',#9254);
#8054=PLANE('',#9258);
#8055=PLANE('',#9261);
#8056=PLANE('',#9277);
#8057=PLANE('',#9278);
#8058=PLANE('',#9283);
#8059=PLANE('',#9284);
#8060=PLANE('',#9287);
#8061=PLANE('',#9291);
#8062=PLANE('',#9292);
#8063=PLANE('',#9301);
#8064=PLANE('',#9302);
#8065=PLANE('',#9303);
#8066=PLANE('',#9306);
#8067=PLANE('',#9311);
#8068=PLANE('',#9312);
#8069=PLANE('',#9318);
#8070=PLANE('',#9319);
#8071=PLANE('',#9320);
#8072=PLANE('',#9327);
#8073=PLANE('',#9331);
#8074=PLANE('',#9332);
#8075=PLANE('',#9338);
#8076=PLANE('',#9339);
#8077=PLANE('',#9343);
#8078=PLANE('',#9349);
#8079=PLANE('',#9350);
#8080=PLANE('',#9353);
#8081=PLANE('',#9354);
#8082=PLANE('',#9357);
#8083=PLANE('',#9364);
#8084=PLANE('',#9368);
#8085=PLANE('',#9369);
#8086=PLANE('',#9377);
#8087=PLANE('',#9378);
#8088=PLANE('',#9379);
#8089=PLANE('',#9387);
#8090=PLANE('',#9388);
#8091=PLANE('',#9389);
#8092=PLANE('',#9390);
#8093=PLANE('',#9391);
#8094=PLANE('',#9394);
#8095=PLANE('',#9399);
#8096=PLANE('',#9401);
#8097=PLANE('',#9402);
#8098=PLANE('',#9407);
#8099=PLANE('',#9409);
#8100=PLANE('',#9410);
#8101=PLANE('',#9413);
#8102=PLANE('',#9419);
#8103=PLANE('',#9422);
#8104=PLANE('',#9425);
#8105=PLANE('',#9428);
#8106=PLANE('',#9431);
#8107=PLANE('',#9434);
#8108=PLANE('',#9437);
#8109=PLANE('',#9440);
#8110=PLANE('',#9441);
#8111=PLANE('',#9442);
#8112=PLANE('',#9443);
#8113=PLANE('',#9444);
#8114=PLANE('',#9445);
#8115=PLANE('',#9446);
#8116=PLANE('',#9448);
#8117=PLANE('',#9452);
#8118=PLANE('',#9457);
#8119=PLANE('',#9460);
#8120=PLANE('',#9462);
#8121=PLANE('',#9471);
#8122=PLANE('',#9474);
#8123=PLANE('',#9477);
#8124=PLANE('',#9480);
#8125=PLANE('',#9483);
#8126=PLANE('',#9484);
#8127=PLANE('',#9485);
#8128=PLANE('',#9486);
#8129=PLANE('',#9487);
#8130=PLANE('',#9488);
#8131=PLANE('',#9489);
#8132=PLANE('',#9490);
#8133=PLANE('',#9491);
#8134=PLANE('',#9492);
#8135=PLANE('',#9493);
#8136=PLANE('',#9494);
#8137=PLANE('',#9498);
#8138=PLANE('',#9502);
#8139=PLANE('',#9506);
#8140=PLANE('',#9512);
#8141=PLANE('',#9515);
#8142=PLANE('',#9516);
#8143=PLANE('',#9519);
#8144=PLANE('',#9522);
#8145=PLANE('',#9523);
#8146=ADVANCED_FACE('',(#699),#7860,.F.);
#8147=ADVANCED_FACE('',(#700),#7861,.F.);
#8148=ADVANCED_FACE('',(#701),#7862,.F.);
#8149=ADVANCED_FACE('',(#702),#7863,.F.);
#8150=ADVANCED_FACE('',(#703),#473,.F.);
#8151=ADVANCED_FACE('',(#704),#474,.F.);
#8152=ADVANCED_FACE('',(#705),#475,.F.);
#8153=ADVANCED_FACE('',(#706),#7864,.F.);
#8154=ADVANCED_FACE('',(#707),#7865,.T.);
#8155=ADVANCED_FACE('',(#708),#476,.T.);
#8156=ADVANCED_FACE('',(#709),#7866,.T.);
#8157=ADVANCED_FACE('',(#710),#7867,.T.);
#8158=ADVANCED_FACE('',(#711),#477,.T.);
#8159=ADVANCED_FACE('',(#712),#7868,.T.);
#8160=ADVANCED_FACE('',(#713),#478,.T.);
#8161=ADVANCED_FACE('',(#714),#7869,.T.);
#8162=ADVANCED_FACE('',(#715),#479,.T.);
#8163=ADVANCED_FACE('',(#716),#7870,.T.);
#8164=ADVANCED_FACE('',(#717),#7871,.T.);
#8165=ADVANCED_FACE('',(#718,#44,#45),#7872,.F.);
#8166=ADVANCED_FACE('',(#719),#7873,.F.);
#8167=ADVANCED_FACE('',(#720),#7874,.F.);
#8168=ADVANCED_FACE('',(#721),#7875,.T.);
#8169=ADVANCED_FACE('',(#722),#7876,.T.);
#8170=ADVANCED_FACE('',(#723),#7877,.T.);
#8171=ADVANCED_FACE('',(#724,#46),#7878,.T.);
#8172=ADVANCED_FACE('',(#725),#7879,.F.);
#8173=ADVANCED_FACE('',(#726),#480,.T.);
#8174=ADVANCED_FACE('',(#727),#7880,.T.);
#8175=ADVANCED_FACE('',(#728),#7881,.T.);
#8176=ADVANCED_FACE('',(#729,#47),#7882,.T.);
#8177=ADVANCED_FACE('',(#730),#7883,.T.);
#8178=ADVANCED_FACE('',(#731),#7884,.F.);
#8179=ADVANCED_FACE('',(#732),#7885,.T.);
#8180=ADVANCED_FACE('',(#733,#48),#7886,.T.);
#8181=ADVANCED_FACE('',(#734),#7887,.T.);
#8182=ADVANCED_FACE('',(#735),#7888,.T.);
#8183=ADVANCED_FACE('',(#736),#7889,.F.);
#8184=ADVANCED_FACE('',(#737),#7890,.T.);
#8185=ADVANCED_FACE('',(#738),#7891,.T.);
#8186=ADVANCED_FACE('',(#739),#7892,.T.);
#8187=ADVANCED_FACE('',(#740),#7893,.T.);
#8188=ADVANCED_FACE('',(#741),#7894,.T.);
#8189=ADVANCED_FACE('',(#742),#7895,.T.);
#8190=ADVANCED_FACE('',(#743),#7896,.F.);
#8191=ADVANCED_FACE('',(#744),#7897,.F.);
#8192=ADVANCED_FACE('',(#745),#7898,.F.);
#8193=ADVANCED_FACE('',(#746),#7899,.F.);
#8194=ADVANCED_FACE('',(#747),#7900,.F.);
#8195=ADVANCED_FACE('',(#748),#7901,.F.);
#8196=ADVANCED_FACE('',(#749),#7902,.T.);
#8197=ADVANCED_FACE('',(#750),#7903,.T.);
#8198=ADVANCED_FACE('',(#751),#7904,.T.);
#8199=ADVANCED_FACE('',(#752),#7905,.T.);
#8200=ADVANCED_FACE('',(#753),#7906,.T.);
#8201=ADVANCED_FACE('',(#754),#481,.T.);
#8202=ADVANCED_FACE('',(#755),#7907,.T.);
#8203=ADVANCED_FACE('',(#756),#7908,.F.);
#8204=ADVANCED_FACE('',(#757),#7909,.F.);
#8205=ADVANCED_FACE('',(#758),#7910,.F.);
#8206=ADVANCED_FACE('',(#759),#7911,.F.);
#8207=ADVANCED_FACE('',(#760),#7912,.F.);
#8208=ADVANCED_FACE('',(#761,#49),#7913,.T.);
#8209=ADVANCED_FACE('',(#762),#482,.T.);
#8210=ADVANCED_FACE('',(#763),#43,.T.);
#8211=ADVANCED_FACE('',(#764,#50),#7914,.T.);
#8212=ADVANCED_FACE('',(#765,#51),#7915,.T.);
#8213=ADVANCED_FACE('',(#766),#483,.F.);
#8214=ADVANCED_FACE('',(#767),#484,.T.);
#8215=ADVANCED_FACE('',(#768),#485,.T.);
#8216=ADVANCED_FACE('',(#769),#7916,.T.);
#8217=ADVANCED_FACE('',(#770,#52,#53),#7917,.T.);
#8218=ADVANCED_FACE('',(#771),#486,.T.);
#8219=ADVANCED_FACE('',(#772),#487,.T.);
#8220=ADVANCED_FACE('',(#773),#488,.T.);
#8221=ADVANCED_FACE('',(#774),#7918,.T.);
#8222=ADVANCED_FACE('',(#775),#7919,.F.);
#8223=ADVANCED_FACE('',(#776),#489,.T.);
#8224=ADVANCED_FACE('',(#777),#7920,.T.);
#8225=ADVANCED_FACE('',(#778),#490,.T.);
#8226=ADVANCED_FACE('',(#779),#7921,.T.);
#8227=ADVANCED_FACE('',(#780),#491,.T.);
#8228=ADVANCED_FACE('',(#781),#7922,.T.);
#8229=ADVANCED_FACE('',(#782),#492,.T.);
#8230=ADVANCED_FACE('',(#783),#7923,.T.);
#8231=ADVANCED_FACE('',(#784),#7924,.T.);
#8232=ADVANCED_FACE('',(#785),#14,.T.);
#8233=ADVANCED_FACE('',(#786,#54),#7925,.T.);
#8234=ADVANCED_FACE('',(#787),#493,.T.);
#8235=ADVANCED_FACE('',(#788),#494,.F.);
#8236=ADVANCED_FACE('',(#789),#7926,.F.);
#8237=ADVANCED_FACE('',(#790),#495,.T.);
#8238=ADVANCED_FACE('',(#791),#7927,.F.);
#8239=ADVANCED_FACE('',(#792),#496,.T.);
#8240=ADVANCED_FACE('',(#793),#7928,.F.);
#8241=ADVANCED_FACE('',(#794),#497,.F.);
#8242=ADVANCED_FACE('',(#795),#7929,.F.);
#8243=ADVANCED_FACE('',(#796),#7930,.F.);
#8244=ADVANCED_FACE('',(#797),#498,.F.);
#8245=ADVANCED_FACE('',(#798),#7931,.F.);
#8246=ADVANCED_FACE('',(#799),#499,.T.);
#8247=ADVANCED_FACE('',(#800),#7932,.F.);
#8248=ADVANCED_FACE('',(#801),#500,.T.);
#8249=ADVANCED_FACE('',(#802),#7933,.F.);
#8250=ADVANCED_FACE('',(#803),#501,.F.);
#8251=ADVANCED_FACE('',(#804),#7934,.F.);
#8252=ADVANCED_FACE('',(#805),#502,.T.);
#8253=ADVANCED_FACE('',(#806),#7935,.F.);
#8254=ADVANCED_FACE('',(#807),#503,.T.);
#8255=ADVANCED_FACE('',(#808),#7936,.F.);
#8256=ADVANCED_FACE('',(#809),#504,.F.);
#8257=ADVANCED_FACE('',(#810),#505,.F.);
#8258=ADVANCED_FACE('',(#811),#7937,.F.);
#8259=ADVANCED_FACE('',(#812),#7938,.F.);
#8260=ADVANCED_FACE('',(#813),#7939,.F.);
#8261=ADVANCED_FACE('',(#814),#15,.T.);
#8262=ADVANCED_FACE('',(#815,#55),#7940,.T.);
#8263=ADVANCED_FACE('',(#816),#506,.T.);
#8264=ADVANCED_FACE('',(#817),#507,.F.);
#8265=ADVANCED_FACE('',(#818),#7941,.F.);
#8266=ADVANCED_FACE('',(#819),#508,.T.);
#8267=ADVANCED_FACE('',(#820),#7942,.F.);
#8268=ADVANCED_FACE('',(#821),#509,.T.);
#8269=ADVANCED_FACE('',(#822),#7943,.F.);
#8270=ADVANCED_FACE('',(#823),#510,.F.);
#8271=ADVANCED_FACE('',(#824),#7944,.F.);
#8272=ADVANCED_FACE('',(#825),#7945,.F.);
#8273=ADVANCED_FACE('',(#826),#511,.F.);
#8274=ADVANCED_FACE('',(#827),#7946,.F.);
#8275=ADVANCED_FACE('',(#828),#512,.T.);
#8276=ADVANCED_FACE('',(#829),#7947,.F.);
#8277=ADVANCED_FACE('',(#830),#513,.T.);
#8278=ADVANCED_FACE('',(#831),#7948,.F.);
#8279=ADVANCED_FACE('',(#832),#514,.F.);
#8280=ADVANCED_FACE('',(#833),#7949,.F.);
#8281=ADVANCED_FACE('',(#834),#515,.T.);
#8282=ADVANCED_FACE('',(#835),#7950,.F.);
#8283=ADVANCED_FACE('',(#836),#516,.T.);
#8284=ADVANCED_FACE('',(#837),#7951,.F.);
#8285=ADVANCED_FACE('',(#838),#517,.F.);
#8286=ADVANCED_FACE('',(#839),#518,.F.);
#8287=ADVANCED_FACE('',(#840),#7952,.F.);
#8288=ADVANCED_FACE('',(#841),#7953,.F.);
#8289=ADVANCED_FACE('',(#842),#7954,.F.);
#8290=ADVANCED_FACE('',(#843),#16,.T.);
#8291=ADVANCED_FACE('',(#844,#56),#7955,.T.);
#8292=ADVANCED_FACE('',(#845),#519,.T.);
#8293=ADVANCED_FACE('',(#846),#520,.F.);
#8294=ADVANCED_FACE('',(#847),#7956,.F.);
#8295=ADVANCED_FACE('',(#848),#521,.T.);
#8296=ADVANCED_FACE('',(#849),#7957,.F.);
#8297=ADVANCED_FACE('',(#850),#522,.T.);
#8298=ADVANCED_FACE('',(#851),#7958,.F.);
#8299=ADVANCED_FACE('',(#852),#523,.F.);
#8300=ADVANCED_FACE('',(#853),#7959,.F.);
#8301=ADVANCED_FACE('',(#854),#7960,.F.);
#8302=ADVANCED_FACE('',(#855),#524,.F.);
#8303=ADVANCED_FACE('',(#856),#7961,.F.);
#8304=ADVANCED_FACE('',(#857),#525,.T.);
#8305=ADVANCED_FACE('',(#858),#7962,.F.);
#8306=ADVANCED_FACE('',(#859),#526,.T.);
#8307=ADVANCED_FACE('',(#860),#7963,.F.);
#8308=ADVANCED_FACE('',(#861),#527,.F.);
#8309=ADVANCED_FACE('',(#862),#7964,.F.);
#8310=ADVANCED_FACE('',(#863),#528,.T.);
#8311=ADVANCED_FACE('',(#864),#7965,.F.);
#8312=ADVANCED_FACE('',(#865),#529,.T.);
#8313=ADVANCED_FACE('',(#866),#7966,.F.);
#8314=ADVANCED_FACE('',(#867),#530,.F.);
#8315=ADVANCED_FACE('',(#868),#531,.F.);
#8316=ADVANCED_FACE('',(#869),#7967,.F.);
#8317=ADVANCED_FACE('',(#870),#7968,.F.);
#8318=ADVANCED_FACE('',(#871),#7969,.F.);
#8319=ADVANCED_FACE('',(#872),#17,.T.);
#8320=ADVANCED_FACE('',(#873,#57),#7970,.T.);
#8321=ADVANCED_FACE('',(#874),#532,.T.);
#8322=ADVANCED_FACE('',(#875),#533,.F.);
#8323=ADVANCED_FACE('',(#876),#7971,.F.);
#8324=ADVANCED_FACE('',(#877),#534,.T.);
#8325=ADVANCED_FACE('',(#878),#7972,.F.);
#8326=ADVANCED_FACE('',(#879),#535,.T.);
#8327=ADVANCED_FACE('',(#880),#7973,.F.);
#8328=ADVANCED_FACE('',(#881),#536,.F.);
#8329=ADVANCED_FACE('',(#882),#7974,.F.);
#8330=ADVANCED_FACE('',(#883),#7975,.F.);
#8331=ADVANCED_FACE('',(#884),#537,.F.);
#8332=ADVANCED_FACE('',(#885),#7976,.F.);
#8333=ADVANCED_FACE('',(#886),#538,.T.);
#8334=ADVANCED_FACE('',(#887),#7977,.F.);
#8335=ADVANCED_FACE('',(#888),#539,.T.);
#8336=ADVANCED_FACE('',(#889),#7978,.F.);
#8337=ADVANCED_FACE('',(#890),#540,.F.);
#8338=ADVANCED_FACE('',(#891),#7979,.F.);
#8339=ADVANCED_FACE('',(#892),#541,.T.);
#8340=ADVANCED_FACE('',(#893),#7980,.F.);
#8341=ADVANCED_FACE('',(#894),#542,.T.);
#8342=ADVANCED_FACE('',(#895),#7981,.F.);
#8343=ADVANCED_FACE('',(#896),#543,.F.);
#8344=ADVANCED_FACE('',(#897),#544,.F.);
#8345=ADVANCED_FACE('',(#898),#7982,.F.);
#8346=ADVANCED_FACE('',(#899),#7983,.F.);
#8347=ADVANCED_FACE('',(#900),#7984,.F.);
#8348=ADVANCED_FACE('',(#901),#18,.T.);
#8349=ADVANCED_FACE('',(#902,#58),#7985,.T.);
#8350=ADVANCED_FACE('',(#903),#545,.T.);
#8351=ADVANCED_FACE('',(#904),#546,.F.);
#8352=ADVANCED_FACE('',(#905),#7986,.F.);
#8353=ADVANCED_FACE('',(#906),#547,.T.);
#8354=ADVANCED_FACE('',(#907),#7987,.F.);
#8355=ADVANCED_FACE('',(#908),#548,.T.);
#8356=ADVANCED_FACE('',(#909),#7988,.F.);
#8357=ADVANCED_FACE('',(#910),#549,.F.);
#8358=ADVANCED_FACE('',(#911),#7989,.F.);
#8359=ADVANCED_FACE('',(#912),#7990,.F.);
#8360=ADVANCED_FACE('',(#913),#550,.F.);
#8361=ADVANCED_FACE('',(#914),#7991,.F.);
#8362=ADVANCED_FACE('',(#915),#551,.T.);
#8363=ADVANCED_FACE('',(#916),#7992,.F.);
#8364=ADVANCED_FACE('',(#917),#552,.T.);
#8365=ADVANCED_FACE('',(#918),#7993,.F.);
#8366=ADVANCED_FACE('',(#919),#553,.F.);
#8367=ADVANCED_FACE('',(#920),#7994,.F.);
#8368=ADVANCED_FACE('',(#921),#554,.T.);
#8369=ADVANCED_FACE('',(#922),#7995,.F.);
#8370=ADVANCED_FACE('',(#923),#555,.T.);
#8371=ADVANCED_FACE('',(#924),#7996,.F.);
#8372=ADVANCED_FACE('',(#925),#556,.F.);
#8373=ADVANCED_FACE('',(#926),#557,.F.);
#8374=ADVANCED_FACE('',(#927),#7997,.F.);
#8375=ADVANCED_FACE('',(#928),#7998,.F.);
#8376=ADVANCED_FACE('',(#929),#7999,.F.);
#8377=ADVANCED_FACE('',(#930),#19,.T.);
#8378=ADVANCED_FACE('',(#931,#59),#8000,.T.);
#8379=ADVANCED_FACE('',(#932),#558,.T.);
#8380=ADVANCED_FACE('',(#933),#559,.F.);
#8381=ADVANCED_FACE('',(#934),#8001,.F.);
#8382=ADVANCED_FACE('',(#935),#560,.T.);
#8383=ADVANCED_FACE('',(#936),#8002,.F.);
#8384=ADVANCED_FACE('',(#937),#561,.T.);
#8385=ADVANCED_FACE('',(#938),#8003,.F.);
#8386=ADVANCED_FACE('',(#939),#562,.F.);
#8387=ADVANCED_FACE('',(#940),#8004,.F.);
#8388=ADVANCED_FACE('',(#941),#8005,.F.);
#8389=ADVANCED_FACE('',(#942),#563,.F.);
#8390=ADVANCED_FACE('',(#943),#8006,.F.);
#8391=ADVANCED_FACE('',(#944),#564,.T.);
#8392=ADVANCED_FACE('',(#945),#8007,.F.);
#8393=ADVANCED_FACE('',(#946),#565,.T.);
#8394=ADVANCED_FACE('',(#947),#8008,.F.);
#8395=ADVANCED_FACE('',(#948),#566,.F.);
#8396=ADVANCED_FACE('',(#949),#8009,.F.);
#8397=ADVANCED_FACE('',(#950),#567,.T.);
#8398=ADVANCED_FACE('',(#951),#8010,.F.);
#8399=ADVANCED_FACE('',(#952),#568,.T.);
#8400=ADVANCED_FACE('',(#953),#8011,.F.);
#8401=ADVANCED_FACE('',(#954),#569,.F.);
#8402=ADVANCED_FACE('',(#955),#570,.F.);
#8403=ADVANCED_FACE('',(#956),#8012,.F.);
#8404=ADVANCED_FACE('',(#957),#8013,.F.);
#8405=ADVANCED_FACE('',(#958),#8014,.F.);
#8406=ADVANCED_FACE('',(#959),#20,.T.);
#8407=ADVANCED_FACE('',(#960,#60),#8015,.T.);
#8408=ADVANCED_FACE('',(#961),#571,.T.);
#8409=ADVANCED_FACE('',(#962),#572,.F.);
#8410=ADVANCED_FACE('',(#963),#8016,.F.);
#8411=ADVANCED_FACE('',(#964),#573,.T.);
#8412=ADVANCED_FACE('',(#965),#8017,.F.);
#8413=ADVANCED_FACE('',(#966),#574,.T.);
#8414=ADVANCED_FACE('',(#967),#8018,.F.);
#8415=ADVANCED_FACE('',(#968),#575,.F.);
#8416=ADVANCED_FACE('',(#969),#8019,.F.);
#8417=ADVANCED_FACE('',(#970),#8020,.F.);
#8418=ADVANCED_FACE('',(#971),#576,.F.);
#8419=ADVANCED_FACE('',(#972),#8021,.F.);
#8420=ADVANCED_FACE('',(#973),#577,.T.);
#8421=ADVANCED_FACE('',(#974),#8022,.F.);
#8422=ADVANCED_FACE('',(#975),#578,.T.);
#8423=ADVANCED_FACE('',(#976),#8023,.F.);
#8424=ADVANCED_FACE('',(#977),#579,.F.);
#8425=ADVANCED_FACE('',(#978),#8024,.F.);
#8426=ADVANCED_FACE('',(#979),#580,.T.);
#8427=ADVANCED_FACE('',(#980),#8025,.F.);
#8428=ADVANCED_FACE('',(#981),#581,.T.);
#8429=ADVANCED_FACE('',(#982),#8026,.F.);
#8430=ADVANCED_FACE('',(#983),#582,.F.);
#8431=ADVANCED_FACE('',(#984),#583,.F.);
#8432=ADVANCED_FACE('',(#985),#8027,.F.);
#8433=ADVANCED_FACE('',(#986),#8028,.F.);
#8434=ADVANCED_FACE('',(#987),#8029,.F.);
#8435=ADVANCED_FACE('',(#988),#21,.T.);
#8436=ADVANCED_FACE('',(#989,#61),#8030,.T.);
#8437=ADVANCED_FACE('',(#990),#584,.T.);
#8438=ADVANCED_FACE('',(#991),#585,.F.);
#8439=ADVANCED_FACE('',(#992),#8031,.F.);
#8440=ADVANCED_FACE('',(#993),#586,.T.);
#8441=ADVANCED_FACE('',(#994),#8032,.F.);
#8442=ADVANCED_FACE('',(#995),#587,.T.);
#8443=ADVANCED_FACE('',(#996),#8033,.F.);
#8444=ADVANCED_FACE('',(#997),#588,.F.);
#8445=ADVANCED_FACE('',(#998),#8034,.F.);
#8446=ADVANCED_FACE('',(#999),#8035,.F.);
#8447=ADVANCED_FACE('',(#1000),#589,.F.);
#8448=ADVANCED_FACE('',(#1001),#8036,.F.);
#8449=ADVANCED_FACE('',(#1002),#590,.T.);
#8450=ADVANCED_FACE('',(#1003),#8037,.F.);
#8451=ADVANCED_FACE('',(#1004),#591,.T.);
#8452=ADVANCED_FACE('',(#1005),#8038,.F.);
#8453=ADVANCED_FACE('',(#1006),#592,.F.);
#8454=ADVANCED_FACE('',(#1007),#8039,.F.);
#8455=ADVANCED_FACE('',(#1008),#593,.T.);
#8456=ADVANCED_FACE('',(#1009),#8040,.F.);
#8457=ADVANCED_FACE('',(#1010),#594,.T.);
#8458=ADVANCED_FACE('',(#1011),#8041,.F.);
#8459=ADVANCED_FACE('',(#1012),#595,.F.);
#8460=ADVANCED_FACE('',(#1013),#596,.F.);
#8461=ADVANCED_FACE('',(#1014),#8042,.F.);
#8462=ADVANCED_FACE('',(#1015),#8043,.F.);
#8463=ADVANCED_FACE('',(#1016),#8044,.F.);
#8464=ADVANCED_FACE('',(#1017),#8045,.F.);
#8465=ADVANCED_FACE('',(#1018),#8046,.T.);
#8466=ADVANCED_FACE('',(#1019),#597,.T.);
#8467=ADVANCED_FACE('',(#1020),#8047,.T.);
#8468=ADVANCED_FACE('',(#1021),#598,.T.);
#8469=ADVANCED_FACE('',(#1022),#8048,.T.);
#8470=ADVANCED_FACE('',(#1023),#599,.T.);
#8471=ADVANCED_FACE('',(#1024),#8049,.T.);
#8472=ADVANCED_FACE('',(#1025),#600,.F.);
#8473=ADVANCED_FACE('',(#1026),#8050,.F.);
#8474=ADVANCED_FACE('',(#1027,#62),#8051,.F.);
#8475=ADVANCED_FACE('',(#1028),#601,.F.);
#8476=ADVANCED_FACE('',(#1029),#8052,.T.);
#8477=ADVANCED_FACE('',(#1030),#8053,.T.);
#8478=ADVANCED_FACE('',(#1031),#602,.F.);
#8479=ADVANCED_FACE('',(#1032),#8054,.T.);
#8480=ADVANCED_FACE('',(#1033,#63,#64,#65,#66,#67,#68,#69,#70),#8055,.T.);
#8481=ADVANCED_FACE('',(#1034),#603,.F.);
#8482=ADVANCED_FACE('',(#1035),#8056,.F.);
#8483=ADVANCED_FACE('',(#1036,#71),#8057,.F.);
#8484=ADVANCED_FACE('',(#1037),#604,.F.);
#8485=ADVANCED_FACE('',(#1038),#8058,.T.);
#8486=ADVANCED_FACE('',(#1039),#8059,.T.);
#8487=ADVANCED_FACE('',(#1040),#605,.F.);
#8488=ADVANCED_FACE('',(#1041),#8060,.T.);
#8489=ADVANCED_FACE('',(#1042),#606,.F.);
#8490=ADVANCED_FACE('',(#1043),#8061,.T.);
#8491=ADVANCED_FACE('',(#1044,#72),#8062,.T.);
#8492=ADVANCED_FACE('',(#1045),#607,.F.);
#8493=ADVANCED_FACE('',(#1046),#608,.F.);
#8494=ADVANCED_FACE('',(#1047),#8063,.F.);
#8495=ADVANCED_FACE('',(#1048),#8064,.F.);
#8496=ADVANCED_FACE('',(#1049),#8065,.T.);
#8497=ADVANCED_FACE('',(#1050),#8066,.T.);
#8498=ADVANCED_FACE('',(#1051),#609,.F.);
#8499=ADVANCED_FACE('',(#1052),#8067,.T.);
#8500=ADVANCED_FACE('',(#1053,#73),#8068,.T.);
#8501=ADVANCED_FACE('',(#1054),#610,.F.);
#8502=ADVANCED_FACE('',(#1055),#611,.F.);
#8503=ADVANCED_FACE('',(#1056),#8069,.F.);
#8504=ADVANCED_FACE('',(#1057),#8070,.F.);
#8505=ADVANCED_FACE('',(#1058),#8071,.T.);
#8506=ADVANCED_FACE('',(#1059),#612,.F.);
#8507=ADVANCED_FACE('',(#1060),#8072,.F.);
#8508=ADVANCED_FACE('',(#1061),#613,.F.);
#8509=ADVANCED_FACE('',(#1062),#8073,.F.);
#8510=ADVANCED_FACE('',(#1063,#74),#8074,.F.);
#8511=ADVANCED_FACE('',(#1064),#614,.F.);
#8512=ADVANCED_FACE('',(#1065),#8075,.T.);
#8513=ADVANCED_FACE('',(#1066),#8076,.T.);
#8514=ADVANCED_FACE('',(#1067),#615,.F.);
#8515=ADVANCED_FACE('',(#1068,#75),#8077,.F.);
#8516=ADVANCED_FACE('',(#1069),#616,.F.);
#8517=ADVANCED_FACE('',(#1070),#8078,.T.);
#8518=ADVANCED_FACE('',(#1071),#8079,.T.);
#8519=ADVANCED_FACE('',(#1072),#617,.F.);
#8520=ADVANCED_FACE('',(#1073),#8080,.T.);
#8521=ADVANCED_FACE('',(#1074),#8081,.T.);
#8522=ADVANCED_FACE('',(#1075),#8082,.T.);
#8523=ADVANCED_FACE('',(#1076),#618,.F.);
#8524=ADVANCED_FACE('',(#1077),#8083,.T.);
#8525=ADVANCED_FACE('',(#1078),#619,.F.);
#8526=ADVANCED_FACE('',(#1079),#8084,.T.);
#8527=ADVANCED_FACE('',(#1080,#76),#8085,.T.);
#8528=ADVANCED_FACE('',(#1081),#620,.F.);
#8529=ADVANCED_FACE('',(#1082),#621,.F.);
#8530=ADVANCED_FACE('',(#1083),#8086,.F.);
#8531=ADVANCED_FACE('',(#1084),#8087,.F.);
#8532=ADVANCED_FACE('',(#1085,#77),#8088,.T.);
#8533=ADVANCED_FACE('',(#1086),#622,.F.);
#8534=ADVANCED_FACE('',(#1087),#623,.F.);
#8535=ADVANCED_FACE('',(#1088),#8089,.F.);
#8536=ADVANCED_FACE('',(#1089),#8090,.F.);
#8537=ADVANCED_FACE('',(#1090),#8091,.T.);
#8538=ADVANCED_FACE('',(#1091),#8092,.T.);
#8539=ADVANCED_FACE('',(#1092),#8093,.T.);
#8540=ADVANCED_FACE('',(#1093),#624,.F.);
#8541=ADVANCED_FACE('',(#1094,#78),#8094,.T.);
#8542=ADVANCED_FACE('',(#1095),#8095,.T.);
#8543=ADVANCED_FACE('',(#1096),#625,.F.);
#8544=ADVANCED_FACE('',(#1097),#8096,.F.);
#8545=ADVANCED_FACE('',(#1098),#8097,.T.);
#8546=ADVANCED_FACE('',(#1099),#8098,.F.);
#8547=ADVANCED_FACE('',(#1100),#626,.T.);
#8548=ADVANCED_FACE('',(#1101),#8099,.F.);
#8549=ADVANCED_FACE('',(#1102),#8100,.F.);
#8550=ADVANCED_FACE('',(#1103),#627,.F.);
#8551=ADVANCED_FACE('',(#1104),#8101,.T.);
#8552=ADVANCED_FACE('',(#1105),#22,.T.);
#8553=ADVANCED_FACE('',(#1106),#628,.F.);
#8554=ADVANCED_FACE('',(#1107),#8102,.T.);
#8555=ADVANCED_FACE('',(#1108),#629,.F.);
#8556=ADVANCED_FACE('',(#1109),#8103,.T.);
#8557=ADVANCED_FACE('',(#1110),#630,.F.);
#8558=ADVANCED_FACE('',(#1111),#8104,.T.);
#8559=ADVANCED_FACE('',(#1112),#631,.F.);
#8560=ADVANCED_FACE('',(#1113),#8105,.T.);
#8561=ADVANCED_FACE('',(#1114),#632,.F.);
#8562=ADVANCED_FACE('',(#1115),#8106,.T.);
#8563=ADVANCED_FACE('',(#1116),#633,.F.);
#8564=ADVANCED_FACE('',(#1117),#8107,.T.);
#8565=ADVANCED_FACE('',(#1118),#634,.F.);
#8566=ADVANCED_FACE('',(#1119),#8108,.T.);
#8567=ADVANCED_FACE('',(#1120),#635,.F.);
#8568=ADVANCED_FACE('',(#1121),#8109,.T.);
#8569=ADVANCED_FACE('',(#1122),#8110,.T.);
#8570=ADVANCED_FACE('',(#1123),#8111,.T.);
#8571=ADVANCED_FACE('',(#1124),#8112,.T.);
#8572=ADVANCED_FACE('',(#1125),#8113,.T.);
#8573=ADVANCED_FACE('',(#1126),#8114,.T.);
#8574=ADVANCED_FACE('',(#1127),#8115,.F.);
#8575=ADVANCED_FACE('',(#1128),#636,.F.);
#8576=ADVANCED_FACE('',(#1129),#8116,.F.);
#8577=ADVANCED_FACE('',(#1130),#13,.F.);
#8578=ADVANCED_FACE('',(#1131,#79),#8117,.T.);
#8579=ADVANCED_FACE('',(#1132),#637,.T.);
#8580=ADVANCED_FACE('',(#1133,#80),#8118,.T.);
#8581=ADVANCED_FACE('',(#1134),#638,.F.);
#8582=ADVANCED_FACE('',(#1135),#639,.F.);
#8583=ADVANCED_FACE('',(#1136),#8119,.F.);
#8584=ADVANCED_FACE('',(#1137),#640,.F.);
#8585=ADVANCED_FACE('',(#1138),#8120,.F.);
#8586=ADVANCED_FACE('',(#1139),#23,.T.);
#8587=ADVANCED_FACE('',(#1140),#24,.T.);
#8588=ADVANCED_FACE('',(#1141),#25,.T.);
#8589=ADVANCED_FACE('',(#1142),#641,.T.);
#8590=ADVANCED_FACE('',(#1143),#8121,.T.);
#8591=ADVANCED_FACE('',(#1144),#642,.T.);
#8592=ADVANCED_FACE('',(#1145),#8122,.T.);
#8593=ADVANCED_FACE('',(#1146),#643,.T.);
#8594=ADVANCED_FACE('',(#1147),#8123,.T.);
#8595=ADVANCED_FACE('',(#1148),#644,.T.);
#8596=ADVANCED_FACE('',(#1149),#8124,.T.);
#8597=ADVANCED_FACE('',(#1150),#645,.T.);
#8598=ADVANCED_FACE('',(#1151,#81),#8125,.F.);
#8599=ADVANCED_FACE('',(#1152),#8126,.T.);
#8600=ADVANCED_FACE('',(#1153),#8127,.T.);
#8601=ADVANCED_FACE('',(#1154),#8128,.T.);
#8602=ADVANCED_FACE('',(#1155),#8129,.T.);
#8603=ADVANCED_FACE('',(#1156),#8130,.T.);
#8604=ADVANCED_FACE('',(#1157),#8131,.T.);
#8605=ADVANCED_FACE('',(#1158),#8132,.T.);
#8606=ADVANCED_FACE('',(#1159),#8133,.T.);
#8607=ADVANCED_FACE('',(#1160),#8134,.T.);
#8608=ADVANCED_FACE('',(#1161),#8135,.T.);
#8609=ADVANCED_FACE('',(#1162),#8136,.T.);
#8610=ADVANCED_FACE('',(#1163),#26,.T.);
#8611=ADVANCED_FACE('',(#1164),#8137,.T.);
#8612=ADVANCED_FACE('',(#1165),#27,.T.);
#8613=ADVANCED_FACE('',(#1166),#8138,.T.);
#8614=ADVANCED_FACE('',(#1167),#28,.T.);
#8615=ADVANCED_FACE('',(#1168),#8139,.T.);
#8616=ADVANCED_FACE('',(#1169),#29,.T.);
#8617=ADVANCED_FACE('',(#1170),#646,.T.);
#8618=ADVANCED_FACE('',(#1171),#8140,.T.);
#8619=ADVANCED_FACE('',(#1172),#647,.T.);
#8620=ADVANCED_FACE('',(#1173),#8141,.T.);
#8621=ADVANCED_FACE('',(#1174),#8142,.T.);
#8622=ADVANCED_FACE('',(#1175),#648,.T.);
#8623=ADVANCED_FACE('',(#1176),#8143,.T.);
#8624=ADVANCED_FACE('',(#1177),#649,.T.);
#8625=ADVANCED_FACE('',(#1178),#8144,.T.);
#8626=ADVANCED_FACE('',(#1179),#8145,.F.);
#8627=CLOSED_SHELL('',(#8146,#8147,#8148,#8149,#8150,#8151,#8152,#8153,
#8154,#8155,#8156,#8157,#8158,#8159,#8160,#8161,#8162,#8163,#8164,#8165,
#8166,#8167,#8168,#8169,#8170,#8171,#8172,#8173,#8174,#8175,#8176,#8177,
#8178,#8179,#8180,#8181,#8182,#8183,#8184,#8185,#8186,#8187,#8188,#8189,
#8190,#8191,#8192,#8193,#8194,#8195,#8196,#8197,#8198,#8199,#8200,#8201,
#8202,#8203,#8204,#8205,#8206,#8207,#8208,#8209,#8210,#8211,#8212,#8213,
#8214,#8215,#8216,#8217,#8218,#8219));
#8628=CLOSED_SHELL('',(#8220,#8221,#8222,#8223,#8224,#8225,#8226,#8227,
#8228,#8229,#8230,#8231));
#8629=CLOSED_SHELL('',(#8232,#8233,#8234,#8235,#8236,#8237,#8238,#8239,
#8240,#8241,#8242,#8243,#8244,#8245,#8246,#8247,#8248,#8249,#8250,#8251,
#8252,#8253,#8254,#8255,#8256,#8257,#8258,#8259,#8260));
#8630=CLOSED_SHELL('',(#8261,#8262,#8263,#8264,#8265,#8266,#8267,#8268,
#8269,#8270,#8271,#8272,#8273,#8274,#8275,#8276,#8277,#8278,#8279,#8280,
#8281,#8282,#8283,#8284,#8285,#8286,#8287,#8288,#8289));
#8631=CLOSED_SHELL('',(#8290,#8291,#8292,#8293,#8294,#8295,#8296,#8297,
#8298,#8299,#8300,#8301,#8302,#8303,#8304,#8305,#8306,#8307,#8308,#8309,
#8310,#8311,#8312,#8313,#8314,#8315,#8316,#8317,#8318));
#8632=CLOSED_SHELL('',(#8319,#8320,#8321,#8322,#8323,#8324,#8325,#8326,
#8327,#8328,#8329,#8330,#8331,#8332,#8333,#8334,#8335,#8336,#8337,#8338,
#8339,#8340,#8341,#8342,#8343,#8344,#8345,#8346,#8347));
#8633=CLOSED_SHELL('',(#8348,#8349,#8350,#8351,#8352,#8353,#8354,#8355,
#8356,#8357,#8358,#8359,#8360,#8361,#8362,#8363,#8364,#8365,#8366,#8367,
#8368,#8369,#8370,#8371,#8372,#8373,#8374,#8375,#8376));
#8634=CLOSED_SHELL('',(#8377,#8378,#8379,#8380,#8381,#8382,#8383,#8384,
#8385,#8386,#8387,#8388,#8389,#8390,#8391,#8392,#8393,#8394,#8395,#8396,
#8397,#8398,#8399,#8400,#8401,#8402,#8403,#8404,#8405));
#8635=CLOSED_SHELL('',(#8406,#8407,#8408,#8409,#8410,#8411,#8412,#8413,
#8414,#8415,#8416,#8417,#8418,#8419,#8420,#8421,#8422,#8423,#8424,#8425,
#8426,#8427,#8428,#8429,#8430,#8431,#8432,#8433,#8434));
#8636=CLOSED_SHELL('',(#8435,#8436,#8437,#8438,#8439,#8440,#8441,#8442,
#8443,#8444,#8445,#8446,#8447,#8448,#8449,#8450,#8451,#8452,#8453,#8454,
#8455,#8456,#8457,#8458,#8459,#8460,#8461,#8462,#8463));
#8637=CLOSED_SHELL('',(#8464,#8465,#8466,#8467,#8468,#8469,#8470,#8471,
#8472,#8473,#8474,#8475,#8476,#8477,#8478,#8479,#8480,#8481,#8482,#8483,
#8484,#8485,#8486,#8487,#8488,#8489,#8490,#8491,#8492,#8493,#8494,#8495,
#8496,#8497,#8498,#8499,#8500,#8501,#8502,#8503,#8504,#8505,#8506,#8507,
#8508,#8509,#8510,#8511,#8512,#8513,#8514,#8515,#8516,#8517,#8518,#8519,
#8520,#8521,#8522,#8523,#8524,#8525,#8526,#8527,#8528,#8529,#8530,#8531,
#8532,#8533,#8534,#8535,#8536,#8537,#8538,#8539,#8540,#8541,#8542,#8543,
#8544,#8545,#8546,#8547,#8548,#8549,#8550,#8551,#8552,#8553,#8554,#8555,
#8556,#8557,#8558,#8559,#8560,#8561,#8562,#8563,#8564,#8565,#8566,#8567,
#8568,#8569,#8570,#8571,#8572,#8573,#8574,#8575,#8576,#8577,#8578,#8579,
#8580,#8581,#8582,#8583,#8584,#8585,#8586,#8587,#8588,#8589,#8590,#8591,
#8592,#8593,#8594,#8595,#8596,#8597,#8598));
#8638=CLOSED_SHELL('',(#8599,#8600,#8601,#8602,#8603,#8604,#8605,#8606,
#8607,#8608));
#8639=CLOSED_SHELL('',(#8609,#8610,#8611,#8612,#8613,#8614,#8615,#8616,
#8617,#8618,#8619,#8620,#8621,#8622,#8623,#8624,#8625,#8626));
#8640=DERIVED_UNIT_ELEMENT(#8642,1.);
#8641=DERIVED_UNIT_ELEMENT(#14652,-3.);
#8642=(
MASS_UNIT()
NAMED_UNIT(*)
SI_UNIT(.KILO.,.GRAM.)
);
#8643=DERIVED_UNIT((#8640,#8641));
#8644=MEASURE_REPRESENTATION_ITEM('density measure',
POSITIVE_RATIO_MEASURE(7850.),#8643);
#8645=PROPERTY_DEFINITION_REPRESENTATION(#8650,#8647);
#8646=PROPERTY_DEFINITION_REPRESENTATION(#8651,#8648);
#8647=REPRESENTATION('material name',(#8649),#14649);
#8648=REPRESENTATION('density',(#8644),#14649);
#8649=DESCRIPTIVE_REPRESENTATION_ITEM('Stahl','Stahl');
#8650=PROPERTY_DEFINITION('material property','material name',#14659);
#8651=PROPERTY_DEFINITION('material property','density of part',#14659);
#8652=AXIS2_PLACEMENT_3D('',#12104,#9524,#9525);
#8653=AXIS2_PLACEMENT_3D('',#12105,#9526,#9527);
#8654=AXIS2_PLACEMENT_3D('',#12114,#9532,#9533);
#8655=AXIS2_PLACEMENT_3D('',#12120,#9537,#9538);
#8656=AXIS2_PLACEMENT_3D('',#12123,#9541,#9542);
#8657=AXIS2_PLACEMENT_3D('',#12124,#9543,#9544);
#8658=AXIS2_PLACEMENT_3D('',#12127,#9545,#9546);
#8659=AXIS2_PLACEMENT_3D('',#12131,#9548,#9549);
#8660=AXIS2_PLACEMENT_3D('',#12133,#9551,#9552);
#8661=AXIS2_PLACEMENT_3D('',#12137,#9554,#9555);
#8662=AXIS2_PLACEMENT_3D('',#12139,#9557,#9558);
#8663=AXIS2_PLACEMENT_3D('',#12142,#9559,#9560);
#8664=AXIS2_PLACEMENT_3D('',#12145,#9563,#9564);
#8665=AXIS2_PLACEMENT_3D('',#12153,#9569,#9570);
#8666=AXIS2_PLACEMENT_3D('',#12155,#9572,#9573);
#8667=AXIS2_PLACEMENT_3D('',#12158,#9574,#9575);
#8668=AXIS2_PLACEMENT_3D('',#12162,#9577,#9578);
#8669=AXIS2_PLACEMENT_3D('',#12164,#9580,#9581);
#8670=AXIS2_PLACEMENT_3D('',#12170,#9585,#9586);
#8671=AXIS2_PLACEMENT_3D('',#12174,#9588,#9589);
#8672=AXIS2_PLACEMENT_3D('',#12178,#9591,#9592);
#8673=AXIS2_PLACEMENT_3D('',#12181,#9594,#9595);
#8674=AXIS2_PLACEMENT_3D('',#12182,#9596,#9597);
#8675=AXIS2_PLACEMENT_3D('',#12185,#9599,#9600);
#8676=AXIS2_PLACEMENT_3D('',#12186,#9601,#9602);
#8677=AXIS2_PLACEMENT_3D('',#12190,#9605,#9606);
#8678=AXIS2_PLACEMENT_3D('',#12194,#9608,#9609);
#8679=AXIS2_PLACEMENT_3D('',#12196,#9611,#9612);
#8680=AXIS2_PLACEMENT_3D('',#12198,#9614,#9615);
#8681=AXIS2_PLACEMENT_3D('',#12201,#9617,#9618);
#8682=AXIS2_PLACEMENT_3D('',#12202,#9619,#9620);
#8683=AXIS2_PLACEMENT_3D('',#12204,#9622,#9623);
#8684=AXIS2_PLACEMENT_3D('',#12208,#9626,#9627);
#8685=AXIS2_PLACEMENT_3D('',#12212,#9630,#9631);
#8686=AXIS2_PLACEMENT_3D('',#12216,#9634,#9635);
#8687=AXIS2_PLACEMENT_3D('',#12218,#9637,#9638);
#8688=AXIS2_PLACEMENT_3D('',#12227,#9643,#9644);
#8689=AXIS2_PLACEMENT_3D('',#12237,#9650,#9651);
#8690=AXIS2_PLACEMENT_3D('',#12243,#9655,#9656);
#8691=AXIS2_PLACEMENT_3D('',#12245,#9658,#9659);
#8692=AXIS2_PLACEMENT_3D('',#12251,#9663,#9664);
#8693=AXIS2_PLACEMENT_3D('',#12253,#9665,#9666);
#8694=AXIS2_PLACEMENT_3D('',#12256,#9668,#9669);
#8695=AXIS2_PLACEMENT_3D('',#12257,#9670,#9671);
#8696=AXIS2_PLACEMENT_3D('',#12265,#9676,#9677);
#8697=AXIS2_PLACEMENT_3D('',#12271,#9681,#9682);
#8698=AXIS2_PLACEMENT_3D('',#12277,#9686,#9687);
#8699=AXIS2_PLACEMENT_3D('',#12279,#9689,#9690);
#8700=AXIS2_PLACEMENT_3D('',#12287,#9695,#9696);
#8701=AXIS2_PLACEMENT_3D('',#12296,#9701,#9702);
#8702=AXIS2_PLACEMENT_3D('',#12302,#9706,#9707);
#8703=AXIS2_PLACEMENT_3D('',#12305,#9710,#9711);
#8704=AXIS2_PLACEMENT_3D('',#12307,#9713,#9714);
#8705=AXIS2_PLACEMENT_3D('',#12309,#9716,#9717);
#8706=AXIS2_PLACEMENT_3D('',#12317,#9721,#9722);
#8707=AXIS2_PLACEMENT_3D('',#12321,#9724,#9725);
#8708=AXIS2_PLACEMENT_3D('',#12341,#9735,#9736);
#8709=AXIS2_PLACEMENT_3D('',#12345,#9738,#9739);
#8710=AXIS2_PLACEMENT_3D('',#12351,#9743,#9744);
#8711=AXIS2_PLACEMENT_3D('',#12357,#9748,#9749);
#8712=AXIS2_PLACEMENT_3D('',#12359,#9751,#9752);
#8713=AXIS2_PLACEMENT_3D('',#12365,#9756,#9757);
#8714=AXIS2_PLACEMENT_3D('',#12367,#9759,#9760);
#8715=AXIS2_PLACEMENT_3D('',#12371,#9763,#9764);
#8716=AXIS2_PLACEMENT_3D('',#12377,#9768,#9769);
#8717=AXIS2_PLACEMENT_3D('',#12383,#9773,#9774);
#8718=AXIS2_PLACEMENT_3D('',#12385,#9776,#9777);
#8719=AXIS2_PLACEMENT_3D('',#12391,#9781,#9782);
#8720=AXIS2_PLACEMENT_3D('',#12397,#9786,#9787);
#8721=AXIS2_PLACEMENT_3D('',#12399,#9789,#9790);
#8722=AXIS2_PLACEMENT_3D('',#12403,#9793,#9794);
#8723=AXIS2_PLACEMENT_3D('',#12407,#9797,#9798);
#8724=AXIS2_PLACEMENT_3D('',#12409,#9800,#9801);
#8725=AXIS2_PLACEMENT_3D('',#12413,#9803,#9804);
#8726=AXIS2_PLACEMENT_3D('',#12416,#9806,#9807);
#8727=AXIS2_PLACEMENT_3D('',#12418,#9808,#9809);
#8728=AXIS2_PLACEMENT_3D('',#12421,#9811,#9812);
#8729=AXIS2_PLACEMENT_3D('',#12422,#9813,#9814);
#8730=AXIS2_PLACEMENT_3D('',#12424,#9815,#9816);
#8731=AXIS2_PLACEMENT_3D('',#12425,#9817,#9818);
#8732=AXIS2_PLACEMENT_3D('',#12427,#9820,#9821);
#8733=AXIS2_PLACEMENT_3D('',#12429,#9823,#9824);
#8734=AXIS2_PLACEMENT_3D('',#12438,#9829,#9830);
#8735=AXIS2_PLACEMENT_3D('',#12444,#9834,#9835);
#8736=AXIS2_PLACEMENT_3D('',#12448,#9838,#9839);
#8737=AXIS2_PLACEMENT_3D('',#12452,#9842,#9843);
#8738=AXIS2_PLACEMENT_3D('',#12454,#9845,#9846);
#8739=AXIS2_PLACEMENT_3D('',#12456,#9847,#9848);
#8740=AXIS2_PLACEMENT_3D('',#12458,#9849,#9850);
#8741=AXIS2_PLACEMENT_3D('',#12459,#9851,#9852);
#8742=AXIS2_PLACEMENT_3D('',#12461,#9853,#9854);
#8743=AXIS2_PLACEMENT_3D('',#12463,#9856,#9857);
#8744=AXIS2_PLACEMENT_3D('',#12465,#9858,#9859);
#8745=AXIS2_PLACEMENT_3D('',#12466,#9860,#9861);
#8746=AXIS2_PLACEMENT_3D('',#12467,#9862,#9863);
#8747=AXIS2_PLACEMENT_3D('',#12469,#9864,#9865);
#8748=AXIS2_PLACEMENT_3D('',#12470,#9866,#9867);
#8749=AXIS2_PLACEMENT_3D('',#12472,#9868,#9869);
#8750=AXIS2_PLACEMENT_3D('',#12474,#9870,#9871);
#8751=AXIS2_PLACEMENT_3D('',#12475,#9872,#9873);
#8752=AXIS2_PLACEMENT_3D('',#12477,#9875,#9876);
#8753=AXIS2_PLACEMENT_3D('',#12479,#9878,#9879);
#8754=AXIS2_PLACEMENT_3D('',#12481,#9881,#9882);
#8755=AXIS2_PLACEMENT_3D('',#12483,#9884,#9885);
#8756=AXIS2_PLACEMENT_3D('',#12485,#9887,#9888);
#8757=AXIS2_PLACEMENT_3D('',#12486,#9889,#9890);
#8758=AXIS2_PLACEMENT_3D('',#12487,#9891,#9892);
#8759=AXIS2_PLACEMENT_3D('',#12490,#9893,#9894);
#8760=AXIS2_PLACEMENT_3D('',#12494,#9896,#9897);
#8761=AXIS2_PLACEMENT_3D('',#12496,#9899,#9900);
#8762=AXIS2_PLACEMENT_3D('',#12502,#9904,#9905);
#8763=AXIS2_PLACEMENT_3D('',#12506,#9907,#9908);
#8764=AXIS2_PLACEMENT_3D('',#12510,#9910,#9911);
#8765=AXIS2_PLACEMENT_3D('',#12514,#9913,#9914);
#8766=AXIS2_PLACEMENT_3D('',#12517,#9916,#9917);
#8767=AXIS2_PLACEMENT_3D('',#12518,#9918,#9919);
#8768=AXIS2_PLACEMENT_3D('',#12521,#9920,#9921);
#8769=AXIS2_PLACEMENT_3D('',#12524,#9924,#9925);
#8770=AXIS2_PLACEMENT_3D('',#12528,#9928,#9929);
#8771=AXIS2_PLACEMENT_3D('',#12530,#9930,#9931);
#8772=AXIS2_PLACEMENT_3D('',#12532,#9933,#9934);
#8773=AXIS2_PLACEMENT_3D('',#12536,#9937,#9938);
#8774=AXIS2_PLACEMENT_3D('',#12538,#9939,#9940);
#8775=AXIS2_PLACEMENT_3D('',#12540,#9942,#9943);
#8776=AXIS2_PLACEMENT_3D('',#12544,#9946,#9947);
#8777=AXIS2_PLACEMENT_3D('',#12545,#9948,#9949);
#8778=AXIS2_PLACEMENT_3D('',#12546,#9950,#9951);
#8779=AXIS2_PLACEMENT_3D('',#12548,#9953,#9954);
#8780=AXIS2_PLACEMENT_3D('',#12549,#9955,#9956);
#8781=AXIS2_PLACEMENT_3D('',#12551,#9957,#9958);
#8782=AXIS2_PLACEMENT_3D('',#12554,#9960,#9961);
#8783=AXIS2_PLACEMENT_3D('',#12555,#9962,#9963);
#8784=AXIS2_PLACEMENT_3D('',#12558,#9964,#9965);
#8785=AXIS2_PLACEMENT_3D('',#12562,#9967,#9968);
#8786=AXIS2_PLACEMENT_3D('',#12566,#9970,#9971);
#8787=AXIS2_PLACEMENT_3D('',#12570,#9973,#9974);
#8788=AXIS2_PLACEMENT_3D('',#12574,#9976,#9977);
#8789=AXIS2_PLACEMENT_3D('',#12578,#9979,#9980);
#8790=AXIS2_PLACEMENT_3D('',#12582,#9982,#9983);
#8791=AXIS2_PLACEMENT_3D('',#12586,#9985,#9986);
#8792=AXIS2_PLACEMENT_3D('',#12590,#9988,#9989);
#8793=AXIS2_PLACEMENT_3D('',#12594,#9991,#9992);
#8794=AXIS2_PLACEMENT_3D('',#12598,#9994,#9995);
#8795=AXIS2_PLACEMENT_3D('',#12602,#9997,#9998);
#8796=AXIS2_PLACEMENT_3D('',#12604,#10000,#10001);
#8797=AXIS2_PLACEMENT_3D('',#12607,#10003,#10004);
#8798=AXIS2_PLACEMENT_3D('',#12608,#10005,#10006);
#8799=AXIS2_PLACEMENT_3D('',#12611,#10007,#10008);
#8800=AXIS2_PLACEMENT_3D('',#12614,#10011,#10012);
#8801=AXIS2_PLACEMENT_3D('',#12618,#10015,#10016);
#8802=AXIS2_PLACEMENT_3D('',#12622,#10018,#10019);
#8803=AXIS2_PLACEMENT_3D('',#12624,#10021,#10022);
#8804=AXIS2_PLACEMENT_3D('',#12626,#10024,#10025);
#8805=AXIS2_PLACEMENT_3D('',#12629,#10027,#10028);
#8806=AXIS2_PLACEMENT_3D('',#12630,#10029,#10030);
#8807=AXIS2_PLACEMENT_3D('',#12634,#10033,#10034);
#8808=AXIS2_PLACEMENT_3D('',#12636,#10035,#10036);
#8809=AXIS2_PLACEMENT_3D('',#12638,#10038,#10039);
#8810=AXIS2_PLACEMENT_3D('',#12642,#10041,#10042);
#8811=AXIS2_PLACEMENT_3D('',#12646,#10044,#10045);
#8812=AXIS2_PLACEMENT_3D('',#12650,#10047,#10048);
#8813=AXIS2_PLACEMENT_3D('',#12654,#10050,#10051);
#8814=AXIS2_PLACEMENT_3D('',#12658,#10053,#10054);
#8815=AXIS2_PLACEMENT_3D('',#12662,#10056,#10057);
#8816=AXIS2_PLACEMENT_3D('',#12666,#10059,#10060);
#8817=AXIS2_PLACEMENT_3D('',#12670,#10062,#10063);
#8818=AXIS2_PLACEMENT_3D('',#12672,#10065,#10066);
#8819=AXIS2_PLACEMENT_3D('',#12674,#10068,#10069);
#8820=AXIS2_PLACEMENT_3D('',#12677,#10072,#10073);
#8821=AXIS2_PLACEMENT_3D('',#12679,#10075,#10076);
#8822=AXIS2_PLACEMENT_3D('',#12681,#10078,#10079);
#8823=AXIS2_PLACEMENT_3D('',#12682,#10080,#10081);
#8824=AXIS2_PLACEMENT_3D('',#12684,#10083,#10084);
#8825=AXIS2_PLACEMENT_3D('',#12686,#10086,#10087);
#8826=AXIS2_PLACEMENT_3D('',#12688,#10089,#10090);
#8827=AXIS2_PLACEMENT_3D('',#12690,#10092,#10093);
#8828=AXIS2_PLACEMENT_3D('',#12692,#10095,#10096);
#8829=AXIS2_PLACEMENT_3D('',#12694,#10098,#10099);
#8830=AXIS2_PLACEMENT_3D('',#12697,#10102,#10103);
#8831=AXIS2_PLACEMENT_3D('',#12699,#10105,#10106);
#8832=AXIS2_PLACEMENT_3D('',#12700,#10107,#10108);
#8833=AXIS2_PLACEMENT_3D('',#12703,#10111,#10112);
#8834=AXIS2_PLACEMENT_3D('',#12704,#10113,#10114);
#8835=AXIS2_PLACEMENT_3D('',#12705,#10115,#10116);
#8836=AXIS2_PLACEMENT_3D('',#12706,#10117,#10118);
#8837=AXIS2_PLACEMENT_3D('',#12708,#10119,#10120);
#8838=AXIS2_PLACEMENT_3D('',#12711,#10122,#10123);
#8839=AXIS2_PLACEMENT_3D('',#12712,#10124,#10125);
#8840=AXIS2_PLACEMENT_3D('',#12715,#10126,#10127);
#8841=AXIS2_PLACEMENT_3D('',#12719,#10129,#10130);
#8842=AXIS2_PLACEMENT_3D('',#12723,#10132,#10133);
#8843=AXIS2_PLACEMENT_3D('',#12727,#10135,#10136);
#8844=AXIS2_PLACEMENT_3D('',#12731,#10138,#10139);
#8845=AXIS2_PLACEMENT_3D('',#12735,#10141,#10142);
#8846=AXIS2_PLACEMENT_3D('',#12739,#10144,#10145);
#8847=AXIS2_PLACEMENT_3D('',#12743,#10147,#10148);
#8848=AXIS2_PLACEMENT_3D('',#12747,#10150,#10151);
#8849=AXIS2_PLACEMENT_3D('',#12751,#10153,#10154);
#8850=AXIS2_PLACEMENT_3D('',#12755,#10156,#10157);
#8851=AXIS2_PLACEMENT_3D('',#12759,#10159,#10160);
#8852=AXIS2_PLACEMENT_3D('',#12761,#10162,#10163);
#8853=AXIS2_PLACEMENT_3D('',#12764,#10165,#10166);
#8854=AXIS2_PLACEMENT_3D('',#12765,#10167,#10168);
#8855=AXIS2_PLACEMENT_3D('',#12768,#10169,#10170);
#8856=AXIS2_PLACEMENT_3D('',#12771,#10173,#10174);
#8857=AXIS2_PLACEMENT_3D('',#12775,#10177,#10178);
#8858=AXIS2_PLACEMENT_3D('',#12779,#10180,#10181);
#8859=AXIS2_PLACEMENT_3D('',#12781,#10183,#10184);
#8860=AXIS2_PLACEMENT_3D('',#12783,#10186,#10187);
#8861=AXIS2_PLACEMENT_3D('',#12786,#10189,#10190);
#8862=AXIS2_PLACEMENT_3D('',#12787,#10191,#10192);
#8863=AXIS2_PLACEMENT_3D('',#12791,#10195,#10196);
#8864=AXIS2_PLACEMENT_3D('',#12793,#10197,#10198);
#8865=AXIS2_PLACEMENT_3D('',#12795,#10200,#10201);
#8866=AXIS2_PLACEMENT_3D('',#12799,#10203,#10204);
#8867=AXIS2_PLACEMENT_3D('',#12803,#10206,#10207);
#8868=AXIS2_PLACEMENT_3D('',#12807,#10209,#10210);
#8869=AXIS2_PLACEMENT_3D('',#12811,#10212,#10213);
#8870=AXIS2_PLACEMENT_3D('',#12815,#10215,#10216);
#8871=AXIS2_PLACEMENT_3D('',#12819,#10218,#10219);
#8872=AXIS2_PLACEMENT_3D('',#12823,#10221,#10222);
#8873=AXIS2_PLACEMENT_3D('',#12827,#10224,#10225);
#8874=AXIS2_PLACEMENT_3D('',#12829,#10227,#10228);
#8875=AXIS2_PLACEMENT_3D('',#12831,#10230,#10231);
#8876=AXIS2_PLACEMENT_3D('',#12834,#10234,#10235);
#8877=AXIS2_PLACEMENT_3D('',#12836,#10237,#10238);
#8878=AXIS2_PLACEMENT_3D('',#12838,#10240,#10241);
#8879=AXIS2_PLACEMENT_3D('',#12839,#10242,#10243);
#8880=AXIS2_PLACEMENT_3D('',#12841,#10245,#10246);
#8881=AXIS2_PLACEMENT_3D('',#12843,#10248,#10249);
#8882=AXIS2_PLACEMENT_3D('',#12845,#10251,#10252);
#8883=AXIS2_PLACEMENT_3D('',#12847,#10254,#10255);
#8884=AXIS2_PLACEMENT_3D('',#12849,#10257,#10258);
#8885=AXIS2_PLACEMENT_3D('',#12851,#10260,#10261);
#8886=AXIS2_PLACEMENT_3D('',#12854,#10264,#10265);
#8887=AXIS2_PLACEMENT_3D('',#12856,#10267,#10268);
#8888=AXIS2_PLACEMENT_3D('',#12857,#10269,#10270);
#8889=AXIS2_PLACEMENT_3D('',#12860,#10273,#10274);
#8890=AXIS2_PLACEMENT_3D('',#12861,#10275,#10276);
#8891=AXIS2_PLACEMENT_3D('',#12862,#10277,#10278);
#8892=AXIS2_PLACEMENT_3D('',#12863,#10279,#10280);
#8893=AXIS2_PLACEMENT_3D('',#12865,#10281,#10282);
#8894=AXIS2_PLACEMENT_3D('',#12868,#10284,#10285);
#8895=AXIS2_PLACEMENT_3D('',#12869,#10286,#10287);
#8896=AXIS2_PLACEMENT_3D('',#12872,#10288,#10289);
#8897=AXIS2_PLACEMENT_3D('',#12876,#10291,#10292);
#8898=AXIS2_PLACEMENT_3D('',#12880,#10294,#10295);
#8899=AXIS2_PLACEMENT_3D('',#12884,#10297,#10298);
#8900=AXIS2_PLACEMENT_3D('',#12888,#10300,#10301);
#8901=AXIS2_PLACEMENT_3D('',#12892,#10303,#10304);
#8902=AXIS2_PLACEMENT_3D('',#12896,#10306,#10307);
#8903=AXIS2_PLACEMENT_3D('',#12900,#10309,#10310);
#8904=AXIS2_PLACEMENT_3D('',#12904,#10312,#10313);
#8905=AXIS2_PLACEMENT_3D('',#12908,#10315,#10316);
#8906=AXIS2_PLACEMENT_3D('',#12912,#10318,#10319);
#8907=AXIS2_PLACEMENT_3D('',#12916,#10321,#10322);
#8908=AXIS2_PLACEMENT_3D('',#12918,#10324,#10325);
#8909=AXIS2_PLACEMENT_3D('',#12921,#10327,#10328);
#8910=AXIS2_PLACEMENT_3D('',#12922,#10329,#10330);
#8911=AXIS2_PLACEMENT_3D('',#12925,#10331,#10332);
#8912=AXIS2_PLACEMENT_3D('',#12928,#10335,#10336);
#8913=AXIS2_PLACEMENT_3D('',#12932,#10339,#10340);
#8914=AXIS2_PLACEMENT_3D('',#12936,#10342,#10343);
#8915=AXIS2_PLACEMENT_3D('',#12938,#10345,#10346);
#8916=AXIS2_PLACEMENT_3D('',#12940,#10348,#10349);
#8917=AXIS2_PLACEMENT_3D('',#12943,#10351,#10352);
#8918=AXIS2_PLACEMENT_3D('',#12944,#10353,#10354);
#8919=AXIS2_PLACEMENT_3D('',#12948,#10357,#10358);
#8920=AXIS2_PLACEMENT_3D('',#12950,#10359,#10360);
#8921=AXIS2_PLACEMENT_3D('',#12952,#10362,#10363);
#8922=AXIS2_PLACEMENT_3D('',#12956,#10365,#10366);
#8923=AXIS2_PLACEMENT_3D('',#12960,#10368,#10369);
#8924=AXIS2_PLACEMENT_3D('',#12964,#10371,#10372);
#8925=AXIS2_PLACEMENT_3D('',#12968,#10374,#10375);
#8926=AXIS2_PLACEMENT_3D('',#12972,#10377,#10378);
#8927=AXIS2_PLACEMENT_3D('',#12976,#10380,#10381);
#8928=AXIS2_PLACEMENT_3D('',#12980,#10383,#10384);
#8929=AXIS2_PLACEMENT_3D('',#12984,#10386,#10387);
#8930=AXIS2_PLACEMENT_3D('',#12986,#10389,#10390);
#8931=AXIS2_PLACEMENT_3D('',#12988,#10392,#10393);
#8932=AXIS2_PLACEMENT_3D('',#12991,#10396,#10397);
#8933=AXIS2_PLACEMENT_3D('',#12993,#10399,#10400);
#8934=AXIS2_PLACEMENT_3D('',#12995,#10402,#10403);
#8935=AXIS2_PLACEMENT_3D('',#12996,#10404,#10405);
#8936=AXIS2_PLACEMENT_3D('',#12998,#10407,#10408);
#8937=AXIS2_PLACEMENT_3D('',#13000,#10410,#10411);
#8938=AXIS2_PLACEMENT_3D('',#13002,#10413,#10414);
#8939=AXIS2_PLACEMENT_3D('',#13004,#10416,#10417);
#8940=AXIS2_PLACEMENT_3D('',#13006,#10419,#10420);
#8941=AXIS2_PLACEMENT_3D('',#13008,#10422,#10423);
#8942=AXIS2_PLACEMENT_3D('',#13011,#10426,#10427);
#8943=AXIS2_PLACEMENT_3D('',#13013,#10429,#10430);
#8944=AXIS2_PLACEMENT_3D('',#13014,#10431,#10432);
#8945=AXIS2_PLACEMENT_3D('',#13017,#10435,#10436);
#8946=AXIS2_PLACEMENT_3D('',#13018,#10437,#10438);
#8947=AXIS2_PLACEMENT_3D('',#13019,#10439,#10440);
#8948=AXIS2_PLACEMENT_3D('',#13020,#10441,#10442);
#8949=AXIS2_PLACEMENT_3D('',#13022,#10443,#10444);
#8950=AXIS2_PLACEMENT_3D('',#13025,#10446,#10447);
#8951=AXIS2_PLACEMENT_3D('',#13026,#10448,#10449);
#8952=AXIS2_PLACEMENT_3D('',#13029,#10450,#10451);
#8953=AXIS2_PLACEMENT_3D('',#13033,#10453,#10454);
#8954=AXIS2_PLACEMENT_3D('',#13037,#10456,#10457);
#8955=AXIS2_PLACEMENT_3D('',#13041,#10459,#10460);
#8956=AXIS2_PLACEMENT_3D('',#13045,#10462,#10463);
#8957=AXIS2_PLACEMENT_3D('',#13049,#10465,#10466);
#8958=AXIS2_PLACEMENT_3D('',#13053,#10468,#10469);
#8959=AXIS2_PLACEMENT_3D('',#13057,#10471,#10472);
#8960=AXIS2_PLACEMENT_3D('',#13061,#10474,#10475);
#8961=AXIS2_PLACEMENT_3D('',#13065,#10477,#10478);
#8962=AXIS2_PLACEMENT_3D('',#13069,#10480,#10481);
#8963=AXIS2_PLACEMENT_3D('',#13073,#10483,#10484);
#8964=AXIS2_PLACEMENT_3D('',#13075,#10486,#10487);
#8965=AXIS2_PLACEMENT_3D('',#13078,#10489,#10490);
#8966=AXIS2_PLACEMENT_3D('',#13079,#10491,#10492);
#8967=AXIS2_PLACEMENT_3D('',#13082,#10493,#10494);
#8968=AXIS2_PLACEMENT_3D('',#13085,#10497,#10498);
#8969=AXIS2_PLACEMENT_3D('',#13089,#10501,#10502);
#8970=AXIS2_PLACEMENT_3D('',#13093,#10504,#10505);
#8971=AXIS2_PLACEMENT_3D('',#13095,#10507,#10508);
#8972=AXIS2_PLACEMENT_3D('',#13097,#10510,#10511);
#8973=AXIS2_PLACEMENT_3D('',#13100,#10513,#10514);
#8974=AXIS2_PLACEMENT_3D('',#13101,#10515,#10516);
#8975=AXIS2_PLACEMENT_3D('',#13105,#10519,#10520);
#8976=AXIS2_PLACEMENT_3D('',#13107,#10521,#10522);
#8977=AXIS2_PLACEMENT_3D('',#13109,#10524,#10525);
#8978=AXIS2_PLACEMENT_3D('',#13113,#10527,#10528);
#8979=AXIS2_PLACEMENT_3D('',#13117,#10530,#10531);
#8980=AXIS2_PLACEMENT_3D('',#13121,#10533,#10534);
#8981=AXIS2_PLACEMENT_3D('',#13125,#10536,#10537);
#8982=AXIS2_PLACEMENT_3D('',#13129,#10539,#10540);
#8983=AXIS2_PLACEMENT_3D('',#13133,#10542,#10543);
#8984=AXIS2_PLACEMENT_3D('',#13137,#10545,#10546);
#8985=AXIS2_PLACEMENT_3D('',#13141,#10548,#10549);
#8986=AXIS2_PLACEMENT_3D('',#13143,#10551,#10552);
#8987=AXIS2_PLACEMENT_3D('',#13145,#10554,#10555);
#8988=AXIS2_PLACEMENT_3D('',#13148,#10558,#10559);
#8989=AXIS2_PLACEMENT_3D('',#13150,#10561,#10562);
#8990=AXIS2_PLACEMENT_3D('',#13152,#10564,#10565);
#8991=AXIS2_PLACEMENT_3D('',#13153,#10566,#10567);
#8992=AXIS2_PLACEMENT_3D('',#13155,#10569,#10570);
#8993=AXIS2_PLACEMENT_3D('',#13157,#10572,#10573);
#8994=AXIS2_PLACEMENT_3D('',#13159,#10575,#10576);
#8995=AXIS2_PLACEMENT_3D('',#13161,#10578,#10579);
#8996=AXIS2_PLACEMENT_3D('',#13163,#10581,#10582);
#8997=AXIS2_PLACEMENT_3D('',#13165,#10584,#10585);
#8998=AXIS2_PLACEMENT_3D('',#13168,#10588,#10589);
#8999=AXIS2_PLACEMENT_3D('',#13170,#10591,#10592);
#9000=AXIS2_PLACEMENT_3D('',#13171,#10593,#10594);
#9001=AXIS2_PLACEMENT_3D('',#13174,#10597,#10598);
#9002=AXIS2_PLACEMENT_3D('',#13175,#10599,#10600);
#9003=AXIS2_PLACEMENT_3D('',#13176,#10601,#10602);
#9004=AXIS2_PLACEMENT_3D('',#13177,#10603,#10604);
#9005=AXIS2_PLACEMENT_3D('',#13179,#10605,#10606);
#9006=AXIS2_PLACEMENT_3D('',#13182,#10608,#10609);
#9007=AXIS2_PLACEMENT_3D('',#13183,#10610,#10611);
#9008=AXIS2_PLACEMENT_3D('',#13186,#10612,#10613);
#9009=AXIS2_PLACEMENT_3D('',#13190,#10615,#10616);
#9010=AXIS2_PLACEMENT_3D('',#13194,#10618,#10619);
#9011=AXIS2_PLACEMENT_3D('',#13198,#10621,#10622);
#9012=AXIS2_PLACEMENT_3D('',#13202,#10624,#10625);
#9013=AXIS2_PLACEMENT_3D('',#13206,#10627,#10628);
#9014=AXIS2_PLACEMENT_3D('',#13210,#10630,#10631);
#9015=AXIS2_PLACEMENT_3D('',#13214,#10633,#10634);
#9016=AXIS2_PLACEMENT_3D('',#13218,#10636,#10637);
#9017=AXIS2_PLACEMENT_3D('',#13222,#10639,#10640);
#9018=AXIS2_PLACEMENT_3D('',#13226,#10642,#10643);
#9019=AXIS2_PLACEMENT_3D('',#13230,#10645,#10646);
#9020=AXIS2_PLACEMENT_3D('',#13232,#10648,#10649);
#9021=AXIS2_PLACEMENT_3D('',#13235,#10651,#10652);
#9022=AXIS2_PLACEMENT_3D('',#13236,#10653,#10654);
#9023=AXIS2_PLACEMENT_3D('',#13239,#10655,#10656);
#9024=AXIS2_PLACEMENT_3D('',#13242,#10659,#10660);
#9025=AXIS2_PLACEMENT_3D('',#13246,#10663,#10664);
#9026=AXIS2_PLACEMENT_3D('',#13250,#10666,#10667);
#9027=AXIS2_PLACEMENT_3D('',#13252,#10669,#10670);
#9028=AXIS2_PLACEMENT_3D('',#13254,#10672,#10673);
#9029=AXIS2_PLACEMENT_3D('',#13257,#10675,#10676);
#9030=AXIS2_PLACEMENT_3D('',#13258,#10677,#10678);
#9031=AXIS2_PLACEMENT_3D('',#13262,#10681,#10682);
#9032=AXIS2_PLACEMENT_3D('',#13264,#10683,#10684);
#9033=AXIS2_PLACEMENT_3D('',#13266,#10686,#10687);
#9034=AXIS2_PLACEMENT_3D('',#13270,#10689,#10690);
#9035=AXIS2_PLACEMENT_3D('',#13274,#10692,#10693);
#9036=AXIS2_PLACEMENT_3D('',#13278,#10695,#10696);
#9037=AXIS2_PLACEMENT_3D('',#13282,#10698,#10699);
#9038=AXIS2_PLACEMENT_3D('',#13286,#10701,#10702);
#9039=AXIS2_PLACEMENT_3D('',#13290,#10704,#10705);
#9040=AXIS2_PLACEMENT_3D('',#13294,#10707,#10708);
#9041=AXIS2_PLACEMENT_3D('',#13298,#10710,#10711);
#9042=AXIS2_PLACEMENT_3D('',#13300,#10713,#10714);
#9043=AXIS2_PLACEMENT_3D('',#13302,#10716,#10717);
#9044=AXIS2_PLACEMENT_3D('',#13305,#10720,#10721);
#9045=AXIS2_PLACEMENT_3D('',#13307,#10723,#10724);
#9046=AXIS2_PLACEMENT_3D('',#13309,#10726,#10727);
#9047=AXIS2_PLACEMENT_3D('',#13310,#10728,#10729);
#9048=AXIS2_PLACEMENT_3D('',#13312,#10731,#10732);
#9049=AXIS2_PLACEMENT_3D('',#13314,#10734,#10735);
#9050=AXIS2_PLACEMENT_3D('',#13316,#10737,#10738);
#9051=AXIS2_PLACEMENT_3D('',#13318,#10740,#10741);
#9052=AXIS2_PLACEMENT_3D('',#13320,#10743,#10744);
#9053=AXIS2_PLACEMENT_3D('',#13322,#10746,#10747);
#9054=AXIS2_PLACEMENT_3D('',#13325,#10750,#10751);
#9055=AXIS2_PLACEMENT_3D('',#13327,#10753,#10754);
#9056=AXIS2_PLACEMENT_3D('',#13328,#10755,#10756);
#9057=AXIS2_PLACEMENT_3D('',#13331,#10759,#10760);
#9058=AXIS2_PLACEMENT_3D('',#13332,#10761,#10762);
#9059=AXIS2_PLACEMENT_3D('',#13333,#10763,#10764);
#9060=AXIS2_PLACEMENT_3D('',#13334,#10765,#10766);
#9061=AXIS2_PLACEMENT_3D('',#13336,#10767,#10768);
#9062=AXIS2_PLACEMENT_3D('',#13339,#10770,#10771);
#9063=AXIS2_PLACEMENT_3D('',#13340,#10772,#10773);
#9064=AXIS2_PLACEMENT_3D('',#13343,#10774,#10775);
#9065=AXIS2_PLACEMENT_3D('',#13347,#10777,#10778);
#9066=AXIS2_PLACEMENT_3D('',#13351,#10780,#10781);
#9067=AXIS2_PLACEMENT_3D('',#13355,#10783,#10784);
#9068=AXIS2_PLACEMENT_3D('',#13359,#10786,#10787);
#9069=AXIS2_PLACEMENT_3D('',#13363,#10789,#10790);
#9070=AXIS2_PLACEMENT_3D('',#13367,#10792,#10793);
#9071=AXIS2_PLACEMENT_3D('',#13371,#10795,#10796);
#9072=AXIS2_PLACEMENT_3D('',#13375,#10798,#10799);
#9073=AXIS2_PLACEMENT_3D('',#13379,#10801,#10802);
#9074=AXIS2_PLACEMENT_3D('',#13383,#10804,#10805);
#9075=AXIS2_PLACEMENT_3D('',#13387,#10807,#10808);
#9076=AXIS2_PLACEMENT_3D('',#13389,#10810,#10811);
#9077=AXIS2_PLACEMENT_3D('',#13392,#10813,#10814);
#9078=AXIS2_PLACEMENT_3D('',#13393,#10815,#10816);
#9079=AXIS2_PLACEMENT_3D('',#13396,#10817,#10818);
#9080=AXIS2_PLACEMENT_3D('',#13399,#10821,#10822);
#9081=AXIS2_PLACEMENT_3D('',#13403,#10825,#10826);
#9082=AXIS2_PLACEMENT_3D('',#13407,#10828,#10829);
#9083=AXIS2_PLACEMENT_3D('',#13409,#10831,#10832);
#9084=AXIS2_PLACEMENT_3D('',#13411,#10834,#10835);
#9085=AXIS2_PLACEMENT_3D('',#13414,#10837,#10838);
#9086=AXIS2_PLACEMENT_3D('',#13415,#10839,#10840);
#9087=AXIS2_PLACEMENT_3D('',#13419,#10843,#10844);
#9088=AXIS2_PLACEMENT_3D('',#13421,#10845,#10846);
#9089=AXIS2_PLACEMENT_3D('',#13423,#10848,#10849);
#9090=AXIS2_PLACEMENT_3D('',#13427,#10851,#10852);
#9091=AXIS2_PLACEMENT_3D('',#13431,#10854,#10855);
#9092=AXIS2_PLACEMENT_3D('',#13435,#10857,#10858);
#9093=AXIS2_PLACEMENT_3D('',#13439,#10860,#10861);
#9094=AXIS2_PLACEMENT_3D('',#13443,#10863,#10864);
#9095=AXIS2_PLACEMENT_3D('',#13447,#10866,#10867);
#9096=AXIS2_PLACEMENT_3D('',#13451,#10869,#10870);
#9097=AXIS2_PLACEMENT_3D('',#13455,#10872,#10873);
#9098=AXIS2_PLACEMENT_3D('',#13457,#10875,#10876);
#9099=AXIS2_PLACEMENT_3D('',#13459,#10878,#10879);
#9100=AXIS2_PLACEMENT_3D('',#13462,#10882,#10883);
#9101=AXIS2_PLACEMENT_3D('',#13464,#10885,#10886);
#9102=AXIS2_PLACEMENT_3D('',#13466,#10888,#10889);
#9103=AXIS2_PLACEMENT_3D('',#13467,#10890,#10891);
#9104=AXIS2_PLACEMENT_3D('',#13469,#10893,#10894);
#9105=AXIS2_PLACEMENT_3D('',#13471,#10896,#10897);
#9106=AXIS2_PLACEMENT_3D('',#13473,#10899,#10900);
#9107=AXIS2_PLACEMENT_3D('',#13475,#10902,#10903);
#9108=AXIS2_PLACEMENT_3D('',#13477,#10905,#10906);
#9109=AXIS2_PLACEMENT_3D('',#13479,#10908,#10909);
#9110=AXIS2_PLACEMENT_3D('',#13482,#10912,#10913);
#9111=AXIS2_PLACEMENT_3D('',#13484,#10915,#10916);
#9112=AXIS2_PLACEMENT_3D('',#13485,#10917,#10918);
#9113=AXIS2_PLACEMENT_3D('',#13488,#10921,#10922);
#9114=AXIS2_PLACEMENT_3D('',#13489,#10923,#10924);
#9115=AXIS2_PLACEMENT_3D('',#13490,#10925,#10926);
#9116=AXIS2_PLACEMENT_3D('',#13491,#10927,#10928);
#9117=AXIS2_PLACEMENT_3D('',#13493,#10929,#10930);
#9118=AXIS2_PLACEMENT_3D('',#13496,#10932,#10933);
#9119=AXIS2_PLACEMENT_3D('',#13497,#10934,#10935);
#9120=AXIS2_PLACEMENT_3D('',#13500,#10936,#10937);
#9121=AXIS2_PLACEMENT_3D('',#13504,#10939,#10940);
#9122=AXIS2_PLACEMENT_3D('',#13508,#10942,#10943);
#9123=AXIS2_PLACEMENT_3D('',#13512,#10945,#10946);
#9124=AXIS2_PLACEMENT_3D('',#13516,#10948,#10949);
#9125=AXIS2_PLACEMENT_3D('',#13520,#10951,#10952);
#9126=AXIS2_PLACEMENT_3D('',#13524,#10954,#10955);
#9127=AXIS2_PLACEMENT_3D('',#13528,#10957,#10958);
#9128=AXIS2_PLACEMENT_3D('',#13532,#10960,#10961);
#9129=AXIS2_PLACEMENT_3D('',#13536,#10963,#10964);
#9130=AXIS2_PLACEMENT_3D('',#13540,#10966,#10967);
#9131=AXIS2_PLACEMENT_3D('',#13544,#10969,#10970);
#9132=AXIS2_PLACEMENT_3D('',#13546,#10972,#10973);
#9133=AXIS2_PLACEMENT_3D('',#13549,#10975,#10976);
#9134=AXIS2_PLACEMENT_3D('',#13550,#10977,#10978);
#9135=AXIS2_PLACEMENT_3D('',#13553,#10979,#10980);
#9136=AXIS2_PLACEMENT_3D('',#13556,#10983,#10984);
#9137=AXIS2_PLACEMENT_3D('',#13560,#10987,#10988);
#9138=AXIS2_PLACEMENT_3D('',#13564,#10990,#10991);
#9139=AXIS2_PLACEMENT_3D('',#13566,#10993,#10994);
#9140=AXIS2_PLACEMENT_3D('',#13568,#10996,#10997);
#9141=AXIS2_PLACEMENT_3D('',#13571,#10999,#11000);
#9142=AXIS2_PLACEMENT_3D('',#13572,#11001,#11002);
#9143=AXIS2_PLACEMENT_3D('',#13576,#11005,#11006);
#9144=AXIS2_PLACEMENT_3D('',#13578,#11007,#11008);
#9145=AXIS2_PLACEMENT_3D('',#13580,#11010,#11011);
#9146=AXIS2_PLACEMENT_3D('',#13584,#11013,#11014);
#9147=AXIS2_PLACEMENT_3D('',#13588,#11016,#11017);
#9148=AXIS2_PLACEMENT_3D('',#13592,#11019,#11020);
#9149=AXIS2_PLACEMENT_3D('',#13596,#11022,#11023);
#9150=AXIS2_PLACEMENT_3D('',#13600,#11025,#11026);
#9151=AXIS2_PLACEMENT_3D('',#13604,#11028,#11029);
#9152=AXIS2_PLACEMENT_3D('',#13608,#11031,#11032);
#9153=AXIS2_PLACEMENT_3D('',#13612,#11034,#11035);
#9154=AXIS2_PLACEMENT_3D('',#13614,#11037,#11038);
#9155=AXIS2_PLACEMENT_3D('',#13616,#11040,#11041);
#9156=AXIS2_PLACEMENT_3D('',#13619,#11044,#11045);
#9157=AXIS2_PLACEMENT_3D('',#13621,#11047,#11048);
#9158=AXIS2_PLACEMENT_3D('',#13623,#11050,#11051);
#9159=AXIS2_PLACEMENT_3D('',#13624,#11052,#11053);
#9160=AXIS2_PLACEMENT_3D('',#13626,#11055,#11056);
#9161=AXIS2_PLACEMENT_3D('',#13628,#11058,#11059);
#9162=AXIS2_PLACEMENT_3D('',#13630,#11061,#11062);
#9163=AXIS2_PLACEMENT_3D('',#13632,#11064,#11065);
#9164=AXIS2_PLACEMENT_3D('',#13634,#11067,#11068);
#9165=AXIS2_PLACEMENT_3D('',#13636,#11070,#11071);
#9166=AXIS2_PLACEMENT_3D('',#13639,#11074,#11075);
#9167=AXIS2_PLACEMENT_3D('',#13641,#11077,#11078);
#9168=AXIS2_PLACEMENT_3D('',#13642,#11079,#11080);
#9169=AXIS2_PLACEMENT_3D('',#13645,#11083,#11084);
#9170=AXIS2_PLACEMENT_3D('',#13646,#11085,#11086);
#9171=AXIS2_PLACEMENT_3D('',#13647,#11087,#11088);
#9172=AXIS2_PLACEMENT_3D('',#13648,#11089,#11090);
#9173=AXIS2_PLACEMENT_3D('',#13650,#11091,#11092);
#9174=AXIS2_PLACEMENT_3D('',#13653,#11094,#11095);
#9175=AXIS2_PLACEMENT_3D('',#13654,#11096,#11097);
#9176=AXIS2_PLACEMENT_3D('',#13657,#11098,#11099);
#9177=AXIS2_PLACEMENT_3D('',#13661,#11101,#11102);
#9178=AXIS2_PLACEMENT_3D('',#13665,#11104,#11105);
#9179=AXIS2_PLACEMENT_3D('',#13669,#11107,#11108);
#9180=AXIS2_PLACEMENT_3D('',#13673,#11110,#11111);
#9181=AXIS2_PLACEMENT_3D('',#13677,#11113,#11114);
#9182=AXIS2_PLACEMENT_3D('',#13681,#11116,#11117);
#9183=AXIS2_PLACEMENT_3D('',#13685,#11119,#11120);
#9184=AXIS2_PLACEMENT_3D('',#13689,#11122,#11123);
#9185=AXIS2_PLACEMENT_3D('',#13693,#11125,#11126);
#9186=AXIS2_PLACEMENT_3D('',#13697,#11128,#11129);
#9187=AXIS2_PLACEMENT_3D('',#13701,#11131,#11132);
#9188=AXIS2_PLACEMENT_3D('',#13703,#11134,#11135);
#9189=AXIS2_PLACEMENT_3D('',#13706,#11137,#11138);
#9190=AXIS2_PLACEMENT_3D('',#13707,#11139,#11140);
#9191=AXIS2_PLACEMENT_3D('',#13710,#11141,#11142);
#9192=AXIS2_PLACEMENT_3D('',#13713,#11145,#11146);
#9193=AXIS2_PLACEMENT_3D('',#13717,#11149,#11150);
#9194=AXIS2_PLACEMENT_3D('',#13721,#11152,#11153);
#9195=AXIS2_PLACEMENT_3D('',#13723,#11155,#11156);
#9196=AXIS2_PLACEMENT_3D('',#13725,#11158,#11159);
#9197=AXIS2_PLACEMENT_3D('',#13728,#11161,#11162);
#9198=AXIS2_PLACEMENT_3D('',#13729,#11163,#11164);
#9199=AXIS2_PLACEMENT_3D('',#13733,#11167,#11168);
#9200=AXIS2_PLACEMENT_3D('',#13735,#11169,#11170);
#9201=AXIS2_PLACEMENT_3D('',#13737,#11172,#11173);
#9202=AXIS2_PLACEMENT_3D('',#13741,#11175,#11176);
#9203=AXIS2_PLACEMENT_3D('',#13745,#11178,#11179);
#9204=AXIS2_PLACEMENT_3D('',#13749,#11181,#11182);
#9205=AXIS2_PLACEMENT_3D('',#13753,#11184,#11185);
#9206=AXIS2_PLACEMENT_3D('',#13757,#11187,#11188);
#9207=AXIS2_PLACEMENT_3D('',#13761,#11190,#11191);
#9208=AXIS2_PLACEMENT_3D('',#13765,#11193,#11194);
#9209=AXIS2_PLACEMENT_3D('',#13769,#11196,#11197);
#9210=AXIS2_PLACEMENT_3D('',#13771,#11199,#11200);
#9211=AXIS2_PLACEMENT_3D('',#13773,#11202,#11203);
#9212=AXIS2_PLACEMENT_3D('',#13776,#11206,#11207);
#9213=AXIS2_PLACEMENT_3D('',#13778,#11209,#11210);
#9214=AXIS2_PLACEMENT_3D('',#13780,#11212,#11213);
#9215=AXIS2_PLACEMENT_3D('',#13781,#11214,#11215);
#9216=AXIS2_PLACEMENT_3D('',#13783,#11217,#11218);
#9217=AXIS2_PLACEMENT_3D('',#13785,#11220,#11221);
#9218=AXIS2_PLACEMENT_3D('',#13787,#11223,#11224);
#9219=AXIS2_PLACEMENT_3D('',#13789,#11226,#11227);
#9220=AXIS2_PLACEMENT_3D('',#13791,#11229,#11230);
#9221=AXIS2_PLACEMENT_3D('',#13793,#11232,#11233);
#9222=AXIS2_PLACEMENT_3D('',#13796,#11236,#11237);
#9223=AXIS2_PLACEMENT_3D('',#13798,#11239,#11240);
#9224=AXIS2_PLACEMENT_3D('',#13799,#11241,#11242);
#9225=AXIS2_PLACEMENT_3D('',#13802,#11245,#11246);
#9226=AXIS2_PLACEMENT_3D('',#13803,#11247,#11248);
#9227=AXIS2_PLACEMENT_3D('',#13804,#11249,#11250);
#9228=AXIS2_PLACEMENT_3D('',#13805,#11251,#11252);
#9229=AXIS2_PLACEMENT_3D('',#13810,#11254,#11255);
#9230=AXIS2_PLACEMENT_3D('',#13814,#11257,#11258);
#9231=AXIS2_PLACEMENT_3D('',#13818,#11260,#11261);
#9232=AXIS2_PLACEMENT_3D('',#13821,#11263,#11264);
#9233=AXIS2_PLACEMENT_3D('',#13822,#11265,#11266);
#9234=AXIS2_PLACEMENT_3D('',#13828,#11270,#11271);
#9235=AXIS2_PLACEMENT_3D('',#13831,#11273,#11274);
#9236=AXIS2_PLACEMENT_3D('',#13832,#11275,#11276);
#9237=AXIS2_PLACEMENT_3D('',#13836,#11279,#11280);
#9238=AXIS2_PLACEMENT_3D('',#13839,#11282,#11283);
#9239=AXIS2_PLACEMENT_3D('',#13840,#11284,#11285);
#9240=AXIS2_PLACEMENT_3D('',#13846,#11289,#11290);
#9241=AXIS2_PLACEMENT_3D('',#13847,#11291,#11292);
#9242=AXIS2_PLACEMENT_3D('',#13848,#11293,#11294);
#9243=AXIS2_PLACEMENT_3D('',#13852,#11297,#11298);
#9244=AXIS2_PLACEMENT_3D('',#13854,#11299,#11300);
#9245=AXIS2_PLACEMENT_3D('',#13857,#11302,#11303);
#9246=AXIS2_PLACEMENT_3D('',#13858,#11304,#11305);
#9247=AXIS2_PLACEMENT_3D('',#13859,#11306,#11307);
#9248=AXIS2_PLACEMENT_3D('',#13864,#11309,#11310);
#9249=AXIS2_PLACEMENT_3D('',#13871,#11314,#11315);
#9250=AXIS2_PLACEMENT_3D('',#13872,#11316,#11317);
#9251=AXIS2_PLACEMENT_3D('',#13874,#11318,#11319);
#9252=AXIS2_PLACEMENT_3D('',#13877,#11321,#11322);
#9253=AXIS2_PLACEMENT_3D('',#13878,#11323,#11324);
#9254=AXIS2_PLACEMENT_3D('',#13882,#11327,#11328);
#9255=AXIS2_PLACEMENT_3D('',#13888,#11332,#11333);
#9256=AXIS2_PLACEMENT_3D('',#13890,#11334,#11335);
#9257=AXIS2_PLACEMENT_3D('',#13891,#11336,#11337);
#9258=AXIS2_PLACEMENT_3D('',#13892,#11338,#11339);
#9259=AXIS2_PLACEMENT_3D('',#13904,#11345,#11346);
#9260=AXIS2_PLACEMENT_3D('',#13908,#11348,#11349);
#9261=AXIS2_PLACEMENT_3D('',#13910,#11351,#11352);
#9262=AXIS2_PLACEMENT_3D('',#13914,#11354,#11355);
#9263=AXIS2_PLACEMENT_3D('',#13918,#11357,#11358);
#9264=AXIS2_PLACEMENT_3D('',#13924,#11361,#11362);
#9265=AXIS2_PLACEMENT_3D('',#13927,#11364,#11365);
#9266=AXIS2_PLACEMENT_3D('',#13929,#11366,#11367);
#9267=AXIS2_PLACEMENT_3D('',#13931,#11368,#11369);
#9268=AXIS2_PLACEMENT_3D('',#13933,#11370,#11371);
#9269=AXIS2_PLACEMENT_3D('',#13935,#11372,#11373);
#9270=AXIS2_PLACEMENT_3D('',#13937,#11374,#11375);
#9271=AXIS2_PLACEMENT_3D('',#13939,#11376,#11377);
#9272=AXIS2_PLACEMENT_3D('',#13941,#11378,#11379);
#9273=AXIS2_PLACEMENT_3D('',#13943,#11380,#11381);
#9274=AXIS2_PLACEMENT_3D('',#13944,#11382,#11383);
#9275=AXIS2_PLACEMENT_3D('',#13946,#11384,#11385);
#9276=AXIS2_PLACEMENT_3D('',#13949,#11387,#11388);
#9277=AXIS2_PLACEMENT_3D('',#13950,#11389,#11390);
#9278=AXIS2_PLACEMENT_3D('',#13951,#11391,#11392);
#9279=AXIS2_PLACEMENT_3D('',#13953,#11393,#11394);
#9280=AXIS2_PLACEMENT_3D('',#13960,#11398,#11399);
#9281=AXIS2_PLACEMENT_3D('',#13961,#11400,#11401);
#9282=AXIS2_PLACEMENT_3D('',#13964,#11403,#11404);
#9283=AXIS2_PLACEMENT_3D('',#13965,#11405,#11406);
#9284=AXIS2_PLACEMENT_3D('',#13969,#11409,#11410);
#9285=AXIS2_PLACEMENT_3D('',#13975,#11414,#11415);
#9286=AXIS2_PLACEMENT_3D('',#13976,#11416,#11417);
#9287=AXIS2_PLACEMENT_3D('',#13977,#11418,#11419);
#9288=AXIS2_PLACEMENT_3D('',#13979,#11421,#11422);
#9289=AXIS2_PLACEMENT_3D('',#13981,#11423,#11424);
#9290=AXIS2_PLACEMENT_3D('',#13984,#11426,#11427);
#9291=AXIS2_PLACEMENT_3D('',#13985,#11428,#11429);
#9292=AXIS2_PLACEMENT_3D('',#13986,#11430,#11431);
#9293=AXIS2_PLACEMENT_3D('',#13991,#11433,#11434);
#9294=AXIS2_PLACEMENT_3D('',#13998,#11438,#11439);
#9295=AXIS2_PLACEMENT_3D('',#13999,#11440,#11441);
#9296=AXIS2_PLACEMENT_3D('',#14001,#11442,#11443);
#9297=AXIS2_PLACEMENT_3D('',#14004,#11445,#11446);
#9298=AXIS2_PLACEMENT_3D('',#14005,#11447,#11448);
#9299=AXIS2_PLACEMENT_3D('',#14007,#11449,#11450);
#9300=AXIS2_PLACEMENT_3D('',#14009,#11451,#11452);
#9301=AXIS2_PLACEMENT_3D('',#14011,#11454,#11455);
#9302=AXIS2_PLACEMENT_3D('',#14015,#11458,#11459);
#9303=AXIS2_PLACEMENT_3D('',#14019,#11462,#11463);
#9304=AXIS2_PLACEMENT_3D('',#14023,#11465,#11466);
#9305=AXIS2_PLACEMENT_3D('',#14027,#11468,#11469);
#9306=AXIS2_PLACEMENT_3D('',#14039,#11476,#11477);
#9307=AXIS2_PLACEMENT_3D('',#14044,#11480,#11481);
#9308=AXIS2_PLACEMENT_3D('',#14045,#11482,#11483);
#9309=AXIS2_PLACEMENT_3D('',#14047,#11484,#11485);
#9310=AXIS2_PLACEMENT_3D('',#14050,#11487,#11488);
#9311=AXIS2_PLACEMENT_3D('',#14051,#11489,#11490);
#9312=AXIS2_PLACEMENT_3D('',#14052,#11491,#11492);
#9313=AXIS2_PLACEMENT_3D('',#14054,#11493,#11494);
#9314=AXIS2_PLACEMENT_3D('',#14061,#11498,#11499);
#9315=AXIS2_PLACEMENT_3D('',#14062,#11500,#11501);
#9316=AXIS2_PLACEMENT_3D('',#14065,#11503,#11504);
#9317=AXIS2_PLACEMENT_3D('',#14066,#11505,#11506);
#9318=AXIS2_PLACEMENT_3D('',#14068,#11508,#11509);
#9319=AXIS2_PLACEMENT_3D('',#14070,#11511,#11512);
#9320=AXIS2_PLACEMENT_3D('',#14074,#11515,#11516);
#9321=AXIS2_PLACEMENT_3D('',#14078,#11518,#11519);
#9322=AXIS2_PLACEMENT_3D('',#14084,#11522,#11523);
#9323=AXIS2_PLACEMENT_3D('',#14087,#11525,#11526);
#9324=AXIS2_PLACEMENT_3D('',#14088,#11527,#11528);
#9325=AXIS2_PLACEMENT_3D('',#14090,#11529,#11530);
#9326=AXIS2_PLACEMENT_3D('',#14093,#11532,#11533);
#9327=AXIS2_PLACEMENT_3D('',#14094,#11534,#11535);
#9328=AXIS2_PLACEMENT_3D('',#14095,#11536,#11537);
#9329=AXIS2_PLACEMENT_3D('',#14097,#11538,#11539);
#9330=AXIS2_PLACEMENT_3D('',#14100,#11541,#11542);
#9331=AXIS2_PLACEMENT_3D('',#14101,#11543,#11544);
#9332=AXIS2_PLACEMENT_3D('',#14102,#11545,#11546);
#9333=AXIS2_PLACEMENT_3D('',#14107,#11548,#11549);
#9334=AXIS2_PLACEMENT_3D('',#14114,#11553,#11554);
#9335=AXIS2_PLACEMENT_3D('',#14115,#11555,#11556);
#9336=AXIS2_PLACEMENT_3D('',#14117,#11557,#11558);
#9337=AXIS2_PLACEMENT_3D('',#14120,#11560,#11561);
#9338=AXIS2_PLACEMENT_3D('',#14121,#11562,#11563);
#9339=AXIS2_PLACEMENT_3D('',#14125,#11566,#11567);
#9340=AXIS2_PLACEMENT_3D('',#14131,#11571,#11572);
#9341=AXIS2_PLACEMENT_3D('',#14133,#11573,#11574);
#9342=AXIS2_PLACEMENT_3D('',#14134,#11575,#11576);
#9343=AXIS2_PLACEMENT_3D('',#14135,#11577,#11578);
#9344=AXIS2_PLACEMENT_3D('',#14140,#11580,#11581);
#9345=AXIS2_PLACEMENT_3D('',#14147,#11585,#11586);
#9346=AXIS2_PLACEMENT_3D('',#14148,#11587,#11588);
#9347=AXIS2_PLACEMENT_3D('',#14150,#11589,#11590);
#9348=AXIS2_PLACEMENT_3D('',#14153,#11592,#11593);
#9349=AXIS2_PLACEMENT_3D('',#14154,#11594,#11595);
#9350=AXIS2_PLACEMENT_3D('',#14158,#11598,#11599);
#9351=AXIS2_PLACEMENT_3D('',#14161,#11602,#11603);
#9352=AXIS2_PLACEMENT_3D('',#14162,#11604,#11605);
#9353=AXIS2_PLACEMENT_3D('',#14163,#11606,#11607);
#9354=AXIS2_PLACEMENT_3D('',#14174,#11614,#11615);
#9355=AXIS2_PLACEMENT_3D('',#14178,#11617,#11618);
#9356=AXIS2_PLACEMENT_3D('',#14183,#11621,#11622);
#9357=AXIS2_PLACEMENT_3D('',#14185,#11624,#11625);
#9358=AXIS2_PLACEMENT_3D('',#14187,#11626,#11627);
#9359=AXIS2_PLACEMENT_3D('',#14191,#11629,#11630);
#9360=AXIS2_PLACEMENT_3D('',#14197,#11633,#11634);
#9361=AXIS2_PLACEMENT_3D('',#14199,#11636,#11637);
#9362=AXIS2_PLACEMENT_3D('',#14201,#11638,#11639);
#9363=AXIS2_PLACEMENT_3D('',#14204,#11641,#11642);
#9364=AXIS2_PLACEMENT_3D('',#14205,#11643,#11644);
#9365=AXIS2_PLACEMENT_3D('',#14206,#11645,#11646);
#9366=AXIS2_PLACEMENT_3D('',#14208,#11647,#11648);
#9367=AXIS2_PLACEMENT_3D('',#14211,#11650,#11651);
#9368=AXIS2_PLACEMENT_3D('',#14212,#11652,#11653);
#9369=AXIS2_PLACEMENT_3D('',#14213,#11654,#11655);
#9370=AXIS2_PLACEMENT_3D('',#14218,#11657,#11658);
#9371=AXIS2_PLACEMENT_3D('',#14225,#11662,#11663);
#9372=AXIS2_PLACEMENT_3D('',#14226,#11664,#11665);
#9373=AXIS2_PLACEMENT_3D('',#14227,#11666,#11667);
#9374=AXIS2_PLACEMENT_3D('',#14229,#11669,#11670);
#9375=AXIS2_PLACEMENT_3D('',#14231,#11671,#11672);
#9376=AXIS2_PLACEMENT_3D('',#14233,#11673,#11674);
#9377=AXIS2_PLACEMENT_3D('',#14235,#11676,#11677);
#9378=AXIS2_PLACEMENT_3D('',#14239,#11680,#11681);
#9379=AXIS2_PLACEMENT_3D('',#14241,#11683,#11684);
#9380=AXIS2_PLACEMENT_3D('',#14246,#11686,#11687);
#9381=AXIS2_PLACEMENT_3D('',#14253,#11691,#11692);
#9382=AXIS2_PLACEMENT_3D('',#14254,#11693,#11694);
#9383=AXIS2_PLACEMENT_3D('',#14256,#11695,#11696);
#9384=AXIS2_PLACEMENT_3D('',#14259,#11698,#11699);
#9385=AXIS2_PLACEMENT_3D('',#14260,#11700,#11701);
#9386=AXIS2_PLACEMENT_3D('',#14261,#11702,#11703);
#9387=AXIS2_PLACEMENT_3D('',#14263,#11705,#11706);
#9388=AXIS2_PLACEMENT_3D('',#14265,#11708,#11709);
#9389=AXIS2_PLACEMENT_3D('',#14269,#11712,#11713);
#9390=AXIS2_PLACEMENT_3D('',#14271,#11715,#11716);
#9391=AXIS2_PLACEMENT_3D('',#14274,#11719,#11720);
#9392=AXIS2_PLACEMENT_3D('',#14280,#11724,#11725);
#9393=AXIS2_PLACEMENT_3D('',#14283,#11726,#11727);
#9394=AXIS2_PLACEMENT_3D('',#14286,#11730,#11731);
#9395=AXIS2_PLACEMENT_3D('',#14290,#11733,#11734);
#9396=AXIS2_PLACEMENT_3D('',#14294,#11736,#11737);
#9397=AXIS2_PLACEMENT_3D('',#14298,#11739,#11740);
#9398=AXIS2_PLACEMENT_3D('',#14302,#11742,#11743);
#9399=AXIS2_PLACEMENT_3D('',#14314,#11750,#11751);
#9400=AXIS2_PLACEMENT_3D('',#14316,#11753,#11754);
#9401=AXIS2_PLACEMENT_3D('',#14318,#11756,#11757);
#9402=AXIS2_PLACEMENT_3D('',#14327,#11762,#11763);
#9403=AXIS2_PLACEMENT_3D('',#14328,#11764,#11765);
#9404=AXIS2_PLACEMENT_3D('',#14332,#11767,#11768);
#9405=AXIS2_PLACEMENT_3D('',#14335,#11770,#11771);
#9406=AXIS2_PLACEMENT_3D('',#14338,#11773,#11774);
#9407=AXIS2_PLACEMENT_3D('',#14339,#11775,#11776);
#9408=AXIS2_PLACEMENT_3D('',#14341,#11778,#11779);
#9409=AXIS2_PLACEMENT_3D('',#14343,#11781,#11782);
#9410=AXIS2_PLACEMENT_3D('',#14344,#11783,#11784);
#9411=AXIS2_PLACEMENT_3D('',#14350,#11788,#11789);
#9412=AXIS2_PLACEMENT_3D('',#14351,#11790,#11791);
#9413=AXIS2_PLACEMENT_3D('',#14352,#11792,#11793);
#9414=AXIS2_PLACEMENT_3D('',#14353,#11794,#11795);
#9415=AXIS2_PLACEMENT_3D('',#14354,#11796,#11797);
#9416=AXIS2_PLACEMENT_3D('',#14355,#11798,#11799);
#9417=AXIS2_PLACEMENT_3D('',#14356,#11800,#11801);
#9418=AXIS2_PLACEMENT_3D('',#14359,#11803,#11804);
#9419=AXIS2_PLACEMENT_3D('',#14360,#11805,#11806);
#9420=AXIS2_PLACEMENT_3D('',#14361,#11807,#11808);
#9421=AXIS2_PLACEMENT_3D('',#14364,#11810,#11811);
#9422=AXIS2_PLACEMENT_3D('',#14365,#11812,#11813);
#9423=AXIS2_PLACEMENT_3D('',#14366,#11814,#11815);
#9424=AXIS2_PLACEMENT_3D('',#14369,#11817,#11818);
#9425=AXIS2_PLACEMENT_3D('',#14370,#11819,#11820);
#9426=AXIS2_PLACEMENT_3D('',#14371,#11821,#11822);
#9427=AXIS2_PLACEMENT_3D('',#14374,#11824,#11825);
#9428=AXIS2_PLACEMENT_3D('',#14375,#11826,#11827);
#9429=AXIS2_PLACEMENT_3D('',#14376,#11828,#11829);
#9430=AXIS2_PLACEMENT_3D('',#14379,#11831,#11832);
#9431=AXIS2_PLACEMENT_3D('',#14380,#11833,#11834);
#9432=AXIS2_PLACEMENT_3D('',#14381,#11835,#11836);
#9433=AXIS2_PLACEMENT_3D('',#14384,#11838,#11839);
#9434=AXIS2_PLACEMENT_3D('',#14385,#11840,#11841);
#9435=AXIS2_PLACEMENT_3D('',#14386,#11842,#11843);
#9436=AXIS2_PLACEMENT_3D('',#14389,#11845,#11846);
#9437=AXIS2_PLACEMENT_3D('',#14390,#11847,#11848);
#9438=AXIS2_PLACEMENT_3D('',#14391,#11849,#11850);
#9439=AXIS2_PLACEMENT_3D('',#14394,#11852,#11853);
#9440=AXIS2_PLACEMENT_3D('',#14395,#11854,#11855);
#9441=AXIS2_PLACEMENT_3D('',#14396,#11856,#11857);
#9442=AXIS2_PLACEMENT_3D('',#14402,#11861,#11862);
#9443=AXIS2_PLACEMENT_3D('',#14406,#11865,#11866);
#9444=AXIS2_PLACEMENT_3D('',#14410,#11869,#11870);
#9445=AXIS2_PLACEMENT_3D('',#14414,#11873,#11874);
#9446=AXIS2_PLACEMENT_3D('',#14416,#11876,#11877);
#9447=AXIS2_PLACEMENT_3D('',#14419,#11880,#11881);
#9448=AXIS2_PLACEMENT_3D('',#14421,#11883,#11884);
#9449=AXIS2_PLACEMENT_3D('',#14451,#11885,#11886);
#9450=AXIS2_PLACEMENT_3D('',#14453,#11887,#11888);
#9451=AXIS2_PLACEMENT_3D('',#14454,#11889,#11890);
#9452=AXIS2_PLACEMENT_3D('',#14455,#11891,#11892);
#9453=AXIS2_PLACEMENT_3D('',#14457,#11893,#11894);
#9454=AXIS2_PLACEMENT_3D('',#14459,#11895,#11896);
#9455=AXIS2_PLACEMENT_3D('',#14460,#11897,#11898);
#9456=AXIS2_PLACEMENT_3D('',#14463,#11900,#11901);
#9457=AXIS2_PLACEMENT_3D('',#14464,#11902,#11903);
#9458=AXIS2_PLACEMENT_3D('',#14465,#11904,#11905);
#9459=AXIS2_PLACEMENT_3D('',#14467,#11907,#11908);
#9460=AXIS2_PLACEMENT_3D('',#14469,#11910,#11911);
#9461=AXIS2_PLACEMENT_3D('',#14471,#11913,#11914);
#9462=AXIS2_PLACEMENT_3D('',#14473,#11916,#11917);
#9463=AXIS2_PLACEMENT_3D('',#14474,#11918,#11919);
#9464=AXIS2_PLACEMENT_3D('',#14475,#11920,#11921);
#9465=AXIS2_PLACEMENT_3D('',#14476,#11922,#11923);
#9466=AXIS2_PLACEMENT_3D('',#14477,#11924,#11925);
#9467=AXIS2_PLACEMENT_3D('',#14478,#11926,#11927);
#9468=AXIS2_PLACEMENT_3D('',#14479,#11928,#11929);
#9469=AXIS2_PLACEMENT_3D('',#14480,#11930,#11931);
#9470=AXIS2_PLACEMENT_3D('',#14484,#11933,#11934);
#9471=AXIS2_PLACEMENT_3D('',#14486,#11936,#11937);
#9472=AXIS2_PLACEMENT_3D('',#14490,#11940,#11941);
#9473=AXIS2_PLACEMENT_3D('',#14493,#11943,#11944);
#9474=AXIS2_PLACEMENT_3D('',#14494,#11945,#11946);
#9475=AXIS2_PLACEMENT_3D('',#14498,#11949,#11950);
#9476=AXIS2_PLACEMENT_3D('',#14501,#11952,#11953);
#9477=AXIS2_PLACEMENT_3D('',#14502,#11954,#11955);
#9478=AXIS2_PLACEMENT_3D('',#14506,#11958,#11959);
#9479=AXIS2_PLACEMENT_3D('',#14509,#11961,#11962);
#9480=AXIS2_PLACEMENT_3D('',#14510,#11963,#11964);
#9481=AXIS2_PLACEMENT_3D('',#14512,#11966,#11967);
#9482=AXIS2_PLACEMENT_3D('',#14513,#11968,#11969);
#9483=AXIS2_PLACEMENT_3D('',#14514,#11970,#11971);
#9484=AXIS2_PLACEMENT_3D('',#14515,#11972,#11973);
#9485=AXIS2_PLACEMENT_3D('',#14524,#11978,#11979);
#9486=AXIS2_PLACEMENT_3D('',#14530,#11983,#11984);
#9487=AXIS2_PLACEMENT_3D('',#14536,#11988,#11989);
#9488=AXIS2_PLACEMENT_3D('',#14542,#11993,#11994);
#9489=AXIS2_PLACEMENT_3D('',#14548,#11998,#11999);
#9490=AXIS2_PLACEMENT_3D('',#14554,#12003,#12004);
#9491=AXIS2_PLACEMENT_3D('',#14560,#12008,#12009);
#9492=AXIS2_PLACEMENT_3D('',#14563,#12012,#12013);
#9493=AXIS2_PLACEMENT_3D('',#14564,#12014,#12015);
#9494=AXIS2_PLACEMENT_3D('',#14565,#12016,#12017);
#9495=AXIS2_PLACEMENT_3D('',#14574,#12022,#12023);
#9496=AXIS2_PLACEMENT_3D('',#14578,#12025,#12026);
#9497=AXIS2_PLACEMENT_3D('',#14579,#12027,#12028);
#9498=AXIS2_PLACEMENT_3D('',#14580,#12029,#12030);
#9499=AXIS2_PLACEMENT_3D('',#14586,#12034,#12035);
#9500=AXIS2_PLACEMENT_3D('',#14590,#12037,#12038);
#9501=AXIS2_PLACEMENT_3D('',#14591,#12039,#12040);
#9502=AXIS2_PLACEMENT_3D('',#14592,#12041,#12042);
#9503=AXIS2_PLACEMENT_3D('',#14598,#12046,#12047);
#9504=AXIS2_PLACEMENT_3D('',#14602,#12049,#12050);
#9505=AXIS2_PLACEMENT_3D('',#14603,#12051,#12052);
#9506=AXIS2_PLACEMENT_3D('',#14604,#12053,#12054);
#9507=AXIS2_PLACEMENT_3D('',#14610,#12058,#12059);
#9508=AXIS2_PLACEMENT_3D('',#14611,#12060,#12061);
#9509=AXIS2_PLACEMENT_3D('',#14612,#12062,#12063);
#9510=AXIS2_PLACEMENT_3D('',#14613,#12064,#12065);
#9511=AXIS2_PLACEMENT_3D('',#14617,#12067,#12068);
#9512=AXIS2_PLACEMENT_3D('',#14619,#12070,#12071);
#9513=AXIS2_PLACEMENT_3D('',#14623,#12074,#12075);
#9514=AXIS2_PLACEMENT_3D('',#14626,#12077,#12078);
#9515=AXIS2_PLACEMENT_3D('',#14627,#12079,#12080);
#9516=AXIS2_PLACEMENT_3D('',#14631,#12083,#12084);
#9517=AXIS2_PLACEMENT_3D('',#14632,#12085,#12086);
#9518=AXIS2_PLACEMENT_3D('',#14635,#12088,#12089);
#9519=AXIS2_PLACEMENT_3D('',#14636,#12090,#12091);
#9520=AXIS2_PLACEMENT_3D('',#14640,#12094,#12095);
#9521=AXIS2_PLACEMENT_3D('',#14643,#12097,#12098);
#9522=AXIS2_PLACEMENT_3D('',#14644,#12099,#12100);
#9523=AXIS2_PLACEMENT_3D('',#14646,#12102,#12103);
#9524=DIRECTION('axis',(0.,0.,1.));
#9525=DIRECTION('refdir',(1.,0.,0.));
#9526=DIRECTION('center_axis',(0.,-1.,6.67731210866067E-15));
#9527=DIRECTION('ref_axis',(0.,6.67731210866067E-15,1.));
#9528=DIRECTION('',(0.,6.67731210866067E-15,1.));
#9529=DIRECTION('',(-1.,0.,0.));
#9530=DIRECTION('',(0.,6.67731210866067E-15,1.));
#9531=DIRECTION('',(-1.,0.,0.));
#9532=DIRECTION('center_axis',(0.,0.499999999999993,-0.866025403784442));
#9533=DIRECTION('ref_axis',(0.,-0.866025403784442,-0.499999999999993));
#9534=DIRECTION('',(0.,-0.866025403784442,-0.499999999999993));
#9535=DIRECTION('',(-1.,0.,0.));
#9536=DIRECTION('',(0.,-0.866025403784442,-0.499999999999993));
#9537=DIRECTION('center_axis',(0.,0.500000000000003,0.866025403784437));
#9538=DIRECTION('ref_axis',(0.,0.866025403784437,-0.500000000000003));
#9539=DIRECTION('',(0.,0.866025403784437,-0.500000000000003));
#9540=DIRECTION('',(0.,0.866025403784437,-0.500000000000003));
#9541=DIRECTION('center_axis',(-1.,0.,0.));
#9542=DIRECTION('ref_axis',(0.,0.,1.));
#9543=DIRECTION('center_axis',(0.,1.,0.));
#9544=DIRECTION('ref_axis',(-0.630000000000002,0.,-0.776595132614156));
#9545=DIRECTION('center_axis',(0.,1.,0.));
#9546=DIRECTION('ref_axis',(-0.630000000000002,0.,-0.776595132614156));
#9547=DIRECTION('',(0.,-1.,0.));
#9548=DIRECTION('center_axis',(0.,-0.707106781186545,0.70710678118655));
#9549=DIRECTION('ref_axis',(0.,-0.70710678118655,-0.707106781186545));
#9550=DIRECTION('',(0.,-1.,0.));
#9551=DIRECTION('center_axis',(0.,0.,-1.));
#9552=DIRECTION('ref_axis',(-0.630000000000001,-0.776595132614156,0.));
#9553=DIRECTION('',(0.,0.,1.));
#9554=DIRECTION('center_axis',(0.,0.707106781186545,0.70710678118655));
#9555=DIRECTION('ref_axis',(0.,-0.70710678118655,0.707106781186545));
#9556=DIRECTION('',(0.,0.,1.));
#9557=DIRECTION('center_axis',(0.,-1.,0.));
#9558=DIRECTION('ref_axis',(-0.630000000000002,0.,0.776595132614156));
#9559=DIRECTION('center_axis',(0.,1.,0.));
#9560=DIRECTION('ref_axis',(-0.630000000000002,0.,0.776595132614156));
#9561=DIRECTION('',(0.,1.,0.));
#9562=DIRECTION('',(0.,1.,0.));
#9563=DIRECTION('center_axis',(0.,0.,1.));
#9564=DIRECTION('ref_axis',(0.,1.,0.));
#9565=DIRECTION('',(-1.,0.,0.));
#9566=DIRECTION('',(0.,1.,0.));
#9567=DIRECTION('',(-1.,0.,0.));
#9568=DIRECTION('',(0.,1.,0.));
#9569=DIRECTION('center_axis',(1.,0.,0.));
#9570=DIRECTION('ref_axis',(0.,0.,-1.));
#9571=DIRECTION('',(0.,0.,1.));
#9572=DIRECTION('center_axis',(1.,0.,0.));
#9573=DIRECTION('ref_axis',(0.,-0.707106781186552,-0.707106781186543));
#9574=DIRECTION('center_axis',(-1.,0.,0.));
#9575=DIRECTION('ref_axis',(0.,-0.707106781186552,-0.707106781186543));
#9576=DIRECTION('',(-1.,0.,0.));
#9577=DIRECTION('center_axis',(-1.,0.,0.));
#9578=DIRECTION('ref_axis',(0.,-0.707106781186552,-0.707106781186543));
#9579=DIRECTION('',(1.,0.,0.));
#9580=DIRECTION('center_axis',(0.,-1.,0.));
#9581=DIRECTION('ref_axis',(0.,0.,-1.));
#9582=DIRECTION('',(0.,0.,-1.));
#9583=DIRECTION('',(1.,0.,0.));
#9584=DIRECTION('',(0.,0.,1.));
#9585=DIRECTION('center_axis',(1.,0.,0.));
#9586=DIRECTION('ref_axis',(0.,0.,-1.));
#9587=DIRECTION('',(0.,1.,0.));
#9588=DIRECTION('center_axis',(-1.,0.,0.));
#9589=DIRECTION('ref_axis',(0.,0.707106781186552,-0.707106781186543));
#9590=DIRECTION('',(0.,0.,1.));
#9591=DIRECTION('center_axis',(-1.,0.,0.));
#9592=DIRECTION('ref_axis',(0.,0.707106781186552,0.707106781186543));
#9593=DIRECTION('',(0.,-1.,0.));
#9594=DIRECTION('center_axis',(-1.,0.,0.));
#9595=DIRECTION('ref_axis',(0.,-0.707106781186552,0.707106781186543));
#9596=DIRECTION('center_axis',(1.,0.,0.));
#9597=DIRECTION('ref_axis',(0.,-0.707106781186552,0.707106781186543));
#9598=DIRECTION('',(-1.,0.,0.));
#9599=DIRECTION('center_axis',(-1.,0.,0.));
#9600=DIRECTION('ref_axis',(0.,-0.707106781186552,0.707106781186543));
#9601=DIRECTION('center_axis',(0.,0.,1.));
#9602=DIRECTION('ref_axis',(0.,-1.,0.));
#9603=DIRECTION('',(1.,0.,0.));
#9604=DIRECTION('',(0.,1.,0.));
#9605=DIRECTION('center_axis',(1.,0.,0.));
#9606=DIRECTION('ref_axis',(0.,0.707106781186552,-0.707106781186543));
#9607=DIRECTION('',(-1.,0.,0.));
#9608=DIRECTION('center_axis',(-1.,0.,0.));
#9609=DIRECTION('ref_axis',(0.,0.707106781186552,-0.707106781186543));
#9610=DIRECTION('',(1.,0.,0.));
#9611=DIRECTION('center_axis',(0.,0.,-1.));
#9612=DIRECTION('ref_axis',(0.,1.,0.));
#9613=DIRECTION('',(0.,-1.,0.));
#9614=DIRECTION('center_axis',(1.,0.,0.));
#9615=DIRECTION('ref_axis',(0.,0.707106781186552,0.707106781186543));
#9616=DIRECTION('',(-1.,0.,0.));
#9617=DIRECTION('center_axis',(-1.,0.,0.));
#9618=DIRECTION('ref_axis',(0.,0.707106781186552,0.707106781186543));
#9619=DIRECTION('center_axis',(0.,1.,0.));
#9620=DIRECTION('ref_axis',(0.,0.,1.));
#9621=DIRECTION('',(0.,0.,-1.));
#9622=DIRECTION('center_axis',(0.,1.,0.));
#9623=DIRECTION('ref_axis',(0.,0.,1.));
#9624=DIRECTION('',(0.,0.,-1.));
#9625=DIRECTION('',(1.,0.,0.));
#9626=DIRECTION('center_axis',(-1.,0.,0.));
#9627=DIRECTION('ref_axis',(0.,0.,1.));
#9628=DIRECTION('',(0.,-1.,0.));
#9629=DIRECTION('',(0.,0.,-1.));
#9630=DIRECTION('center_axis',(0.,1.,0.));
#9631=DIRECTION('ref_axis',(0.,0.,-1.));
#9632=DIRECTION('',(0.,0.,-1.));
#9633=DIRECTION('',(-1.,0.,0.));
#9634=DIRECTION('center_axis',(0.,0.,-1.));
#9635=DIRECTION('ref_axis',(0.,-1.,0.));
#9636=DIRECTION('',(0.,-1.,0.));
#9637=DIRECTION('center_axis',(0.,-1.94775969232484E-16,1.));
#9638=DIRECTION('ref_axis',(0.,-1.,-1.94775969232484E-16));
#9639=DIRECTION('',(0.,1.,0.));
#9640=DIRECTION('',(1.,0.,0.));
#9641=DIRECTION('',(0.,-1.,-1.94775969232484E-16));
#9642=DIRECTION('',(1.,0.,0.));
#9643=DIRECTION('center_axis',(0.,-1.,0.));
#9644=DIRECTION('ref_axis',(0.,0.,-1.));
#9645=DIRECTION('',(0.,0.,1.));
#9646=DIRECTION('',(-1.,0.,0.));
#9647=DIRECTION('',(1.,0.,0.));
#9648=DIRECTION('',(0.,0.,-1.));
#9649=DIRECTION('',(1.,0.,0.));
#9650=DIRECTION('center_axis',(0.,0.,-1.));
#9651=DIRECTION('ref_axis',(0.,1.,0.));
#9652=DIRECTION('',(0.,-1.,0.));
#9653=DIRECTION('',(1.,0.,0.));
#9654=DIRECTION('',(0.,1.,0.));
#9655=DIRECTION('center_axis',(1.,0.,0.));
#9656=DIRECTION('ref_axis',(0.,0.,-1.));
#9657=DIRECTION('',(0.,0.,1.));
#9658=DIRECTION('center_axis',(0.,0.,-1.));
#9659=DIRECTION('ref_axis',(0.,-1.,0.));
#9660=DIRECTION('',(0.,-1.,0.));
#9661=DIRECTION('',(1.,0.,0.));
#9662=DIRECTION('',(0.,-1.,0.));
#9663=DIRECTION('center_axis',(0.,0.,1.));
#9664=DIRECTION('ref_axis',(-1.,0.,0.));
#9665=DIRECTION('center_axis',(0.,0.,1.));
#9666=DIRECTION('ref_axis',(-1.,0.,0.));
#9667=DIRECTION('',(0.,0.,-1.));
#9668=DIRECTION('center_axis',(0.,0.,-1.));
#9669=DIRECTION('ref_axis',(-1.,0.,0.));
#9670=DIRECTION('center_axis',(0.,0.,-1.));
#9671=DIRECTION('ref_axis',(0.,-1.,0.));
#9672=DIRECTION('',(0.,-1.,0.));
#9673=DIRECTION('',(-1.,0.,0.));
#9674=DIRECTION('',(0.,1.,0.));
#9675=DIRECTION('',(-1.,0.,0.));
#9676=DIRECTION('center_axis',(0.,1.,0.));
#9677=DIRECTION('ref_axis',(0.,0.,-1.));
#9678=DIRECTION('',(0.,0.,-1.));
#9679=DIRECTION('',(0.,0.,-1.));
#9680=DIRECTION('',(-1.,0.,0.));
#9681=DIRECTION('center_axis',(0.,0.,1.));
#9682=DIRECTION('ref_axis',(0.,1.,0.));
#9683=DIRECTION('',(0.,1.,0.));
#9684=DIRECTION('',(0.,1.,0.));
#9685=DIRECTION('',(-1.,0.,0.));
#9686=DIRECTION('center_axis',(1.,0.,0.));
#9687=DIRECTION('ref_axis',(0.,1.,0.));
#9688=DIRECTION('',(0.,0.,-1.));
#9689=DIRECTION('center_axis',(-1.,0.,0.));
#9690=DIRECTION('ref_axis',(0.,0.,1.));
#9691=DIRECTION('',(0.,1.,-1.20851562912753E-16));
#9692=DIRECTION('',(0.,0.,-1.));
#9693=DIRECTION('',(0.,-1.,0.));
#9694=DIRECTION('',(0.,0.,1.));
#9695=DIRECTION('center_axis',(0.,1.20851562912753E-16,1.));
#9696=DIRECTION('ref_axis',(0.,1.,-1.20851562912753E-16));
#9697=DIRECTION('',(0.,1.,0.));
#9698=DIRECTION('',(-1.,0.,0.));
#9699=DIRECTION('',(0.,-1.,1.20851562912753E-16));
#9700=DIRECTION('',(-1.,0.,0.));
#9701=DIRECTION('center_axis',(0.,0.,-1.));
#9702=DIRECTION('ref_axis',(0.,-1.,0.));
#9703=DIRECTION('',(0.,1.,0.));
#9704=DIRECTION('',(-1.,0.,0.));
#9705=DIRECTION('',(-1.,0.,0.));
#9706=DIRECTION('center_axis',(0.,1.,0.));
#9707=DIRECTION('ref_axis',(0.,0.,-1.));
#9708=DIRECTION('',(0.,0.,1.));
#9709=DIRECTION('',(-1.,0.,0.));
#9710=DIRECTION('center_axis',(1.,0.,0.));
#9711=DIRECTION('ref_axis',(0.,1.,0.));
#9712=DIRECTION('',(0.,0.,-1.));
#9713=DIRECTION('center_axis',(0.,1.20851562912753E-16,1.));
#9714=DIRECTION('ref_axis',(0.,1.,-1.20851562912753E-16));
#9715=DIRECTION('',(0.,1.,0.));
#9716=DIRECTION('center_axis',(0.,-1.,0.));
#9717=DIRECTION('ref_axis',(0.,0.,-1.));
#9718=DIRECTION('',(0.,0.,1.));
#9719=DIRECTION('',(1.,0.,0.));
#9720=DIRECTION('',(0.,0.,1.));
#9721=DIRECTION('center_axis',(0.,-1.,0.));
#9722=DIRECTION('ref_axis',(-3.7007434154172E-16,0.,1.));
#9723=DIRECTION('',(-1.,0.,5.12410626750072E-16));
#9724=DIRECTION('center_axis',(0.,-1.,0.));
#9725=DIRECTION('ref_axis',(-1.,0.,1.11022302462516E-15));
#9726=DIRECTION('',(-1.70803542250024E-16,0.,-1.));
#9727=DIRECTION('',(1.,0.,0.));
#9728=DIRECTION('',(0.,0.,-1.));
#9729=DIRECTION('',(-1.,0.,0.));
#9730=DIRECTION('',(-1.70803542250024E-16,0.,-1.));
#9731=DIRECTION('',(1.,0.,0.));
#9732=DIRECTION('',(0.,0.,-1.));
#9733=DIRECTION('',(-1.,0.,0.));
#9734=DIRECTION('',(-1.70803542250024E-16,0.,-1.));
#9735=DIRECTION('center_axis',(0.,-1.,0.));
#9736=DIRECTION('ref_axis',(0.,0.,-1.));
#9737=DIRECTION('',(1.,0.,-1.70803542250024E-16));
#9738=DIRECTION('center_axis',(0.,-1.,0.));
#9739=DIRECTION('ref_axis',(1.,0.,0.));
#9740=DIRECTION('',(0.,0.,1.));
#9741=DIRECTION('',(-1.,0.,0.));
#9742=DIRECTION('',(0.,0.,1.));
#9743=DIRECTION('center_axis',(0.,0.,1.));
#9744=DIRECTION('ref_axis',(0.,1.,0.));
#9745=DIRECTION('',(0.,-1.,0.));
#9746=DIRECTION('',(1.,0.,0.));
#9747=DIRECTION('',(0.,1.,0.));
#9748=DIRECTION('center_axis',(1.,0.,0.));
#9749=DIRECTION('ref_axis',(0.,0.,-1.));
#9750=DIRECTION('',(0.,0.,-1.));
#9751=DIRECTION('center_axis',(0.,0.,-1.));
#9752=DIRECTION('ref_axis',(0.,-1.,0.));
#9753=DIRECTION('',(0.,1.,0.));
#9754=DIRECTION('',(0.,-1.,0.));
#9755=DIRECTION('',(-1.,0.,0.));
#9756=DIRECTION('center_axis',(1.,0.,0.));
#9757=DIRECTION('ref_axis',(0.,0.,-1.));
#9758=DIRECTION('',(0.,0.,-1.));
#9759=DIRECTION('center_axis',(1.,0.,0.));
#9760=DIRECTION('ref_axis',(0.,0.,-1.));
#9761=DIRECTION('',(0.,0.,1.));
#9762=DIRECTION('',(0.,1.,0.));
#9763=DIRECTION('center_axis',(0.,0.,-1.));
#9764=DIRECTION('ref_axis',(0.,1.,0.));
#9765=DIRECTION('',(0.,1.,0.));
#9766=DIRECTION('',(0.,1.,0.));
#9767=DIRECTION('',(1.,0.,0.));
#9768=DIRECTION('center_axis',(0.,0.,1.));
#9769=DIRECTION('ref_axis',(0.,-1.,0.));
#9770=DIRECTION('',(0.,-1.,0.));
#9771=DIRECTION('',(-1.,0.,0.));
#9772=DIRECTION('',(0.,-1.,0.));
#9773=DIRECTION('center_axis',(1.,0.,0.));
#9774=DIRECTION('ref_axis',(0.,0.,-1.));
#9775=DIRECTION('',(0.,0.,1.));
#9776=DIRECTION('center_axis',(0.,0.,-1.));
#9777=DIRECTION('ref_axis',(0.,1.,0.));
#9778=DIRECTION('',(0.,1.,0.));
#9779=DIRECTION('',(0.,1.,0.));
#9780=DIRECTION('',(1.,0.,0.));
#9781=DIRECTION('center_axis',(0.,0.,1.));
#9782=DIRECTION('ref_axis',(0.,-1.,0.));
#9783=DIRECTION('',(0.,-1.,0.));
#9784=DIRECTION('',(-1.,0.,0.));
#9785=DIRECTION('',(0.,-1.,0.));
#9786=DIRECTION('center_axis',(1.,0.,0.));
#9787=DIRECTION('ref_axis',(0.,0.,-1.));
#9788=DIRECTION('',(0.,0.,1.));
#9789=DIRECTION('center_axis',(-1.,0.,1.70803542250024E-16));
#9790=DIRECTION('ref_axis',(1.70803542250024E-16,0.,1.));
#9791=DIRECTION('',(-1.70803542250024E-16,0.,-1.));
#9792=DIRECTION('',(0.,1.,0.));
#9793=DIRECTION('center_axis',(-1.,0.,1.70803542250024E-16));
#9794=DIRECTION('ref_axis',(1.70803542250024E-16,0.,1.));
#9795=DIRECTION('',(0.,1.,0.));
#9796=DIRECTION('',(-1.70803542250024E-16,0.,-1.));
#9797=DIRECTION('center_axis',(-1.,0.,1.70803542250024E-16));
#9798=DIRECTION('ref_axis',(1.70803542250024E-16,0.,1.));
#9799=DIRECTION('',(-1.70803542250024E-16,0.,-1.));
#9800=DIRECTION('center_axis',(0.,1.,0.));
#9801=DIRECTION('ref_axis',(1.,0.,0.));
#9802=DIRECTION('',(0.,0.,1.));
#9803=DIRECTION('center_axis',(0.,-1.,0.));
#9804=DIRECTION('ref_axis',(1.,0.,0.));
#9805=DIRECTION('',(1.,0.,-1.70803542250024E-16));
#9806=DIRECTION('center_axis',(0.,-1.,0.));
#9807=DIRECTION('ref_axis',(0.,0.,-1.));
#9808=DIRECTION('center_axis',(0.,-1.,0.));
#9809=DIRECTION('ref_axis',(-1.,0.,1.11022302462516E-15));
#9810=DIRECTION('',(-1.,0.,5.12410626750072E-16));
#9811=DIRECTION('center_axis',(0.,-1.,0.));
#9812=DIRECTION('ref_axis',(-3.7007434154172E-16,0.,1.));
#9813=DIRECTION('center_axis',(5.12410626750072E-16,0.,1.));
#9814=DIRECTION('ref_axis',(1.,0.,-5.12410626750072E-16));
#9815=DIRECTION('center_axis',(5.12410626750072E-16,0.,1.));
#9816=DIRECTION('ref_axis',(-1.,0.,0.));
#9817=DIRECTION('center_axis',(0.,1.,0.));
#9818=DIRECTION('ref_axis',(-3.7007434154172E-16,0.,1.));
#9819=DIRECTION('',(0.,1.,0.));
#9820=DIRECTION('center_axis',(1.,0.,0.));
#9821=DIRECTION('ref_axis',(0.,0.,-1.));
#9822=DIRECTION('',(0.,1.,0.));
#9823=DIRECTION('center_axis',(0.,0.,-1.));
#9824=DIRECTION('ref_axis',(-1.,0.,0.));
#9825=DIRECTION('',(-1.,0.,0.));
#9826=DIRECTION('',(0.,-1.,0.));
#9827=DIRECTION('',(1.,0.,0.));
#9828=DIRECTION('',(0.,1.,0.));
#9829=DIRECTION('center_axis',(0.,-1.,0.));
#9830=DIRECTION('ref_axis',(-1.,0.,0.));
#9831=DIRECTION('',(-1.,0.,5.12410626750072E-16));
#9832=DIRECTION('',(0.,0.,-1.));
#9833=DIRECTION('',(0.,0.,-1.));
#9834=DIRECTION('center_axis',(-1.,0.,0.));
#9835=DIRECTION('ref_axis',(0.,1.,0.));
#9836=DIRECTION('',(0.,1.,0.));
#9837=DIRECTION('',(0.,0.,-1.));
#9838=DIRECTION('center_axis',(0.,1.,0.));
#9839=DIRECTION('ref_axis',(1.,0.,0.));
#9840=DIRECTION('',(1.,0.,-5.12410626750072E-16));
#9841=DIRECTION('',(0.,0.,-1.));
#9842=DIRECTION('center_axis',(1.,0.,0.));
#9843=DIRECTION('ref_axis',(0.,-1.,0.));
#9844=DIRECTION('',(0.,-1.,0.));
#9845=DIRECTION('center_axis',(0.,0.,1.));
#9846=DIRECTION('ref_axis',(-1.,0.,0.));
#9847=DIRECTION('center_axis',(0.,0.,-1.));
#9848=DIRECTION('ref_axis',(-1.,0.,0.));
#9849=DIRECTION('center_axis',(0.,0.,1.));
#9850=DIRECTION('ref_axis',(-1.,0.,0.));
#9851=DIRECTION('center_axis',(0.,0.,-1.));
#9852=DIRECTION('ref_axis',(-1.,0.,0.));
#9853=DIRECTION('center_axis',(5.12410626750072E-16,0.,1.));
#9854=DIRECTION('ref_axis',(-1.,0.,0.));
#9855=DIRECTION('',(0.,0.,-1.));
#9856=DIRECTION('center_axis',(-5.12410626750072E-16,0.,-1.));
#9857=DIRECTION('ref_axis',(-1.,0.,5.50808322294651E-16));
#9858=DIRECTION('center_axis',(5.12410626750072E-16,0.,1.));
#9859=DIRECTION('ref_axis',(-1.,0.,5.12410626750072E-16));
#9860=DIRECTION('center_axis',(0.,-1.,0.));
#9861=DIRECTION('ref_axis',(1.,0.,-3.44255201434157E-16));
#9862=DIRECTION('center_axis',(5.12410626750072E-16,0.,1.));
#9863=DIRECTION('ref_axis',(1.,0.,-5.12410626750072E-16));
#9864=DIRECTION('center_axis',(-5.12410626750072E-16,0.,-1.));
#9865=DIRECTION('ref_axis',(-1.,0.,0.));
#9866=DIRECTION('center_axis',(0.,0.,1.));
#9867=DIRECTION('ref_axis',(-1.,0.,0.));
#9868=DIRECTION('center_axis',(0.,0.,-1.));
#9869=DIRECTION('ref_axis',(-1.,0.,0.));
#9870=DIRECTION('center_axis',(0.,0.,1.));
#9871=DIRECTION('ref_axis',(-1.,0.,0.));
#9872=DIRECTION('center_axis',(0.,0.,-1.));
#9873=DIRECTION('ref_axis',(-1.,0.,0.));
#9874=DIRECTION('',(0.,0.,-1.));
#9875=DIRECTION('center_axis',(0.,0.,-1.));
#9876=DIRECTION('ref_axis',(-1.,0.,0.));
#9877=DIRECTION('',(0.,0.,-1.));
#9878=DIRECTION('center_axis',(0.,1.,0.));
#9879=DIRECTION('ref_axis',(1.,0.,0.));
#9880=DIRECTION('',(0.,1.,0.));
#9881=DIRECTION('center_axis',(-1.70803542250024E-16,0.,-1.));
#9882=DIRECTION('ref_axis',(-1.,0.,1.70803542250024E-16));
#9883=DIRECTION('',(0.,1.,0.));
#9884=DIRECTION('center_axis',(5.12410626750072E-16,0.,1.));
#9885=DIRECTION('ref_axis',(1.,0.,-5.12410626750072E-16));
#9886=DIRECTION('',(0.,1.,0.));
#9887=DIRECTION('center_axis',(0.,1.,0.));
#9888=DIRECTION('ref_axis',(-1.,0.,1.11022302462516E-15));
#9889=DIRECTION('center_axis',(0.,1.,0.));
#9890=DIRECTION('ref_axis',(0.,0.,-1.));
#9891=DIRECTION('center_axis',(0.,-1.,0.));
#9892=DIRECTION('ref_axis',(-0.923879532511287,0.,0.382683432365089));
#9893=DIRECTION('center_axis',(0.,1.,0.));
#9894=DIRECTION('ref_axis',(-0.923879532511287,0.,0.382683432365089));
#9895=DIRECTION('',(0.,1.,0.));
#9896=DIRECTION('center_axis',(0.,-1.,0.));
#9897=DIRECTION('ref_axis',(-0.923879532511287,0.,0.382683432365089));
#9898=DIRECTION('',(0.,-1.,0.));
#9899=DIRECTION('center_axis',(-1.,0.,4.85642475882621E-16));
#9900=DIRECTION('ref_axis',(-4.85642475882621E-16,0.,-1.));
#9901=DIRECTION('',(4.85642475882621E-16,0.,1.));
#9902=DIRECTION('',(0.,-1.,0.));
#9903=DIRECTION('',(-4.85642475882621E-16,0.,-1.));
#9904=DIRECTION('center_axis',(0.,-1.,0.));
#9905=DIRECTION('ref_axis',(1.,0.,0.));
#9906=DIRECTION('',(0.707106781186547,0.,0.707106781186548));
#9907=DIRECTION('center_axis',(0.,-1.,0.));
#9908=DIRECTION('ref_axis',(-0.382683432365089,0.,0.923879532511287));
#9909=DIRECTION('',(1.,0.,-4.8564247588262E-16));
#9910=DIRECTION('center_axis',(0.,1.,0.));
#9911=DIRECTION('ref_axis',(1.,0.,-5.92118946466758E-15));
#9912=DIRECTION('',(1.70803542250024E-16,0.,-1.));
#9913=DIRECTION('center_axis',(0.,1.,0.));
#9914=DIRECTION('ref_axis',(5.92118946466747E-15,0.,-1.));
#9915=DIRECTION('',(-1.,0.,-2.56205313375036E-16));
#9916=DIRECTION('center_axis',(0.,1.,0.));
#9917=DIRECTION('ref_axis',(-1.,0.,-2.96059473233372E-15));
#9918=DIRECTION('center_axis',(0.,-1.,0.));
#9919=DIRECTION('ref_axis',(-0.382683432365089,0.,0.923879532511287));
#9920=DIRECTION('center_axis',(0.,1.,0.));
#9921=DIRECTION('ref_axis',(-0.382683432365089,0.,0.923879532511287));
#9922=DIRECTION('',(0.,1.,0.));
#9923=DIRECTION('',(0.,-1.,0.));
#9924=DIRECTION('center_axis',(4.8564247588262E-16,0.,1.));
#9925=DIRECTION('ref_axis',(-1.,0.,4.8564247588262E-16));
#9926=DIRECTION('',(-1.,0.,4.8564247588262E-16));
#9927=DIRECTION('',(0.,-1.,0.));
#9928=DIRECTION('center_axis',(0.,-1.,0.));
#9929=DIRECTION('ref_axis',(1.,0.,-5.92118946466758E-15));
#9930=DIRECTION('center_axis',(0.,-1.,0.));
#9931=DIRECTION('ref_axis',(1.,0.,-5.92118946466758E-15));
#9932=DIRECTION('',(0.,-1.,0.));
#9933=DIRECTION('center_axis',(1.,0.,1.70803542250024E-16));
#9934=DIRECTION('ref_axis',(-1.70803542250024E-16,0.,1.));
#9935=DIRECTION('',(-1.70803542250024E-16,0.,1.));
#9936=DIRECTION('',(0.,-1.,0.));
#9937=DIRECTION('center_axis',(0.,-1.,0.));
#9938=DIRECTION('ref_axis',(5.92118946466747E-15,0.,-1.));
#9939=DIRECTION('center_axis',(0.,-1.,0.));
#9940=DIRECTION('ref_axis',(5.92118946466747E-15,0.,-1.));
#9941=DIRECTION('',(0.,-1.,0.));
#9942=DIRECTION('center_axis',(2.56205313375036E-16,0.,-1.));
#9943=DIRECTION('ref_axis',(1.,0.,2.56205313375036E-16));
#9944=DIRECTION('',(1.,0.,2.56205313375036E-16));
#9945=DIRECTION('',(0.,-1.,0.));
#9946=DIRECTION('center_axis',(0.,-1.,0.));
#9947=DIRECTION('ref_axis',(-1.,0.,-2.96059473233372E-15));
#9948=DIRECTION('center_axis',(0.,-1.,0.));
#9949=DIRECTION('ref_axis',(-1.,0.,-2.96059473233372E-15));
#9950=DIRECTION('center_axis',(-0.707106781186548,0.,0.707106781186547));
#9951=DIRECTION('ref_axis',(-0.707106781186547,0.,-0.707106781186548));
#9952=DIRECTION('',(-0.707106781186547,0.,-0.707106781186548));
#9953=DIRECTION('center_axis',(0.,-1.,0.));
#9954=DIRECTION('ref_axis',(1.,0.,0.));
#9955=DIRECTION('center_axis',(0.,1.,0.));
#9956=DIRECTION('ref_axis',(1.,0.,0.));
#9957=DIRECTION('center_axis',(0.,1.,0.));
#9958=DIRECTION('ref_axis',(1.,0.,0.));
#9959=DIRECTION('',(-0.707106781186548,0.707106781186548,-8.65956056235493E-17));
#9960=DIRECTION('center_axis',(0.,-1.,0.));
#9961=DIRECTION('ref_axis',(1.,0.,0.));
#9962=DIRECTION('center_axis',(0.,-1.,0.));
#9963=DIRECTION('ref_axis',(1.,0.,0.));
#9964=DIRECTION('center_axis',(0.,1.,0.));
#9965=DIRECTION('ref_axis',(0.520019346742599,0.,-0.854154481937197));
#9966=DIRECTION('',(0.572381331695355,0.,0.819987567665908));
#9967=DIRECTION('center_axis',(0.,-1.,0.));
#9968=DIRECTION('ref_axis',(-0.00377397467180912,0.,0.999992878532231));
#9969=DIRECTION('',(0.578554207519378,0.,-0.815643935158979));
#9970=DIRECTION('center_axis',(0.,1.,0.));
#9971=DIRECTION('ref_axis',(-0.513557464742912,0.,-0.858055202423966));
#9972=DIRECTION('',(0.99222134547427,0.,-0.124486150174343));
#9973=DIRECTION('center_axis',(0.,-1.,0.));
#9974=DIRECTION('ref_axis',(0.881470731153106,0.,0.472238658011401));
#9975=DIRECTION('',(-0.446033726763813,0.,-0.895016153256009));
#9976=DIRECTION('center_axis',(0.,1.,0.));
#9977=DIRECTION('ref_axis',(-0.998857166092037,0.,0.0477949970874038));
#9978=DIRECTION('',(0.358539107806678,0.,-0.933514706993517));
#9979=DIRECTION('center_axis',(0.,-1.,0.));
#9980=DIRECTION('ref_axis',(0.829299922212771,0.,-0.558803757161574));
#9981=DIRECTION('',(-0.999834228155401,0.,-0.0182075865751963));
#9982=DIRECTION('center_axis',(0.,1.,0.));
#9983=DIRECTION('ref_axis',(-0.419345538796392,0.,0.907826701023694));
#9984=DIRECTION('',(-0.662054172840846,0.,-0.749455984180541));
#9985=DIRECTION('center_axis',(0.,-1.,0.));
#9986=DIRECTION('ref_axis',(-0.0450513307141896,0.,-0.998984673356344));
#9987=DIRECTION('',(-0.59190731704156,0.,0.806006034737125));
#9988=DIRECTION('center_axis',(0.,1.,0.));
#9989=DIRECTION('ref_axis',(0.499357863192781,0.,0.866395824359478));
#9990=DIRECTION('',(-0.994136769953212,0.,0.108129934000696));
#9991=DIRECTION('center_axis',(0.,-1.,0.));
#9992=DIRECTION('ref_axis',(-0.83119830698645,0.,-0.55597605565605));
#9993=DIRECTION('',(0.279603394982901,0.,0.960115587579973));
#9994=DIRECTION('center_axis',(0.,1.,0.));
#9995=DIRECTION('ref_axis',(0.99141416039609,0.,0.130759177750995));
#9996=DIRECTION('',(-0.518974147774311,0.,0.854789935564246));
#9997=DIRECTION('center_axis',(0.,-1.,0.));
#9998=DIRECTION('ref_axis',(-0.902009723276577,0.,0.431715715621419));
#9999=DIRECTION('',(0.991253472821525,0.,0.131971787209486));
#10000=DIRECTION('center_axis',(0.,-1.,0.));
#10001=DIRECTION('ref_axis',(1.,0.,0.));
#10002=DIRECTION('',(0.,1.,0.));
#10003=DIRECTION('center_axis',(0.,-1.,0.));
#10004=DIRECTION('ref_axis',(1.,0.,0.));
#10005=DIRECTION('center_axis',(0.,1.,0.));
#10006=DIRECTION('ref_axis',(-0.902009723276577,0.,0.431715715621419));
#10007=DIRECTION('center_axis',(0.,-1.,0.));
#10008=DIRECTION('ref_axis',(-0.902009723276577,0.,0.431715715621419));
#10009=DIRECTION('',(0.,-1.,0.));
#10010=DIRECTION('',(0.,1.,0.));
#10011=DIRECTION('center_axis',(-0.854789935564246,0.,-0.518974147774311));
#10012=DIRECTION('ref_axis',(-0.518974147774311,0.,0.854789935564246));
#10013=DIRECTION('',(0.,-1.,0.));
#10014=DIRECTION('',(-0.518974147774311,0.,0.854789935564246));
#10015=DIRECTION('center_axis',(0.,1.,0.));
#10016=DIRECTION('ref_axis',(0.520019346742599,0.,-0.854154481937197));
#10017=DIRECTION('',(0.,1.,0.));
#10018=DIRECTION('center_axis',(0.,1.,0.));
#10019=DIRECTION('ref_axis',(0.520019346742599,0.,-0.854154481937197));
#10020=DIRECTION('',(0.,-1.,0.));
#10021=DIRECTION('center_axis',(-0.131971787209486,0.,0.991253472821525));
#10022=DIRECTION('ref_axis',(0.991253472821525,0.,0.131971787209486));
#10023=DIRECTION('',(0.991253472821525,0.,0.131971787209486));
#10024=DIRECTION('center_axis',(0.,1.,0.));
#10025=DIRECTION('ref_axis',(0.99141416039609,0.,0.130759177750995));
#10026=DIRECTION('',(0.,1.,0.));
#10027=DIRECTION('center_axis',(0.,1.,0.));
#10028=DIRECTION('ref_axis',(0.99141416039609,0.,0.130759177750995));
#10029=DIRECTION('center_axis',(-0.960115587579973,0.,0.279603394982901));
#10030=DIRECTION('ref_axis',(0.279603394982901,0.,0.960115587579973));
#10031=DIRECTION('',(0.,-1.,0.));
#10032=DIRECTION('',(0.279603394982901,0.,0.960115587579973));
#10033=DIRECTION('center_axis',(0.,1.,0.));
#10034=DIRECTION('ref_axis',(-0.83119830698645,0.,-0.55597605565605));
#10035=DIRECTION('center_axis',(0.,-1.,0.));
#10036=DIRECTION('ref_axis',(-0.83119830698645,0.,-0.55597605565605));
#10037=DIRECTION('',(0.,1.,0.));
#10038=DIRECTION('center_axis',(0.,1.,0.));
#10039=DIRECTION('ref_axis',(0.,0.,1.));
#10040=DIRECTION('',(-0.994136769953212,0.,0.108129934000696));
#10041=DIRECTION('center_axis',(0.,1.,0.));
#10042=DIRECTION('ref_axis',(0.499357863192781,0.,0.866395824359478));
#10043=DIRECTION('',(-0.59190731704156,0.,0.806006034737125));
#10044=DIRECTION('center_axis',(0.,-1.,0.));
#10045=DIRECTION('ref_axis',(-0.0450513307141896,0.,-0.998984673356344));
#10046=DIRECTION('',(-0.662054172840846,0.,-0.749455984180541));
#10047=DIRECTION('center_axis',(0.,1.,0.));
#10048=DIRECTION('ref_axis',(-0.419345538796392,0.,0.907826701023694));
#10049=DIRECTION('',(-0.999834228155401,0.,-0.0182075865751963));
#10050=DIRECTION('center_axis',(0.,-1.,0.));
#10051=DIRECTION('ref_axis',(0.829299922212771,0.,-0.558803757161574));
#10052=DIRECTION('',(0.358539107806678,0.,-0.933514706993517));
#10053=DIRECTION('center_axis',(0.,1.,0.));
#10054=DIRECTION('ref_axis',(-0.998857166092037,0.,0.0477949970874038));
#10055=DIRECTION('',(-0.446033726763813,0.,-0.895016153256009));
#10056=DIRECTION('center_axis',(0.,-1.,0.));
#10057=DIRECTION('ref_axis',(0.881470731153106,0.,0.472238658011401));
#10058=DIRECTION('',(0.99222134547427,0.,-0.124486150174343));
#10059=DIRECTION('center_axis',(0.,1.,0.));
#10060=DIRECTION('ref_axis',(-0.513557464742912,0.,-0.858055202423966));
#10061=DIRECTION('',(0.578554207519378,0.,-0.815643935158979));
#10062=DIRECTION('center_axis',(0.,-1.,0.));
#10063=DIRECTION('ref_axis',(-0.00377397467180912,0.,0.999992878532231));
#10064=DIRECTION('',(0.572381331695355,0.,0.819987567665908));
#10065=DIRECTION('center_axis',(-0.108129934000696,0.,-0.994136769953212));
#10066=DIRECTION('ref_axis',(-0.994136769953212,0.,0.108129934000696));
#10067=DIRECTION('',(0.,-1.,0.));
#10068=DIRECTION('center_axis',(0.,1.,0.));
#10069=DIRECTION('ref_axis',(-0.0450513307141896,0.,-0.998984673356344));
#10070=DIRECTION('',(0.,-1.,0.));
#10071=DIRECTION('',(0.,1.,0.));
#10072=DIRECTION('center_axis',(0.749455984180541,0.,-0.662054172840846));
#10073=DIRECTION('ref_axis',(-0.662054172840846,0.,-0.749455984180541));
#10074=DIRECTION('',(0.,-1.,0.));
#10075=DIRECTION('center_axis',(0.,1.,0.));
#10076=DIRECTION('ref_axis',(0.499357863192781,0.,0.866395824359478));
#10077=DIRECTION('',(0.,1.,0.));
#10078=DIRECTION('center_axis',(-0.806006034737124,0.,-0.59190731704156));
#10079=DIRECTION('ref_axis',(-0.59190731704156,0.,0.806006034737125));
#10080=DIRECTION('center_axis',(0.,1.,0.));
#10081=DIRECTION('ref_axis',(-0.419345538796392,0.,0.907826701023694));
#10082=DIRECTION('',(0.,1.,0.));
#10083=DIRECTION('center_axis',(0.0182075865751963,0.,-0.999834228155401));
#10084=DIRECTION('ref_axis',(-0.999834228155401,0.,-0.0182075865751963));
#10085=DIRECTION('',(0.,-1.,0.));
#10086=DIRECTION('center_axis',(0.,1.,0.));
#10087=DIRECTION('ref_axis',(0.829299922212771,0.,-0.558803757161574));
#10088=DIRECTION('',(0.,1.,0.));
#10089=DIRECTION('center_axis',(0.933514706993517,0.,0.358539107806678));
#10090=DIRECTION('ref_axis',(0.358539107806678,0.,-0.933514706993517));
#10091=DIRECTION('',(0.,-1.,0.));
#10092=DIRECTION('center_axis',(0.,1.,0.));
#10093=DIRECTION('ref_axis',(-0.998857166092037,0.,0.0477949970874038));
#10094=DIRECTION('',(0.,1.,0.));
#10095=DIRECTION('center_axis',(0.895016153256009,0.,-0.446033726763813));
#10096=DIRECTION('ref_axis',(-0.446033726763813,0.,-0.895016153256009));
#10097=DIRECTION('',(0.,-1.,0.));
#10098=DIRECTION('center_axis',(0.,1.,0.));
#10099=DIRECTION('ref_axis',(-0.513557464742912,0.,-0.858055202423966));
#10100=DIRECTION('',(0.,1.,0.));
#10101=DIRECTION('',(0.,-1.,0.));
#10102=DIRECTION('center_axis',(0.124486150174343,0.,0.99222134547427));
#10103=DIRECTION('ref_axis',(0.99222134547427,0.,-0.124486150174343));
#10104=DIRECTION('',(0.,1.,0.));
#10105=DIRECTION('center_axis',(0.,1.,0.));
#10106=DIRECTION('ref_axis',(0.881470731153106,0.,0.472238658011401));
#10107=DIRECTION('center_axis',(0.,1.,0.));
#10108=DIRECTION('ref_axis',(-0.00377397467180912,0.,0.999992878532231));
#10109=DIRECTION('',(0.,-1.,0.));
#10110=DIRECTION('',(0.,1.,0.));
#10111=DIRECTION('center_axis',(-0.819987567665908,0.,0.572381331695355));
#10112=DIRECTION('ref_axis',(0.572381331695355,0.,0.819987567665908));
#10113=DIRECTION('center_axis',(0.815643935158979,0.,0.578554207519378));
#10114=DIRECTION('ref_axis',(0.578554207519378,0.,-0.815643935158979));
#10115=DIRECTION('center_axis',(0.,-1.,0.));
#10116=DIRECTION('ref_axis',(1.,0.,0.));
#10117=DIRECTION('center_axis',(0.,1.,0.));
#10118=DIRECTION('ref_axis',(1.,0.,0.));
#10119=DIRECTION('center_axis',(0.,1.,0.));
#10120=DIRECTION('ref_axis',(1.,0.,0.));
#10121=DIRECTION('',(-0.707106781186548,0.707106781186548,-8.65956056235493E-17));
#10122=DIRECTION('center_axis',(0.,-1.,0.));
#10123=DIRECTION('ref_axis',(1.,0.,0.));
#10124=DIRECTION('center_axis',(0.,-1.,0.));
#10125=DIRECTION('ref_axis',(1.,0.,0.));
#10126=DIRECTION('center_axis',(0.,1.,0.));
#10127=DIRECTION('ref_axis',(0.520019346742599,0.,-0.854154481937197));
#10128=DIRECTION('',(0.572381331695355,0.,0.819987567665908));
#10129=DIRECTION('center_axis',(0.,-1.,0.));
#10130=DIRECTION('ref_axis',(-0.00377397467180912,0.,0.999992878532231));
#10131=DIRECTION('',(0.578554207519378,0.,-0.815643935158979));
#10132=DIRECTION('center_axis',(0.,1.,0.));
#10133=DIRECTION('ref_axis',(-0.513557464742912,0.,-0.858055202423966));
#10134=DIRECTION('',(0.99222134547427,0.,-0.124486150174343));
#10135=DIRECTION('center_axis',(0.,-1.,0.));
#10136=DIRECTION('ref_axis',(0.881470731153106,0.,0.472238658011401));
#10137=DIRECTION('',(-0.446033726763813,0.,-0.895016153256009));
#10138=DIRECTION('center_axis',(0.,1.,0.));
#10139=DIRECTION('ref_axis',(-0.998857166092037,0.,0.0477949970874038));
#10140=DIRECTION('',(0.358539107806678,0.,-0.933514706993517));
#10141=DIRECTION('center_axis',(0.,-1.,0.));
#10142=DIRECTION('ref_axis',(0.829299922212771,0.,-0.558803757161574));
#10143=DIRECTION('',(-0.999834228155401,0.,-0.0182075865751963));
#10144=DIRECTION('center_axis',(0.,1.,0.));
#10145=DIRECTION('ref_axis',(-0.419345538796392,0.,0.907826701023694));
#10146=DIRECTION('',(-0.662054172840846,0.,-0.749455984180541));
#10147=DIRECTION('center_axis',(0.,-1.,0.));
#10148=DIRECTION('ref_axis',(-0.0450513307141896,0.,-0.998984673356344));
#10149=DIRECTION('',(-0.59190731704156,0.,0.806006034737125));
#10150=DIRECTION('center_axis',(0.,1.,0.));
#10151=DIRECTION('ref_axis',(0.499357863192781,0.,0.866395824359478));
#10152=DIRECTION('',(-0.994136769953212,0.,0.108129934000696));
#10153=DIRECTION('center_axis',(0.,-1.,0.));
#10154=DIRECTION('ref_axis',(-0.83119830698645,0.,-0.55597605565605));
#10155=DIRECTION('',(0.279603394982901,0.,0.960115587579973));
#10156=DIRECTION('center_axis',(0.,1.,0.));
#10157=DIRECTION('ref_axis',(0.99141416039609,0.,0.130759177750995));
#10158=DIRECTION('',(-0.518974147774311,0.,0.854789935564246));
#10159=DIRECTION('center_axis',(0.,-1.,0.));
#10160=DIRECTION('ref_axis',(-0.902009723276577,0.,0.431715715621419));
#10161=DIRECTION('',(0.991253472821525,0.,0.131971787209486));
#10162=DIRECTION('center_axis',(0.,-1.,0.));
#10163=DIRECTION('ref_axis',(1.,0.,0.));
#10164=DIRECTION('',(0.,1.,0.));
#10165=DIRECTION('center_axis',(0.,-1.,0.));
#10166=DIRECTION('ref_axis',(1.,0.,0.));
#10167=DIRECTION('center_axis',(0.,1.,0.));
#10168=DIRECTION('ref_axis',(-0.902009723276577,0.,0.431715715621419));
#10169=DIRECTION('center_axis',(0.,-1.,0.));
#10170=DIRECTION('ref_axis',(-0.902009723276577,0.,0.431715715621419));
#10171=DIRECTION('',(0.,-1.,0.));
#10172=DIRECTION('',(0.,1.,0.));
#10173=DIRECTION('center_axis',(-0.854789935564246,0.,-0.518974147774311));
#10174=DIRECTION('ref_axis',(-0.518974147774311,0.,0.854789935564246));
#10175=DIRECTION('',(0.,-1.,0.));
#10176=DIRECTION('',(-0.518974147774311,0.,0.854789935564246));
#10177=DIRECTION('center_axis',(0.,1.,0.));
#10178=DIRECTION('ref_axis',(0.520019346742599,0.,-0.854154481937197));
#10179=DIRECTION('',(0.,1.,0.));
#10180=DIRECTION('center_axis',(0.,1.,0.));
#10181=DIRECTION('ref_axis',(0.520019346742599,0.,-0.854154481937197));
#10182=DIRECTION('',(0.,-1.,0.));
#10183=DIRECTION('center_axis',(-0.131971787209486,0.,0.991253472821525));
#10184=DIRECTION('ref_axis',(0.991253472821525,0.,0.131971787209486));
#10185=DIRECTION('',(0.991253472821525,0.,0.131971787209486));
#10186=DIRECTION('center_axis',(0.,1.,0.));
#10187=DIRECTION('ref_axis',(0.99141416039609,0.,0.130759177750995));
#10188=DIRECTION('',(0.,1.,0.));
#10189=DIRECTION('center_axis',(0.,1.,0.));
#10190=DIRECTION('ref_axis',(0.99141416039609,0.,0.130759177750995));
#10191=DIRECTION('center_axis',(-0.960115587579973,0.,0.279603394982901));
#10192=DIRECTION('ref_axis',(0.279603394982901,0.,0.960115587579973));
#10193=DIRECTION('',(0.,-1.,0.));
#10194=DIRECTION('',(0.279603394982901,0.,0.960115587579973));
#10195=DIRECTION('center_axis',(0.,1.,0.));
#10196=DIRECTION('ref_axis',(-0.83119830698645,0.,-0.55597605565605));
#10197=DIRECTION('center_axis',(0.,-1.,0.));
#10198=DIRECTION('ref_axis',(-0.83119830698645,0.,-0.55597605565605));
#10199=DIRECTION('',(0.,1.,0.));
#10200=DIRECTION('center_axis',(0.,1.,0.));
#10201=DIRECTION('ref_axis',(0.,0.,1.));
#10202=DIRECTION('',(-0.994136769953212,0.,0.108129934000696));
#10203=DIRECTION('center_axis',(0.,1.,0.));
#10204=DIRECTION('ref_axis',(0.499357863192781,0.,0.866395824359478));
#10205=DIRECTION('',(-0.59190731704156,0.,0.806006034737125));
#10206=DIRECTION('center_axis',(0.,-1.,0.));
#10207=DIRECTION('ref_axis',(-0.0450513307141896,0.,-0.998984673356344));
#10208=DIRECTION('',(-0.662054172840846,0.,-0.749455984180541));
#10209=DIRECTION('center_axis',(0.,1.,0.));
#10210=DIRECTION('ref_axis',(-0.419345538796392,0.,0.907826701023694));
#10211=DIRECTION('',(-0.999834228155401,0.,-0.0182075865751963));
#10212=DIRECTION('center_axis',(0.,-1.,0.));
#10213=DIRECTION('ref_axis',(0.829299922212771,0.,-0.558803757161574));
#10214=DIRECTION('',(0.358539107806678,0.,-0.933514706993517));
#10215=DIRECTION('center_axis',(0.,1.,0.));
#10216=DIRECTION('ref_axis',(-0.998857166092037,0.,0.0477949970874038));
#10217=DIRECTION('',(-0.446033726763813,0.,-0.895016153256009));
#10218=DIRECTION('center_axis',(0.,-1.,0.));
#10219=DIRECTION('ref_axis',(0.881470731153106,0.,0.472238658011401));
#10220=DIRECTION('',(0.99222134547427,0.,-0.124486150174343));
#10221=DIRECTION('center_axis',(0.,1.,0.));
#10222=DIRECTION('ref_axis',(-0.513557464742912,0.,-0.858055202423966));
#10223=DIRECTION('',(0.578554207519378,0.,-0.815643935158979));
#10224=DIRECTION('center_axis',(0.,-1.,0.));
#10225=DIRECTION('ref_axis',(-0.00377397467180912,0.,0.999992878532231));
#10226=DIRECTION('',(0.572381331695355,0.,0.819987567665908));
#10227=DIRECTION('center_axis',(-0.108129934000696,0.,-0.994136769953212));
#10228=DIRECTION('ref_axis',(-0.994136769953212,0.,0.108129934000696));
#10229=DIRECTION('',(0.,-1.,0.));
#10230=DIRECTION('center_axis',(0.,1.,0.));
#10231=DIRECTION('ref_axis',(-0.0450513307141896,0.,-0.998984673356344));
#10232=DIRECTION('',(0.,-1.,0.));
#10233=DIRECTION('',(0.,1.,0.));
#10234=DIRECTION('center_axis',(0.749455984180541,0.,-0.662054172840846));
#10235=DIRECTION('ref_axis',(-0.662054172840846,0.,-0.749455984180541));
#10236=DIRECTION('',(0.,-1.,0.));
#10237=DIRECTION('center_axis',(0.,1.,0.));
#10238=DIRECTION('ref_axis',(0.499357863192781,0.,0.866395824359478));
#10239=DIRECTION('',(0.,1.,0.));
#10240=DIRECTION('center_axis',(-0.806006034737124,0.,-0.59190731704156));
#10241=DIRECTION('ref_axis',(-0.59190731704156,0.,0.806006034737125));
#10242=DIRECTION('center_axis',(0.,1.,0.));
#10243=DIRECTION('ref_axis',(-0.419345538796392,0.,0.907826701023694));
#10244=DIRECTION('',(0.,1.,0.));
#10245=DIRECTION('center_axis',(0.0182075865751963,0.,-0.999834228155401));
#10246=DIRECTION('ref_axis',(-0.999834228155401,0.,-0.0182075865751963));
#10247=DIRECTION('',(0.,-1.,0.));
#10248=DIRECTION('center_axis',(0.,1.,0.));
#10249=DIRECTION('ref_axis',(0.829299922212771,0.,-0.558803757161574));
#10250=DIRECTION('',(0.,1.,0.));
#10251=DIRECTION('center_axis',(0.933514706993517,0.,0.358539107806678));
#10252=DIRECTION('ref_axis',(0.358539107806678,0.,-0.933514706993517));
#10253=DIRECTION('',(0.,-1.,0.));
#10254=DIRECTION('center_axis',(0.,1.,0.));
#10255=DIRECTION('ref_axis',(-0.998857166092037,0.,0.0477949970874038));
#10256=DIRECTION('',(0.,1.,0.));
#10257=DIRECTION('center_axis',(0.895016153256009,0.,-0.446033726763813));
#10258=DIRECTION('ref_axis',(-0.446033726763813,0.,-0.895016153256009));
#10259=DIRECTION('',(0.,-1.,0.));
#10260=DIRECTION('center_axis',(0.,1.,0.));
#10261=DIRECTION('ref_axis',(-0.513557464742912,0.,-0.858055202423966));
#10262=DIRECTION('',(0.,1.,0.));
#10263=DIRECTION('',(0.,-1.,0.));
#10264=DIRECTION('center_axis',(0.124486150174343,0.,0.99222134547427));
#10265=DIRECTION('ref_axis',(0.99222134547427,0.,-0.124486150174343));
#10266=DIRECTION('',(0.,1.,0.));
#10267=DIRECTION('center_axis',(0.,1.,0.));
#10268=DIRECTION('ref_axis',(0.881470731153106,0.,0.472238658011401));
#10269=DIRECTION('center_axis',(0.,1.,0.));
#10270=DIRECTION('ref_axis',(-0.00377397467180912,0.,0.999992878532231));
#10271=DIRECTION('',(0.,-1.,0.));
#10272=DIRECTION('',(0.,1.,0.));
#10273=DIRECTION('center_axis',(-0.819987567665908,0.,0.572381331695355));
#10274=DIRECTION('ref_axis',(0.572381331695355,0.,0.819987567665908));
#10275=DIRECTION('center_axis',(0.815643935158979,0.,0.578554207519378));
#10276=DIRECTION('ref_axis',(0.578554207519378,0.,-0.815643935158979));
#10277=DIRECTION('center_axis',(0.,-1.,0.));
#10278=DIRECTION('ref_axis',(1.,0.,0.));
#10279=DIRECTION('center_axis',(0.,1.,0.));
#10280=DIRECTION('ref_axis',(6.12323399573677E-17,0.,-1.));
#10281=DIRECTION('center_axis',(0.,1.,0.));
#10282=DIRECTION('ref_axis',(6.12323399573677E-17,0.,-1.));
#10283=DIRECTION('',(-1.29893408435324E-16,0.707106781186548,0.707106781186548));
#10284=DIRECTION('center_axis',(0.,-1.,0.));
#10285=DIRECTION('ref_axis',(6.12323399573677E-17,0.,-1.));
#10286=DIRECTION('center_axis',(0.,-1.,0.));
#10287=DIRECTION('ref_axis',(6.12323399573677E-17,0.,-1.));
#10288=DIRECTION('center_axis',(0.,1.,0.));
#10289=DIRECTION('ref_axis',(-0.854154481937197,0.,-0.520019346742599));
#10290=DIRECTION('',(0.819987567665908,0.,-0.572381331695355));
#10291=DIRECTION('center_axis',(0.,-1.,0.));
#10292=DIRECTION('ref_axis',(0.999992878532231,0.,0.00377397467180918));
#10293=DIRECTION('',(-0.815643935158979,0.,-0.578554207519378));
#10294=DIRECTION('center_axis',(0.,1.,0.));
#10295=DIRECTION('ref_axis',(-0.858055202423966,0.,0.513557464742912));
#10296=DIRECTION('',(-0.124486150174343,0.,-0.99222134547427));
#10297=DIRECTION('center_axis',(0.,-1.,0.));
#10298=DIRECTION('ref_axis',(0.472238658011401,0.,-0.881470731153106));
#10299=DIRECTION('',(-0.895016153256009,0.,0.446033726763813));
#10300=DIRECTION('center_axis',(0.,1.,0.));
#10301=DIRECTION('ref_axis',(0.0477949970874037,0.,0.998857166092037));
#10302=DIRECTION('',(-0.933514706993517,0.,-0.358539107806678));
#10303=DIRECTION('center_axis',(0.,-1.,0.));
#10304=DIRECTION('ref_axis',(-0.558803757161574,0.,-0.829299922212771));
#10305=DIRECTION('',(-0.0182075865751963,0.,0.999834228155401));
#10306=DIRECTION('center_axis',(0.,1.,0.));
#10307=DIRECTION('ref_axis',(0.907826701023694,0.,0.419345538796392));
#10308=DIRECTION('',(-0.749455984180541,0.,0.662054172840846));
#10309=DIRECTION('center_axis',(0.,-1.,0.));
#10310=DIRECTION('ref_axis',(-0.998984673356344,0.,0.0450513307141895));
#10311=DIRECTION('',(0.806006034737125,0.,0.59190731704156));
#10312=DIRECTION('center_axis',(0.,1.,0.));
#10313=DIRECTION('ref_axis',(0.866395824359478,0.,-0.499357863192781));
#10314=DIRECTION('',(0.108129934000696,0.,0.994136769953212));
#10315=DIRECTION('center_axis',(0.,-1.,0.));
#10316=DIRECTION('ref_axis',(-0.55597605565605,0.,0.83119830698645));
#10317=DIRECTION('',(0.960115587579973,0.,-0.279603394982901));
#10318=DIRECTION('center_axis',(0.,1.,0.));
#10319=DIRECTION('ref_axis',(0.130759177750995,0.,-0.99141416039609));
#10320=DIRECTION('',(0.854789935564246,0.,0.518974147774311));
#10321=DIRECTION('center_axis',(0.,-1.,0.));
#10322=DIRECTION('ref_axis',(0.431715715621419,0.,0.902009723276577));
#10323=DIRECTION('',(0.131971787209487,0.,-0.991253472821525));
#10324=DIRECTION('center_axis',(0.,-1.,0.));
#10325=DIRECTION('ref_axis',(6.12323399573677E-17,0.,-1.));
#10326=DIRECTION('',(0.,1.,0.));
#10327=DIRECTION('center_axis',(0.,-1.,0.));
#10328=DIRECTION('ref_axis',(6.12323399573677E-17,0.,-1.));
#10329=DIRECTION('center_axis',(0.,1.,0.));
#10330=DIRECTION('ref_axis',(0.431715715621419,0.,0.902009723276577));
#10331=DIRECTION('center_axis',(0.,-1.,0.));
#10332=DIRECTION('ref_axis',(0.431715715621419,0.,0.902009723276577));
#10333=DIRECTION('',(0.,-1.,0.));
#10334=DIRECTION('',(0.,1.,0.));
#10335=DIRECTION('center_axis',(-0.518974147774311,0.,0.854789935564246));
#10336=DIRECTION('ref_axis',(0.854789935564246,0.,0.518974147774311));
#10337=DIRECTION('',(0.,-1.,0.));
#10338=DIRECTION('',(0.854789935564246,0.,0.518974147774311));
#10339=DIRECTION('center_axis',(0.,1.,0.));
#10340=DIRECTION('ref_axis',(-0.854154481937197,0.,-0.520019346742599));
#10341=DIRECTION('',(0.,1.,0.));
#10342=DIRECTION('center_axis',(0.,1.,0.));
#10343=DIRECTION('ref_axis',(-0.854154481937197,0.,-0.520019346742599));
#10344=DIRECTION('',(0.,-1.,0.));
#10345=DIRECTION('center_axis',(0.991253472821525,0.,0.131971787209487));
#10346=DIRECTION('ref_axis',(0.131971787209487,0.,-0.991253472821525));
#10347=DIRECTION('',(0.131971787209487,0.,-0.991253472821525));
#10348=DIRECTION('center_axis',(0.,1.,0.));
#10349=DIRECTION('ref_axis',(0.130759177750995,0.,-0.99141416039609));
#10350=DIRECTION('',(0.,1.,0.));
#10351=DIRECTION('center_axis',(0.,1.,0.));
#10352=DIRECTION('ref_axis',(0.130759177750995,0.,-0.99141416039609));
#10353=DIRECTION('center_axis',(0.279603394982901,0.,0.960115587579973));
#10354=DIRECTION('ref_axis',(0.960115587579973,0.,-0.279603394982901));
#10355=DIRECTION('',(0.,-1.,0.));
#10356=DIRECTION('',(0.960115587579973,0.,-0.279603394982901));
#10357=DIRECTION('center_axis',(0.,1.,0.));
#10358=DIRECTION('ref_axis',(-0.55597605565605,0.,0.83119830698645));
#10359=DIRECTION('center_axis',(0.,-1.,0.));
#10360=DIRECTION('ref_axis',(-0.55597605565605,0.,0.83119830698645));
#10361=DIRECTION('',(0.,1.,0.));
#10362=DIRECTION('center_axis',(0.,1.,0.));
#10363=DIRECTION('ref_axis',(1.,0.,6.12323399573677E-17));
#10364=DIRECTION('',(0.108129934000696,0.,0.994136769953212));
#10365=DIRECTION('center_axis',(0.,1.,0.));
#10366=DIRECTION('ref_axis',(0.866395824359478,0.,-0.499357863192781));
#10367=DIRECTION('',(0.806006034737125,0.,0.59190731704156));
#10368=DIRECTION('center_axis',(0.,-1.,0.));
#10369=DIRECTION('ref_axis',(-0.998984673356344,0.,0.0450513307141895));
#10370=DIRECTION('',(-0.749455984180541,0.,0.662054172840846));
#10371=DIRECTION('center_axis',(0.,1.,0.));
#10372=DIRECTION('ref_axis',(0.907826701023694,0.,0.419345538796392));
#10373=DIRECTION('',(-0.0182075865751963,0.,0.999834228155401));
#10374=DIRECTION('center_axis',(0.,-1.,0.));
#10375=DIRECTION('ref_axis',(-0.558803757161574,0.,-0.829299922212771));
#10376=DIRECTION('',(-0.933514706993517,0.,-0.358539107806678));
#10377=DIRECTION('center_axis',(0.,1.,0.));
#10378=DIRECTION('ref_axis',(0.0477949970874037,0.,0.998857166092037));
#10379=DIRECTION('',(-0.895016153256009,0.,0.446033726763813));
#10380=DIRECTION('center_axis',(0.,-1.,0.));
#10381=DIRECTION('ref_axis',(0.472238658011401,0.,-0.881470731153106));
#10382=DIRECTION('',(-0.124486150174343,0.,-0.99222134547427));
#10383=DIRECTION('center_axis',(0.,1.,0.));
#10384=DIRECTION('ref_axis',(-0.858055202423966,0.,0.513557464742912));
#10385=DIRECTION('',(-0.815643935158979,0.,-0.578554207519378));
#10386=DIRECTION('center_axis',(0.,-1.,0.));
#10387=DIRECTION('ref_axis',(0.999992878532231,0.,0.00377397467180918));
#10388=DIRECTION('',(0.819987567665908,0.,-0.572381331695355));
#10389=DIRECTION('center_axis',(-0.994136769953212,0.,0.108129934000696));
#10390=DIRECTION('ref_axis',(0.108129934000696,0.,0.994136769953212));
#10391=DIRECTION('',(0.,-1.,0.));
#10392=DIRECTION('center_axis',(0.,1.,0.));
#10393=DIRECTION('ref_axis',(-0.998984673356344,0.,0.0450513307141895));
#10394=DIRECTION('',(0.,-1.,0.));
#10395=DIRECTION('',(0.,1.,0.));
#10396=DIRECTION('center_axis',(-0.662054172840846,0.,-0.749455984180541));
#10397=DIRECTION('ref_axis',(-0.749455984180541,0.,0.662054172840846));
#10398=DIRECTION('',(0.,-1.,0.));
#10399=DIRECTION('center_axis',(0.,1.,0.));
#10400=DIRECTION('ref_axis',(0.866395824359478,0.,-0.499357863192781));
#10401=DIRECTION('',(0.,1.,0.));
#10402=DIRECTION('center_axis',(-0.59190731704156,0.,0.806006034737124));
#10403=DIRECTION('ref_axis',(0.806006034737125,0.,0.59190731704156));
#10404=DIRECTION('center_axis',(0.,1.,0.));
#10405=DIRECTION('ref_axis',(0.907826701023694,0.,0.419345538796392));
#10406=DIRECTION('',(0.,1.,0.));
#10407=DIRECTION('center_axis',(-0.999834228155401,0.,-0.0182075865751963));
#10408=DIRECTION('ref_axis',(-0.0182075865751963,0.,0.999834228155401));
#10409=DIRECTION('',(0.,-1.,0.));
#10410=DIRECTION('center_axis',(0.,1.,0.));
#10411=DIRECTION('ref_axis',(-0.558803757161574,0.,-0.829299922212771));
#10412=DIRECTION('',(0.,1.,0.));
#10413=DIRECTION('center_axis',(0.358539107806678,0.,-0.933514706993517));
#10414=DIRECTION('ref_axis',(-0.933514706993517,0.,-0.358539107806678));
#10415=DIRECTION('',(0.,-1.,0.));
#10416=DIRECTION('center_axis',(0.,1.,0.));
#10417=DIRECTION('ref_axis',(0.0477949970874037,0.,0.998857166092037));
#10418=DIRECTION('',(0.,1.,0.));
#10419=DIRECTION('center_axis',(-0.446033726763813,0.,-0.895016153256009));
#10420=DIRECTION('ref_axis',(-0.895016153256009,0.,0.446033726763813));
#10421=DIRECTION('',(0.,-1.,0.));
#10422=DIRECTION('center_axis',(0.,1.,0.));
#10423=DIRECTION('ref_axis',(-0.858055202423966,0.,0.513557464742912));
#10424=DIRECTION('',(0.,1.,0.));
#10425=DIRECTION('',(0.,-1.,0.));
#10426=DIRECTION('center_axis',(0.99222134547427,0.,-0.124486150174343));
#10427=DIRECTION('ref_axis',(-0.124486150174343,0.,-0.99222134547427));
#10428=DIRECTION('',(0.,1.,0.));
#10429=DIRECTION('center_axis',(0.,1.,0.));
#10430=DIRECTION('ref_axis',(0.472238658011401,0.,-0.881470731153106));
#10431=DIRECTION('center_axis',(0.,1.,0.));
#10432=DIRECTION('ref_axis',(0.999992878532231,0.,0.00377397467180918));
#10433=DIRECTION('',(0.,-1.,0.));
#10434=DIRECTION('',(0.,1.,0.));
#10435=DIRECTION('center_axis',(0.572381331695355,0.,0.819987567665908));
#10436=DIRECTION('ref_axis',(0.819987567665908,0.,-0.572381331695355));
#10437=DIRECTION('center_axis',(0.578554207519378,0.,-0.815643935158979));
#10438=DIRECTION('ref_axis',(-0.815643935158979,0.,-0.578554207519378));
#10439=DIRECTION('center_axis',(0.,-1.,0.));
#10440=DIRECTION('ref_axis',(6.12323399573677E-17,0.,-1.));
#10441=DIRECTION('center_axis',(0.,1.,0.));
#10442=DIRECTION('ref_axis',(-1.,0.,-1.22464679914735E-16));
#10443=DIRECTION('center_axis',(0.,1.,0.));
#10444=DIRECTION('ref_axis',(-1.,0.,-1.22464679914735E-16));
#10445=DIRECTION('',(0.707106781186548,0.707106781186548,1.73191211247099E-16));
#10446=DIRECTION('center_axis',(0.,-1.,0.));
#10447=DIRECTION('ref_axis',(-1.,0.,-1.22464679914735E-16));
#10448=DIRECTION('center_axis',(0.,-1.,0.));
#10449=DIRECTION('ref_axis',(-1.,0.,-1.22464679914735E-16));
#10450=DIRECTION('center_axis',(0.,1.,0.));
#10451=DIRECTION('ref_axis',(-0.520019346742599,0.,0.854154481937197));
#10452=DIRECTION('',(-0.572381331695354,0.,-0.819987567665908));
#10453=DIRECTION('center_axis',(0.,-1.,0.));
#10454=DIRECTION('ref_axis',(0.00377397467180924,0.,-0.999992878532231));
#10455=DIRECTION('',(-0.578554207519378,0.,0.815643935158979));
#10456=DIRECTION('center_axis',(0.,1.,0.));
#10457=DIRECTION('ref_axis',(0.513557464742912,0.,0.858055202423966));
#10458=DIRECTION('',(-0.99222134547427,0.,0.124486150174343));
#10459=DIRECTION('center_axis',(0.,-1.,0.));
#10460=DIRECTION('ref_axis',(-0.881470731153106,0.,-0.472238658011401));
#10461=DIRECTION('',(0.446033726763813,0.,0.895016153256009));
#10462=DIRECTION('center_axis',(0.,1.,0.));
#10463=DIRECTION('ref_axis',(0.998857166092037,0.,-0.0477949970874036));
#10464=DIRECTION('',(-0.358539107806678,0.,0.933514706993517));
#10465=DIRECTION('center_axis',(0.,-1.,0.));
#10466=DIRECTION('ref_axis',(-0.829299922212771,0.,0.558803757161574));
#10467=DIRECTION('',(0.999834228155401,0.,0.0182075865751964));
#10468=DIRECTION('center_axis',(0.,1.,0.));
#10469=DIRECTION('ref_axis',(0.419345538796392,0.,-0.907826701023694));
#10470=DIRECTION('',(0.662054172840846,0.,0.749455984180541));
#10471=DIRECTION('center_axis',(0.,-1.,0.));
#10472=DIRECTION('ref_axis',(0.0450513307141894,0.,0.998984673356344));
#10473=DIRECTION('',(0.59190731704156,0.,-0.806006034737124));
#10474=DIRECTION('center_axis',(0.,1.,0.));
#10475=DIRECTION('ref_axis',(-0.499357863192781,0.,-0.866395824359478));
#10476=DIRECTION('',(0.994136769953212,0.,-0.108129934000695));
#10477=DIRECTION('center_axis',(0.,-1.,0.));
#10478=DIRECTION('ref_axis',(0.83119830698645,0.,0.55597605565605));
#10479=DIRECTION('',(-0.279603394982901,0.,-0.960115587579973));
#10480=DIRECTION('center_axis',(0.,1.,0.));
#10481=DIRECTION('ref_axis',(-0.99141416039609,0.,-0.130759177750995));
#10482=DIRECTION('',(0.518974147774312,0.,-0.854789935564246));
#10483=DIRECTION('center_axis',(0.,-1.,0.));
#10484=DIRECTION('ref_axis',(0.902009723276577,0.,-0.431715715621419));
#10485=DIRECTION('',(-0.991253472821525,0.,-0.131971787209487));
#10486=DIRECTION('center_axis',(0.,-1.,0.));
#10487=DIRECTION('ref_axis',(-1.,0.,-1.22464679914735E-16));
#10488=DIRECTION('',(0.,1.,0.));
#10489=DIRECTION('center_axis',(0.,-1.,0.));
#10490=DIRECTION('ref_axis',(-1.,0.,-1.22464679914735E-16));
#10491=DIRECTION('center_axis',(0.,1.,0.));
#10492=DIRECTION('ref_axis',(0.902009723276577,0.,-0.431715715621419));
#10493=DIRECTION('center_axis',(0.,-1.,0.));
#10494=DIRECTION('ref_axis',(0.902009723276577,0.,-0.431715715621419));
#10495=DIRECTION('',(0.,-1.,0.));
#10496=DIRECTION('',(0.,1.,0.));
#10497=DIRECTION('center_axis',(0.854789935564246,0.,0.518974147774312));
#10498=DIRECTION('ref_axis',(0.518974147774312,0.,-0.854789935564246));
#10499=DIRECTION('',(0.,-1.,0.));
#10500=DIRECTION('',(0.518974147774312,0.,-0.854789935564246));
#10501=DIRECTION('center_axis',(0.,1.,0.));
#10502=DIRECTION('ref_axis',(-0.520019346742599,0.,0.854154481937197));
#10503=DIRECTION('',(0.,1.,0.));
#10504=DIRECTION('center_axis',(0.,1.,0.));
#10505=DIRECTION('ref_axis',(-0.520019346742599,0.,0.854154481937197));
#10506=DIRECTION('',(0.,-1.,0.));
#10507=DIRECTION('center_axis',(0.131971787209487,0.,-0.991253472821525));
#10508=DIRECTION('ref_axis',(-0.991253472821525,0.,-0.131971787209487));
#10509=DIRECTION('',(-0.991253472821525,0.,-0.131971787209487));
#10510=DIRECTION('center_axis',(0.,1.,0.));
#10511=DIRECTION('ref_axis',(-0.99141416039609,0.,-0.130759177750995));
#10512=DIRECTION('',(0.,1.,0.));
#10513=DIRECTION('center_axis',(0.,1.,0.));
#10514=DIRECTION('ref_axis',(-0.99141416039609,0.,-0.130759177750995));
#10515=DIRECTION('center_axis',(0.960115587579973,0.,-0.279603394982901));
#10516=DIRECTION('ref_axis',(-0.279603394982901,0.,-0.960115587579973));
#10517=DIRECTION('',(0.,-1.,0.));
#10518=DIRECTION('',(-0.279603394982901,0.,-0.960115587579973));
#10519=DIRECTION('center_axis',(0.,1.,0.));
#10520=DIRECTION('ref_axis',(0.83119830698645,0.,0.55597605565605));
#10521=DIRECTION('center_axis',(0.,-1.,0.));
#10522=DIRECTION('ref_axis',(0.83119830698645,0.,0.55597605565605));
#10523=DIRECTION('',(0.,1.,0.));
#10524=DIRECTION('center_axis',(0.,1.,0.));
#10525=DIRECTION('ref_axis',(1.22464679914735E-16,0.,-1.));
#10526=DIRECTION('',(0.994136769953212,0.,-0.108129934000695));
#10527=DIRECTION('center_axis',(0.,1.,0.));
#10528=DIRECTION('ref_axis',(-0.499357863192781,0.,-0.866395824359478));
#10529=DIRECTION('',(0.59190731704156,0.,-0.806006034737124));
#10530=DIRECTION('center_axis',(0.,-1.,0.));
#10531=DIRECTION('ref_axis',(0.0450513307141894,0.,0.998984673356344));
#10532=DIRECTION('',(0.662054172840846,0.,0.749455984180541));
#10533=DIRECTION('center_axis',(0.,1.,0.));
#10534=DIRECTION('ref_axis',(0.419345538796392,0.,-0.907826701023694));
#10535=DIRECTION('',(0.999834228155401,0.,0.0182075865751964));
#10536=DIRECTION('center_axis',(0.,-1.,0.));
#10537=DIRECTION('ref_axis',(-0.829299922212771,0.,0.558803757161574));
#10538=DIRECTION('',(-0.358539107806678,0.,0.933514706993517));
#10539=DIRECTION('center_axis',(0.,1.,0.));
#10540=DIRECTION('ref_axis',(0.998857166092037,0.,-0.0477949970874036));
#10541=DIRECTION('',(0.446033726763813,0.,0.895016153256009));
#10542=DIRECTION('center_axis',(0.,-1.,0.));
#10543=DIRECTION('ref_axis',(-0.881470731153106,0.,-0.472238658011401));
#10544=DIRECTION('',(-0.99222134547427,0.,0.124486150174343));
#10545=DIRECTION('center_axis',(0.,1.,0.));
#10546=DIRECTION('ref_axis',(0.513557464742912,0.,0.858055202423966));
#10547=DIRECTION('',(-0.578554207519378,0.,0.815643935158979));
#10548=DIRECTION('center_axis',(0.,-1.,0.));
#10549=DIRECTION('ref_axis',(0.00377397467180924,0.,-0.999992878532231));
#10550=DIRECTION('',(-0.572381331695354,0.,-0.819987567665908));
#10551=DIRECTION('center_axis',(0.108129934000695,0.,0.994136769953212));
#10552=DIRECTION('ref_axis',(0.994136769953212,0.,-0.108129934000695));
#10553=DIRECTION('',(0.,-1.,0.));
#10554=DIRECTION('center_axis',(0.,1.,0.));
#10555=DIRECTION('ref_axis',(0.0450513307141894,0.,0.998984673356344));
#10556=DIRECTION('',(0.,-1.,0.));
#10557=DIRECTION('',(0.,1.,0.));
#10558=DIRECTION('center_axis',(-0.749455984180541,0.,0.662054172840846));
#10559=DIRECTION('ref_axis',(0.662054172840846,0.,0.749455984180541));
#10560=DIRECTION('',(0.,-1.,0.));
#10561=DIRECTION('center_axis',(0.,1.,0.));
#10562=DIRECTION('ref_axis',(-0.499357863192781,0.,-0.866395824359478));
#10563=DIRECTION('',(0.,1.,0.));
#10564=DIRECTION('center_axis',(0.806006034737124,0.,0.59190731704156));
#10565=DIRECTION('ref_axis',(0.59190731704156,0.,-0.806006034737124));
#10566=DIRECTION('center_axis',(0.,1.,0.));
#10567=DIRECTION('ref_axis',(0.419345538796392,0.,-0.907826701023694));
#10568=DIRECTION('',(0.,1.,0.));
#10569=DIRECTION('center_axis',(-0.0182075865751964,0.,0.999834228155401));
#10570=DIRECTION('ref_axis',(0.999834228155401,0.,0.0182075865751964));
#10571=DIRECTION('',(0.,-1.,0.));
#10572=DIRECTION('center_axis',(0.,1.,0.));
#10573=DIRECTION('ref_axis',(-0.829299922212771,0.,0.558803757161574));
#10574=DIRECTION('',(0.,1.,0.));
#10575=DIRECTION('center_axis',(-0.933514706993517,0.,-0.358539107806678));
#10576=DIRECTION('ref_axis',(-0.358539107806678,0.,0.933514706993517));
#10577=DIRECTION('',(0.,-1.,0.));
#10578=DIRECTION('center_axis',(0.,1.,0.));
#10579=DIRECTION('ref_axis',(0.998857166092037,0.,-0.0477949970874036));
#10580=DIRECTION('',(0.,1.,0.));
#10581=DIRECTION('center_axis',(-0.895016153256009,0.,0.446033726763813));
#10582=DIRECTION('ref_axis',(0.446033726763813,0.,0.895016153256009));
#10583=DIRECTION('',(0.,-1.,0.));
#10584=DIRECTION('center_axis',(0.,1.,0.));
#10585=DIRECTION('ref_axis',(0.513557464742912,0.,0.858055202423966));
#10586=DIRECTION('',(0.,1.,0.));
#10587=DIRECTION('',(0.,-1.,0.));
#10588=DIRECTION('center_axis',(-0.124486150174343,0.,-0.99222134547427));
#10589=DIRECTION('ref_axis',(-0.99222134547427,0.,0.124486150174343));
#10590=DIRECTION('',(0.,1.,0.));
#10591=DIRECTION('center_axis',(0.,1.,0.));
#10592=DIRECTION('ref_axis',(-0.881470731153106,0.,-0.472238658011401));
#10593=DIRECTION('center_axis',(0.,1.,0.));
#10594=DIRECTION('ref_axis',(0.00377397467180924,0.,-0.999992878532231));
#10595=DIRECTION('',(0.,-1.,0.));
#10596=DIRECTION('',(0.,1.,0.));
#10597=DIRECTION('center_axis',(0.819987567665908,0.,-0.572381331695354));
#10598=DIRECTION('ref_axis',(-0.572381331695354,0.,-0.819987567665908));
#10599=DIRECTION('center_axis',(-0.815643935158979,0.,-0.578554207519378));
#10600=DIRECTION('ref_axis',(-0.578554207519378,0.,0.815643935158979));
#10601=DIRECTION('center_axis',(0.,-1.,0.));
#10602=DIRECTION('ref_axis',(-1.,0.,-1.22464679914735E-16));
#10603=DIRECTION('center_axis',(0.,1.,0.));
#10604=DIRECTION('ref_axis',(-1.83697019872103E-16,0.,1.));
#10605=DIRECTION('center_axis',(0.,1.,0.));
#10606=DIRECTION('ref_axis',(-1.83697019872103E-16,0.,1.));
#10607=DIRECTION('',(2.16489014058873E-16,0.707106781186548,-0.707106781186548));
#10608=DIRECTION('center_axis',(0.,-1.,0.));
#10609=DIRECTION('ref_axis',(-1.83697019872103E-16,0.,1.));
#10610=DIRECTION('center_axis',(0.,-1.,0.));
#10611=DIRECTION('ref_axis',(-1.83697019872103E-16,0.,1.));
#10612=DIRECTION('center_axis',(0.,1.,0.));
#10613=DIRECTION('ref_axis',(0.854154481937197,0.,0.520019346742599));
#10614=DIRECTION('',(-0.819987567665908,0.,0.572381331695354));
#10615=DIRECTION('center_axis',(0.,-1.,0.));
#10616=DIRECTION('ref_axis',(-0.999992878532231,0.,-0.0037739746718093));
#10617=DIRECTION('',(0.815643935158979,0.,0.578554207519378));
#10618=DIRECTION('center_axis',(0.,1.,0.));
#10619=DIRECTION('ref_axis',(0.858055202423966,0.,-0.513557464742912));
#10620=DIRECTION('',(0.124486150174343,0.,0.99222134547427));
#10621=DIRECTION('center_axis',(0.,-1.,0.));
#10622=DIRECTION('ref_axis',(-0.472238658011401,0.,0.881470731153106));
#10623=DIRECTION('',(0.895016153256009,0.,-0.446033726763813));
#10624=DIRECTION('center_axis',(0.,1.,0.));
#10625=DIRECTION('ref_axis',(-0.0477949970874036,0.,-0.998857166092037));
#10626=DIRECTION('',(0.933514706993517,0.,0.358539107806678));
#10627=DIRECTION('center_axis',(0.,-1.,0.));
#10628=DIRECTION('ref_axis',(0.558803757161574,0.,0.829299922212772));
#10629=DIRECTION('',(0.0182075865751964,0.,-0.999834228155401));
#10630=DIRECTION('center_axis',(0.,1.,0.));
#10631=DIRECTION('ref_axis',(-0.907826701023694,0.,-0.419345538796392));
#10632=DIRECTION('',(0.749455984180541,0.,-0.662054172840846));
#10633=DIRECTION('center_axis',(0.,-1.,0.));
#10634=DIRECTION('ref_axis',(0.998984673356344,0.,-0.0450513307141894));
#10635=DIRECTION('',(-0.806006034737124,0.,-0.59190731704156));
#10636=DIRECTION('center_axis',(0.,1.,0.));
#10637=DIRECTION('ref_axis',(-0.866395824359478,0.,0.499357863192781));
#10638=DIRECTION('',(-0.108129934000695,0.,-0.994136769953212));
#10639=DIRECTION('center_axis',(0.,-1.,0.));
#10640=DIRECTION('ref_axis',(0.55597605565605,0.,-0.83119830698645));
#10641=DIRECTION('',(-0.960115587579973,0.,0.279603394982901));
#10642=DIRECTION('center_axis',(0.,1.,0.));
#10643=DIRECTION('ref_axis',(-0.130759177750995,0.,0.99141416039609));
#10644=DIRECTION('',(-0.854789935564246,0.,-0.518974147774312));
#10645=DIRECTION('center_axis',(0.,-1.,0.));
#10646=DIRECTION('ref_axis',(-0.431715715621419,0.,-0.902009723276577));
#10647=DIRECTION('',(-0.131971787209487,0.,0.991253472821525));
#10648=DIRECTION('center_axis',(0.,-1.,0.));
#10649=DIRECTION('ref_axis',(-1.83697019872103E-16,0.,1.));
#10650=DIRECTION('',(0.,1.,0.));
#10651=DIRECTION('center_axis',(0.,-1.,0.));
#10652=DIRECTION('ref_axis',(-1.83697019872103E-16,0.,1.));
#10653=DIRECTION('center_axis',(0.,1.,0.));
#10654=DIRECTION('ref_axis',(-0.431715715621419,0.,-0.902009723276577));
#10655=DIRECTION('center_axis',(0.,-1.,0.));
#10656=DIRECTION('ref_axis',(-0.431715715621419,0.,-0.902009723276577));
#10657=DIRECTION('',(0.,-1.,0.));
#10658=DIRECTION('',(0.,1.,0.));
#10659=DIRECTION('center_axis',(0.518974147774312,0.,-0.854789935564246));
#10660=DIRECTION('ref_axis',(-0.854789935564246,0.,-0.518974147774312));
#10661=DIRECTION('',(0.,-1.,0.));
#10662=DIRECTION('',(-0.854789935564246,0.,-0.518974147774312));
#10663=DIRECTION('center_axis',(0.,1.,0.));
#10664=DIRECTION('ref_axis',(0.854154481937197,0.,0.520019346742599));
#10665=DIRECTION('',(0.,1.,0.));
#10666=DIRECTION('center_axis',(0.,1.,0.));
#10667=DIRECTION('ref_axis',(0.854154481937197,0.,0.520019346742599));
#10668=DIRECTION('',(0.,-1.,0.));
#10669=DIRECTION('center_axis',(-0.991253472821525,0.,-0.131971787209487));
#10670=DIRECTION('ref_axis',(-0.131971787209487,0.,0.991253472821525));
#10671=DIRECTION('',(-0.131971787209487,0.,0.991253472821525));
#10672=DIRECTION('center_axis',(0.,1.,0.));
#10673=DIRECTION('ref_axis',(-0.130759177750995,0.,0.99141416039609));
#10674=DIRECTION('',(0.,1.,0.));
#10675=DIRECTION('center_axis',(0.,1.,0.));
#10676=DIRECTION('ref_axis',(-0.130759177750995,0.,0.99141416039609));
#10677=DIRECTION('center_axis',(-0.279603394982901,0.,-0.960115587579973));
#10678=DIRECTION('ref_axis',(-0.960115587579973,0.,0.279603394982901));
#10679=DIRECTION('',(0.,-1.,0.));
#10680=DIRECTION('',(-0.960115587579973,0.,0.279603394982901));
#10681=DIRECTION('center_axis',(0.,1.,0.));
#10682=DIRECTION('ref_axis',(0.55597605565605,0.,-0.83119830698645));
#10683=DIRECTION('center_axis',(0.,-1.,0.));
#10684=DIRECTION('ref_axis',(0.55597605565605,0.,-0.83119830698645));
#10685=DIRECTION('',(0.,1.,0.));
#10686=DIRECTION('center_axis',(0.,1.,0.));
#10687=DIRECTION('ref_axis',(-1.,0.,-1.83697019872103E-16));
#10688=DIRECTION('',(-0.108129934000695,0.,-0.994136769953212));
#10689=DIRECTION('center_axis',(0.,1.,0.));
#10690=DIRECTION('ref_axis',(-0.866395824359478,0.,0.499357863192781));
#10691=DIRECTION('',(-0.806006034737124,0.,-0.59190731704156));
#10692=DIRECTION('center_axis',(0.,-1.,0.));
#10693=DIRECTION('ref_axis',(0.998984673356344,0.,-0.0450513307141894));
#10694=DIRECTION('',(0.749455984180541,0.,-0.662054172840846));
#10695=DIRECTION('center_axis',(0.,1.,0.));
#10696=DIRECTION('ref_axis',(-0.907826701023694,0.,-0.419345538796392));
#10697=DIRECTION('',(0.0182075865751964,0.,-0.999834228155401));
#10698=DIRECTION('center_axis',(0.,-1.,0.));
#10699=DIRECTION('ref_axis',(0.558803757161574,0.,0.829299922212772));
#10700=DIRECTION('',(0.933514706993517,0.,0.358539107806678));
#10701=DIRECTION('center_axis',(0.,1.,0.));
#10702=DIRECTION('ref_axis',(-0.0477949970874036,0.,-0.998857166092037));
#10703=DIRECTION('',(0.895016153256009,0.,-0.446033726763813));
#10704=DIRECTION('center_axis',(0.,-1.,0.));
#10705=DIRECTION('ref_axis',(-0.472238658011401,0.,0.881470731153106));
#10706=DIRECTION('',(0.124486150174343,0.,0.99222134547427));
#10707=DIRECTION('center_axis',(0.,1.,0.));
#10708=DIRECTION('ref_axis',(0.858055202423966,0.,-0.513557464742912));
#10709=DIRECTION('',(0.815643935158979,0.,0.578554207519378));
#10710=DIRECTION('center_axis',(0.,-1.,0.));
#10711=DIRECTION('ref_axis',(-0.999992878532231,0.,-0.0037739746718093));
#10712=DIRECTION('',(-0.819987567665908,0.,0.572381331695354));
#10713=DIRECTION('center_axis',(0.994136769953212,0.,-0.108129934000695));
#10714=DIRECTION('ref_axis',(-0.108129934000695,0.,-0.994136769953212));
#10715=DIRECTION('',(0.,-1.,0.));
#10716=DIRECTION('center_axis',(0.,1.,0.));
#10717=DIRECTION('ref_axis',(0.998984673356344,0.,-0.0450513307141894));
#10718=DIRECTION('',(0.,-1.,0.));
#10719=DIRECTION('',(0.,1.,0.));
#10720=DIRECTION('center_axis',(0.662054172840846,0.,0.749455984180541));
#10721=DIRECTION('ref_axis',(0.749455984180541,0.,-0.662054172840846));
#10722=DIRECTION('',(0.,-1.,0.));
#10723=DIRECTION('center_axis',(0.,1.,0.));
#10724=DIRECTION('ref_axis',(-0.866395824359478,0.,0.499357863192781));
#10725=DIRECTION('',(0.,1.,0.));
#10726=DIRECTION('center_axis',(0.59190731704156,0.,-0.806006034737124));
#10727=DIRECTION('ref_axis',(-0.806006034737124,0.,-0.59190731704156));
#10728=DIRECTION('center_axis',(0.,1.,0.));
#10729=DIRECTION('ref_axis',(-0.907826701023694,0.,-0.419345538796392));
#10730=DIRECTION('',(0.,1.,0.));
#10731=DIRECTION('center_axis',(0.999834228155401,0.,0.0182075865751964));
#10732=DIRECTION('ref_axis',(0.0182075865751964,0.,-0.999834228155401));
#10733=DIRECTION('',(0.,-1.,0.));
#10734=DIRECTION('center_axis',(0.,1.,0.));
#10735=DIRECTION('ref_axis',(0.558803757161574,0.,0.829299922212772));
#10736=DIRECTION('',(0.,1.,0.));
#10737=DIRECTION('center_axis',(-0.358539107806678,0.,0.933514706993517));
#10738=DIRECTION('ref_axis',(0.933514706993517,0.,0.358539107806678));
#10739=DIRECTION('',(0.,-1.,0.));
#10740=DIRECTION('center_axis',(0.,1.,0.));
#10741=DIRECTION('ref_axis',(-0.0477949970874036,0.,-0.998857166092037));
#10742=DIRECTION('',(0.,1.,0.));
#10743=DIRECTION('center_axis',(0.446033726763813,0.,0.895016153256009));
#10744=DIRECTION('ref_axis',(0.895016153256009,0.,-0.446033726763813));
#10745=DIRECTION('',(0.,-1.,0.));
#10746=DIRECTION('center_axis',(0.,1.,0.));
#10747=DIRECTION('ref_axis',(0.858055202423966,0.,-0.513557464742912));
#10748=DIRECTION('',(0.,1.,0.));
#10749=DIRECTION('',(0.,-1.,0.));
#10750=DIRECTION('center_axis',(-0.99222134547427,0.,0.124486150174343));
#10751=DIRECTION('ref_axis',(0.124486150174343,0.,0.99222134547427));
#10752=DIRECTION('',(0.,1.,0.));
#10753=DIRECTION('center_axis',(0.,1.,0.));
#10754=DIRECTION('ref_axis',(-0.472238658011401,0.,0.881470731153106));
#10755=DIRECTION('center_axis',(0.,1.,0.));
#10756=DIRECTION('ref_axis',(-0.999992878532231,0.,-0.0037739746718093));
#10757=DIRECTION('',(0.,-1.,0.));
#10758=DIRECTION('',(0.,1.,0.));
#10759=DIRECTION('center_axis',(-0.572381331695354,0.,-0.819987567665908));
#10760=DIRECTION('ref_axis',(-0.819987567665908,0.,0.572381331695354));
#10761=DIRECTION('center_axis',(-0.578554207519378,0.,0.815643935158979));
#10762=DIRECTION('ref_axis',(0.815643935158979,0.,0.578554207519378));
#10763=DIRECTION('center_axis',(0.,-1.,0.));
#10764=DIRECTION('ref_axis',(-1.83697019872103E-16,0.,1.));
#10765=DIRECTION('center_axis',(0.,1.,0.));
#10766=DIRECTION('ref_axis',(6.12323399573677E-17,0.,-1.));
#10767=DIRECTION('center_axis',(0.,1.,0.));
#10768=DIRECTION('ref_axis',(6.12323399573677E-17,0.,-1.));
#10769=DIRECTION('',(-1.29893408435324E-16,0.707106781186548,0.707106781186548));
#10770=DIRECTION('center_axis',(0.,-1.,0.));
#10771=DIRECTION('ref_axis',(6.12323399573677E-17,0.,-1.));
#10772=DIRECTION('center_axis',(0.,-1.,0.));
#10773=DIRECTION('ref_axis',(6.12323399573677E-17,0.,-1.));
#10774=DIRECTION('center_axis',(0.,1.,0.));
#10775=DIRECTION('ref_axis',(-0.854154481937197,0.,-0.520019346742599));
#10776=DIRECTION('',(0.819987567665908,0.,-0.572381331695355));
#10777=DIRECTION('center_axis',(0.,-1.,0.));
#10778=DIRECTION('ref_axis',(0.999992878532231,0.,0.00377397467180918));
#10779=DIRECTION('',(-0.815643935158979,0.,-0.578554207519378));
#10780=DIRECTION('center_axis',(0.,1.,0.));
#10781=DIRECTION('ref_axis',(-0.858055202423966,0.,0.513557464742912));
#10782=DIRECTION('',(-0.124486150174343,0.,-0.99222134547427));
#10783=DIRECTION('center_axis',(0.,-1.,0.));
#10784=DIRECTION('ref_axis',(0.472238658011401,0.,-0.881470731153106));
#10785=DIRECTION('',(-0.895016153256009,0.,0.446033726763813));
#10786=DIRECTION('center_axis',(0.,1.,0.));
#10787=DIRECTION('ref_axis',(0.0477949970874037,0.,0.998857166092037));
#10788=DIRECTION('',(-0.933514706993517,0.,-0.358539107806678));
#10789=DIRECTION('center_axis',(0.,-1.,0.));
#10790=DIRECTION('ref_axis',(-0.558803757161574,0.,-0.829299922212771));
#10791=DIRECTION('',(-0.0182075865751963,0.,0.999834228155401));
#10792=DIRECTION('center_axis',(0.,1.,0.));
#10793=DIRECTION('ref_axis',(0.907826701023694,0.,0.419345538796392));
#10794=DIRECTION('',(-0.749455984180541,0.,0.662054172840846));
#10795=DIRECTION('center_axis',(0.,-1.,0.));
#10796=DIRECTION('ref_axis',(-0.998984673356344,0.,0.0450513307141895));
#10797=DIRECTION('',(0.806006034737125,0.,0.59190731704156));
#10798=DIRECTION('center_axis',(0.,1.,0.));
#10799=DIRECTION('ref_axis',(0.866395824359478,0.,-0.499357863192781));
#10800=DIRECTION('',(0.108129934000696,0.,0.994136769953212));
#10801=DIRECTION('center_axis',(0.,-1.,0.));
#10802=DIRECTION('ref_axis',(-0.55597605565605,0.,0.83119830698645));
#10803=DIRECTION('',(0.960115587579973,0.,-0.279603394982901));
#10804=DIRECTION('center_axis',(0.,1.,0.));
#10805=DIRECTION('ref_axis',(0.130759177750995,0.,-0.99141416039609));
#10806=DIRECTION('',(0.854789935564246,0.,0.518974147774311));
#10807=DIRECTION('center_axis',(0.,-1.,0.));
#10808=DIRECTION('ref_axis',(0.431715715621419,0.,0.902009723276577));
#10809=DIRECTION('',(0.131971787209487,0.,-0.991253472821525));
#10810=DIRECTION('center_axis',(0.,-1.,0.));
#10811=DIRECTION('ref_axis',(6.12323399573677E-17,0.,-1.));
#10812=DIRECTION('',(0.,1.,0.));
#10813=DIRECTION('center_axis',(0.,-1.,0.));
#10814=DIRECTION('ref_axis',(6.12323399573677E-17,0.,-1.));
#10815=DIRECTION('center_axis',(0.,1.,0.));
#10816=DIRECTION('ref_axis',(0.431715715621419,0.,0.902009723276577));
#10817=DIRECTION('center_axis',(0.,-1.,0.));
#10818=DIRECTION('ref_axis',(0.431715715621419,0.,0.902009723276577));
#10819=DIRECTION('',(0.,-1.,0.));
#10820=DIRECTION('',(0.,1.,0.));
#10821=DIRECTION('center_axis',(-0.518974147774311,0.,0.854789935564246));
#10822=DIRECTION('ref_axis',(0.854789935564246,0.,0.518974147774311));
#10823=DIRECTION('',(0.,-1.,0.));
#10824=DIRECTION('',(0.854789935564246,0.,0.518974147774311));
#10825=DIRECTION('center_axis',(0.,1.,0.));
#10826=DIRECTION('ref_axis',(-0.854154481937197,0.,-0.520019346742599));
#10827=DIRECTION('',(0.,1.,0.));
#10828=DIRECTION('center_axis',(0.,1.,0.));
#10829=DIRECTION('ref_axis',(-0.854154481937197,0.,-0.520019346742599));
#10830=DIRECTION('',(0.,-1.,0.));
#10831=DIRECTION('center_axis',(0.991253472821525,0.,0.131971787209487));
#10832=DIRECTION('ref_axis',(0.131971787209487,0.,-0.991253472821525));
#10833=DIRECTION('',(0.131971787209487,0.,-0.991253472821525));
#10834=DIRECTION('center_axis',(0.,1.,0.));
#10835=DIRECTION('ref_axis',(0.130759177750995,0.,-0.99141416039609));
#10836=DIRECTION('',(0.,1.,0.));
#10837=DIRECTION('center_axis',(0.,1.,0.));
#10838=DIRECTION('ref_axis',(0.130759177750995,0.,-0.99141416039609));
#10839=DIRECTION('center_axis',(0.279603394982901,0.,0.960115587579973));
#10840=DIRECTION('ref_axis',(0.960115587579973,0.,-0.279603394982901));
#10841=DIRECTION('',(0.,-1.,0.));
#10842=DIRECTION('',(0.960115587579973,0.,-0.279603394982901));
#10843=DIRECTION('center_axis',(0.,1.,0.));
#10844=DIRECTION('ref_axis',(-0.55597605565605,0.,0.83119830698645));
#10845=DIRECTION('center_axis',(0.,-1.,0.));
#10846=DIRECTION('ref_axis',(-0.55597605565605,0.,0.83119830698645));
#10847=DIRECTION('',(0.,1.,0.));
#10848=DIRECTION('center_axis',(0.,1.,0.));
#10849=DIRECTION('ref_axis',(1.,0.,6.12323399573677E-17));
#10850=DIRECTION('',(0.108129934000696,0.,0.994136769953212));
#10851=DIRECTION('center_axis',(0.,1.,0.));
#10852=DIRECTION('ref_axis',(0.866395824359478,0.,-0.499357863192781));
#10853=DIRECTION('',(0.806006034737125,0.,0.59190731704156));
#10854=DIRECTION('center_axis',(0.,-1.,0.));
#10855=DIRECTION('ref_axis',(-0.998984673356344,0.,0.0450513307141895));
#10856=DIRECTION('',(-0.749455984180541,0.,0.662054172840846));
#10857=DIRECTION('center_axis',(0.,1.,0.));
#10858=DIRECTION('ref_axis',(0.907826701023694,0.,0.419345538796392));
#10859=DIRECTION('',(-0.0182075865751963,0.,0.999834228155401));
#10860=DIRECTION('center_axis',(0.,-1.,0.));
#10861=DIRECTION('ref_axis',(-0.558803757161574,0.,-0.829299922212771));
#10862=DIRECTION('',(-0.933514706993517,0.,-0.358539107806678));
#10863=DIRECTION('center_axis',(0.,1.,0.));
#10864=DIRECTION('ref_axis',(0.0477949970874037,0.,0.998857166092037));
#10865=DIRECTION('',(-0.895016153256009,0.,0.446033726763813));
#10866=DIRECTION('center_axis',(0.,-1.,0.));
#10867=DIRECTION('ref_axis',(0.472238658011401,0.,-0.881470731153106));
#10868=DIRECTION('',(-0.124486150174343,0.,-0.99222134547427));
#10869=DIRECTION('center_axis',(0.,1.,0.));
#10870=DIRECTION('ref_axis',(-0.858055202423966,0.,0.513557464742912));
#10871=DIRECTION('',(-0.815643935158979,0.,-0.578554207519378));
#10872=DIRECTION('center_axis',(0.,-1.,0.));
#10873=DIRECTION('ref_axis',(0.999992878532231,0.,0.00377397467180918));
#10874=DIRECTION('',(0.819987567665908,0.,-0.572381331695355));
#10875=DIRECTION('center_axis',(-0.994136769953212,0.,0.108129934000696));
#10876=DIRECTION('ref_axis',(0.108129934000696,0.,0.994136769953212));
#10877=DIRECTION('',(0.,-1.,0.));
#10878=DIRECTION('center_axis',(0.,1.,0.));
#10879=DIRECTION('ref_axis',(-0.998984673356344,0.,0.0450513307141895));
#10880=DIRECTION('',(0.,-1.,0.));
#10881=DIRECTION('',(0.,1.,0.));
#10882=DIRECTION('center_axis',(-0.662054172840846,0.,-0.749455984180541));
#10883=DIRECTION('ref_axis',(-0.749455984180541,0.,0.662054172840846));
#10884=DIRECTION('',(0.,-1.,0.));
#10885=DIRECTION('center_axis',(0.,1.,0.));
#10886=DIRECTION('ref_axis',(0.866395824359478,0.,-0.499357863192781));
#10887=DIRECTION('',(0.,1.,0.));
#10888=DIRECTION('center_axis',(-0.59190731704156,0.,0.806006034737124));
#10889=DIRECTION('ref_axis',(0.806006034737125,0.,0.59190731704156));
#10890=DIRECTION('center_axis',(0.,1.,0.));
#10891=DIRECTION('ref_axis',(0.907826701023694,0.,0.419345538796392));
#10892=DIRECTION('',(0.,1.,0.));
#10893=DIRECTION('center_axis',(-0.999834228155401,0.,-0.0182075865751963));
#10894=DIRECTION('ref_axis',(-0.0182075865751963,0.,0.999834228155401));
#10895=DIRECTION('',(0.,-1.,0.));
#10896=DIRECTION('center_axis',(0.,1.,0.));
#10897=DIRECTION('ref_axis',(-0.558803757161574,0.,-0.829299922212771));
#10898=DIRECTION('',(0.,1.,0.));
#10899=DIRECTION('center_axis',(0.358539107806678,0.,-0.933514706993517));
#10900=DIRECTION('ref_axis',(-0.933514706993517,0.,-0.358539107806678));
#10901=DIRECTION('',(0.,-1.,0.));
#10902=DIRECTION('center_axis',(0.,1.,0.));
#10903=DIRECTION('ref_axis',(0.0477949970874037,0.,0.998857166092037));
#10904=DIRECTION('',(0.,1.,0.));
#10905=DIRECTION('center_axis',(-0.446033726763813,0.,-0.895016153256009));
#10906=DIRECTION('ref_axis',(-0.895016153256009,0.,0.446033726763813));
#10907=DIRECTION('',(0.,-1.,0.));
#10908=DIRECTION('center_axis',(0.,1.,0.));
#10909=DIRECTION('ref_axis',(-0.858055202423966,0.,0.513557464742912));
#10910=DIRECTION('',(0.,1.,0.));
#10911=DIRECTION('',(0.,-1.,0.));
#10912=DIRECTION('center_axis',(0.99222134547427,0.,-0.124486150174343));
#10913=DIRECTION('ref_axis',(-0.124486150174343,0.,-0.99222134547427));
#10914=DIRECTION('',(0.,1.,0.));
#10915=DIRECTION('center_axis',(0.,1.,0.));
#10916=DIRECTION('ref_axis',(0.472238658011401,0.,-0.881470731153106));
#10917=DIRECTION('center_axis',(0.,1.,0.));
#10918=DIRECTION('ref_axis',(0.999992878532231,0.,0.00377397467180918));
#10919=DIRECTION('',(0.,-1.,0.));
#10920=DIRECTION('',(0.,1.,0.));
#10921=DIRECTION('center_axis',(0.572381331695355,0.,0.819987567665908));
#10922=DIRECTION('ref_axis',(0.819987567665908,0.,-0.572381331695355));
#10923=DIRECTION('center_axis',(0.578554207519378,0.,-0.815643935158979));
#10924=DIRECTION('ref_axis',(-0.815643935158979,0.,-0.578554207519378));
#10925=DIRECTION('center_axis',(0.,-1.,0.));
#10926=DIRECTION('ref_axis',(6.12323399573677E-17,0.,-1.));
#10927=DIRECTION('center_axis',(0.,1.,0.));
#10928=DIRECTION('ref_axis',(-1.,0.,-1.22464679914735E-16));
#10929=DIRECTION('center_axis',(0.,1.,0.));
#10930=DIRECTION('ref_axis',(-1.,0.,-1.22464679914735E-16));
#10931=DIRECTION('',(0.707106781186548,0.707106781186548,1.73191211247099E-16));
#10932=DIRECTION('center_axis',(0.,-1.,0.));
#10933=DIRECTION('ref_axis',(-1.,0.,-1.22464679914735E-16));
#10934=DIRECTION('center_axis',(0.,-1.,0.));
#10935=DIRECTION('ref_axis',(-1.,0.,-1.22464679914735E-16));
#10936=DIRECTION('center_axis',(0.,1.,0.));
#10937=DIRECTION('ref_axis',(-0.520019346742599,0.,0.854154481937197));
#10938=DIRECTION('',(-0.572381331695354,0.,-0.819987567665908));
#10939=DIRECTION('center_axis',(0.,-1.,0.));
#10940=DIRECTION('ref_axis',(0.00377397467180924,0.,-0.999992878532231));
#10941=DIRECTION('',(-0.578554207519378,0.,0.815643935158979));
#10942=DIRECTION('center_axis',(0.,1.,0.));
#10943=DIRECTION('ref_axis',(0.513557464742912,0.,0.858055202423966));
#10944=DIRECTION('',(-0.99222134547427,0.,0.124486150174343));
#10945=DIRECTION('center_axis',(0.,-1.,0.));
#10946=DIRECTION('ref_axis',(-0.881470731153106,0.,-0.472238658011401));
#10947=DIRECTION('',(0.446033726763813,0.,0.895016153256009));
#10948=DIRECTION('center_axis',(0.,1.,0.));
#10949=DIRECTION('ref_axis',(0.998857166092037,0.,-0.0477949970874036));
#10950=DIRECTION('',(-0.358539107806678,0.,0.933514706993517));
#10951=DIRECTION('center_axis',(0.,-1.,0.));
#10952=DIRECTION('ref_axis',(-0.829299922212771,0.,0.558803757161574));
#10953=DIRECTION('',(0.999834228155401,0.,0.0182075865751964));
#10954=DIRECTION('center_axis',(0.,1.,0.));
#10955=DIRECTION('ref_axis',(0.419345538796392,0.,-0.907826701023694));
#10956=DIRECTION('',(0.662054172840846,0.,0.749455984180541));
#10957=DIRECTION('center_axis',(0.,-1.,0.));
#10958=DIRECTION('ref_axis',(0.0450513307141894,0.,0.998984673356344));
#10959=DIRECTION('',(0.59190731704156,0.,-0.806006034737124));
#10960=DIRECTION('center_axis',(0.,1.,0.));
#10961=DIRECTION('ref_axis',(-0.499357863192781,0.,-0.866395824359478));
#10962=DIRECTION('',(0.994136769953212,0.,-0.108129934000695));
#10963=DIRECTION('center_axis',(0.,-1.,0.));
#10964=DIRECTION('ref_axis',(0.83119830698645,0.,0.55597605565605));
#10965=DIRECTION('',(-0.279603394982901,0.,-0.960115587579973));
#10966=DIRECTION('center_axis',(0.,1.,0.));
#10967=DIRECTION('ref_axis',(-0.99141416039609,0.,-0.130759177750995));
#10968=DIRECTION('',(0.518974147774312,0.,-0.854789935564246));
#10969=DIRECTION('center_axis',(0.,-1.,0.));
#10970=DIRECTION('ref_axis',(0.902009723276577,0.,-0.431715715621419));
#10971=DIRECTION('',(-0.991253472821525,0.,-0.131971787209487));
#10972=DIRECTION('center_axis',(0.,-1.,0.));
#10973=DIRECTION('ref_axis',(-1.,0.,-1.22464679914735E-16));
#10974=DIRECTION('',(0.,1.,0.));
#10975=DIRECTION('center_axis',(0.,-1.,0.));
#10976=DIRECTION('ref_axis',(-1.,0.,-1.22464679914735E-16));
#10977=DIRECTION('center_axis',(0.,1.,0.));
#10978=DIRECTION('ref_axis',(0.902009723276577,0.,-0.431715715621419));
#10979=DIRECTION('center_axis',(0.,-1.,0.));
#10980=DIRECTION('ref_axis',(0.902009723276577,0.,-0.431715715621419));
#10981=DIRECTION('',(0.,-1.,0.));
#10982=DIRECTION('',(0.,1.,0.));
#10983=DIRECTION('center_axis',(0.854789935564246,0.,0.518974147774312));
#10984=DIRECTION('ref_axis',(0.518974147774312,0.,-0.854789935564246));
#10985=DIRECTION('',(0.,-1.,0.));
#10986=DIRECTION('',(0.518974147774312,0.,-0.854789935564246));
#10987=DIRECTION('center_axis',(0.,1.,0.));
#10988=DIRECTION('ref_axis',(-0.520019346742599,0.,0.854154481937197));
#10989=DIRECTION('',(0.,1.,0.));
#10990=DIRECTION('center_axis',(0.,1.,0.));
#10991=DIRECTION('ref_axis',(-0.520019346742599,0.,0.854154481937197));
#10992=DIRECTION('',(0.,-1.,0.));
#10993=DIRECTION('center_axis',(0.131971787209487,0.,-0.991253472821525));
#10994=DIRECTION('ref_axis',(-0.991253472821525,0.,-0.131971787209487));
#10995=DIRECTION('',(-0.991253472821525,0.,-0.131971787209487));
#10996=DIRECTION('center_axis',(0.,1.,0.));
#10997=DIRECTION('ref_axis',(-0.99141416039609,0.,-0.130759177750995));
#10998=DIRECTION('',(0.,1.,0.));
#10999=DIRECTION('center_axis',(0.,1.,0.));
#11000=DIRECTION('ref_axis',(-0.99141416039609,0.,-0.130759177750995));
#11001=DIRECTION('center_axis',(0.960115587579973,0.,-0.279603394982901));
#11002=DIRECTION('ref_axis',(-0.279603394982901,0.,-0.960115587579973));
#11003=DIRECTION('',(0.,-1.,0.));
#11004=DIRECTION('',(-0.279603394982901,0.,-0.960115587579973));
#11005=DIRECTION('center_axis',(0.,1.,0.));
#11006=DIRECTION('ref_axis',(0.83119830698645,0.,0.55597605565605));
#11007=DIRECTION('center_axis',(0.,-1.,0.));
#11008=DIRECTION('ref_axis',(0.83119830698645,0.,0.55597605565605));
#11009=DIRECTION('',(0.,1.,0.));
#11010=DIRECTION('center_axis',(0.,1.,0.));
#11011=DIRECTION('ref_axis',(1.22464679914735E-16,0.,-1.));
#11012=DIRECTION('',(0.994136769953212,0.,-0.108129934000695));
#11013=DIRECTION('center_axis',(0.,1.,0.));
#11014=DIRECTION('ref_axis',(-0.499357863192781,0.,-0.866395824359478));
#11015=DIRECTION('',(0.59190731704156,0.,-0.806006034737124));
#11016=DIRECTION('center_axis',(0.,-1.,0.));
#11017=DIRECTION('ref_axis',(0.0450513307141894,0.,0.998984673356344));
#11018=DIRECTION('',(0.662054172840846,0.,0.749455984180541));
#11019=DIRECTION('center_axis',(0.,1.,0.));
#11020=DIRECTION('ref_axis',(0.419345538796392,0.,-0.907826701023694));
#11021=DIRECTION('',(0.999834228155401,0.,0.0182075865751964));
#11022=DIRECTION('center_axis',(0.,-1.,0.));
#11023=DIRECTION('ref_axis',(-0.829299922212771,0.,0.558803757161574));
#11024=DIRECTION('',(-0.358539107806678,0.,0.933514706993517));
#11025=DIRECTION('center_axis',(0.,1.,0.));
#11026=DIRECTION('ref_axis',(0.998857166092037,0.,-0.0477949970874036));
#11027=DIRECTION('',(0.446033726763813,0.,0.895016153256009));
#11028=DIRECTION('center_axis',(0.,-1.,0.));
#11029=DIRECTION('ref_axis',(-0.881470731153106,0.,-0.472238658011401));
#11030=DIRECTION('',(-0.99222134547427,0.,0.124486150174343));
#11031=DIRECTION('center_axis',(0.,1.,0.));
#11032=DIRECTION('ref_axis',(0.513557464742912,0.,0.858055202423966));
#11033=DIRECTION('',(-0.578554207519378,0.,0.815643935158979));
#11034=DIRECTION('center_axis',(0.,-1.,0.));
#11035=DIRECTION('ref_axis',(0.00377397467180924,0.,-0.999992878532231));
#11036=DIRECTION('',(-0.572381331695354,0.,-0.819987567665908));
#11037=DIRECTION('center_axis',(0.108129934000695,0.,0.994136769953212));
#11038=DIRECTION('ref_axis',(0.994136769953212,0.,-0.108129934000695));
#11039=DIRECTION('',(0.,-1.,0.));
#11040=DIRECTION('center_axis',(0.,1.,0.));
#11041=DIRECTION('ref_axis',(0.0450513307141894,0.,0.998984673356344));
#11042=DIRECTION('',(0.,-1.,0.));
#11043=DIRECTION('',(0.,1.,0.));
#11044=DIRECTION('center_axis',(-0.749455984180541,0.,0.662054172840846));
#11045=DIRECTION('ref_axis',(0.662054172840846,0.,0.749455984180541));
#11046=DIRECTION('',(0.,-1.,0.));
#11047=DIRECTION('center_axis',(0.,1.,0.));
#11048=DIRECTION('ref_axis',(-0.499357863192781,0.,-0.866395824359478));
#11049=DIRECTION('',(0.,1.,0.));
#11050=DIRECTION('center_axis',(0.806006034737124,0.,0.59190731704156));
#11051=DIRECTION('ref_axis',(0.59190731704156,0.,-0.806006034737124));
#11052=DIRECTION('center_axis',(0.,1.,0.));
#11053=DIRECTION('ref_axis',(0.419345538796392,0.,-0.907826701023694));
#11054=DIRECTION('',(0.,1.,0.));
#11055=DIRECTION('center_axis',(-0.0182075865751964,0.,0.999834228155401));
#11056=DIRECTION('ref_axis',(0.999834228155401,0.,0.0182075865751964));
#11057=DIRECTION('',(0.,-1.,0.));
#11058=DIRECTION('center_axis',(0.,1.,0.));
#11059=DIRECTION('ref_axis',(-0.829299922212771,0.,0.558803757161574));
#11060=DIRECTION('',(0.,1.,0.));
#11061=DIRECTION('center_axis',(-0.933514706993517,0.,-0.358539107806678));
#11062=DIRECTION('ref_axis',(-0.358539107806678,0.,0.933514706993517));
#11063=DIRECTION('',(0.,-1.,0.));
#11064=DIRECTION('center_axis',(0.,1.,0.));
#11065=DIRECTION('ref_axis',(0.998857166092037,0.,-0.0477949970874036));
#11066=DIRECTION('',(0.,1.,0.));
#11067=DIRECTION('center_axis',(-0.895016153256009,0.,0.446033726763813));
#11068=DIRECTION('ref_axis',(0.446033726763813,0.,0.895016153256009));
#11069=DIRECTION('',(0.,-1.,0.));
#11070=DIRECTION('center_axis',(0.,1.,0.));
#11071=DIRECTION('ref_axis',(0.513557464742912,0.,0.858055202423966));
#11072=DIRECTION('',(0.,1.,0.));
#11073=DIRECTION('',(0.,-1.,0.));
#11074=DIRECTION('center_axis',(-0.124486150174343,0.,-0.99222134547427));
#11075=DIRECTION('ref_axis',(-0.99222134547427,0.,0.124486150174343));
#11076=DIRECTION('',(0.,1.,0.));
#11077=DIRECTION('center_axis',(0.,1.,0.));
#11078=DIRECTION('ref_axis',(-0.881470731153106,0.,-0.472238658011401));
#11079=DIRECTION('center_axis',(0.,1.,0.));
#11080=DIRECTION('ref_axis',(0.00377397467180924,0.,-0.999992878532231));
#11081=DIRECTION('',(0.,-1.,0.));
#11082=DIRECTION('',(0.,1.,0.));
#11083=DIRECTION('center_axis',(0.819987567665908,0.,-0.572381331695354));
#11084=DIRECTION('ref_axis',(-0.572381331695354,0.,-0.819987567665908));
#11085=DIRECTION('center_axis',(-0.815643935158979,0.,-0.578554207519378));
#11086=DIRECTION('ref_axis',(-0.578554207519378,0.,0.815643935158979));
#11087=DIRECTION('center_axis',(0.,-1.,0.));
#11088=DIRECTION('ref_axis',(-1.,0.,-1.22464679914735E-16));
#11089=DIRECTION('center_axis',(0.,1.,0.));
#11090=DIRECTION('ref_axis',(-1.83697019872103E-16,0.,1.));
#11091=DIRECTION('center_axis',(0.,1.,0.));
#11092=DIRECTION('ref_axis',(-1.83697019872103E-16,0.,1.));
#11093=DIRECTION('',(2.16489014058873E-16,0.707106781186548,-0.707106781186548));
#11094=DIRECTION('center_axis',(0.,-1.,0.));
#11095=DIRECTION('ref_axis',(-1.83697019872103E-16,0.,1.));
#11096=DIRECTION('center_axis',(0.,-1.,0.));
#11097=DIRECTION('ref_axis',(-1.83697019872103E-16,0.,1.));
#11098=DIRECTION('center_axis',(0.,1.,0.));
#11099=DIRECTION('ref_axis',(0.854154481937197,0.,0.520019346742599));
#11100=DIRECTION('',(-0.819987567665908,0.,0.572381331695354));
#11101=DIRECTION('center_axis',(0.,-1.,0.));
#11102=DIRECTION('ref_axis',(-0.999992878532231,0.,-0.0037739746718093));
#11103=DIRECTION('',(0.815643935158979,0.,0.578554207519378));
#11104=DIRECTION('center_axis',(0.,1.,0.));
#11105=DIRECTION('ref_axis',(0.858055202423966,0.,-0.513557464742912));
#11106=DIRECTION('',(0.124486150174343,0.,0.99222134547427));
#11107=DIRECTION('center_axis',(0.,-1.,0.));
#11108=DIRECTION('ref_axis',(-0.472238658011401,0.,0.881470731153106));
#11109=DIRECTION('',(0.895016153256009,0.,-0.446033726763813));
#11110=DIRECTION('center_axis',(0.,1.,0.));
#11111=DIRECTION('ref_axis',(-0.0477949970874036,0.,-0.998857166092037));
#11112=DIRECTION('',(0.933514706993517,0.,0.358539107806678));
#11113=DIRECTION('center_axis',(0.,-1.,0.));
#11114=DIRECTION('ref_axis',(0.558803757161574,0.,0.829299922212772));
#11115=DIRECTION('',(0.0182075865751964,0.,-0.999834228155401));
#11116=DIRECTION('center_axis',(0.,1.,0.));
#11117=DIRECTION('ref_axis',(-0.907826701023694,0.,-0.419345538796392));
#11118=DIRECTION('',(0.749455984180541,0.,-0.662054172840846));
#11119=DIRECTION('center_axis',(0.,-1.,0.));
#11120=DIRECTION('ref_axis',(0.998984673356344,0.,-0.0450513307141894));
#11121=DIRECTION('',(-0.806006034737124,0.,-0.59190731704156));
#11122=DIRECTION('center_axis',(0.,1.,0.));
#11123=DIRECTION('ref_axis',(-0.866395824359478,0.,0.499357863192781));
#11124=DIRECTION('',(-0.108129934000695,0.,-0.994136769953212));
#11125=DIRECTION('center_axis',(0.,-1.,0.));
#11126=DIRECTION('ref_axis',(0.55597605565605,0.,-0.83119830698645));
#11127=DIRECTION('',(-0.960115587579973,0.,0.279603394982901));
#11128=DIRECTION('center_axis',(0.,1.,0.));
#11129=DIRECTION('ref_axis',(-0.130759177750995,0.,0.99141416039609));
#11130=DIRECTION('',(-0.854789935564246,0.,-0.518974147774312));
#11131=DIRECTION('center_axis',(0.,-1.,0.));
#11132=DIRECTION('ref_axis',(-0.431715715621419,0.,-0.902009723276577));
#11133=DIRECTION('',(-0.131971787209487,0.,0.991253472821525));
#11134=DIRECTION('center_axis',(0.,-1.,0.));
#11135=DIRECTION('ref_axis',(-1.83697019872103E-16,0.,1.));
#11136=DIRECTION('',(0.,1.,0.));
#11137=DIRECTION('center_axis',(0.,-1.,0.));
#11138=DIRECTION('ref_axis',(-1.83697019872103E-16,0.,1.));
#11139=DIRECTION('center_axis',(0.,1.,0.));
#11140=DIRECTION('ref_axis',(-0.431715715621419,0.,-0.902009723276577));
#11141=DIRECTION('center_axis',(0.,-1.,0.));
#11142=DIRECTION('ref_axis',(-0.431715715621419,0.,-0.902009723276577));
#11143=DIRECTION('',(0.,-1.,0.));
#11144=DIRECTION('',(0.,1.,0.));
#11145=DIRECTION('center_axis',(0.518974147774312,0.,-0.854789935564246));
#11146=DIRECTION('ref_axis',(-0.854789935564246,0.,-0.518974147774312));
#11147=DIRECTION('',(0.,-1.,0.));
#11148=DIRECTION('',(-0.854789935564246,0.,-0.518974147774312));
#11149=DIRECTION('center_axis',(0.,1.,0.));
#11150=DIRECTION('ref_axis',(0.854154481937197,0.,0.520019346742599));
#11151=DIRECTION('',(0.,1.,0.));
#11152=DIRECTION('center_axis',(0.,1.,0.));
#11153=DIRECTION('ref_axis',(0.854154481937197,0.,0.520019346742599));
#11154=DIRECTION('',(0.,-1.,0.));
#11155=DIRECTION('center_axis',(-0.991253472821525,0.,-0.131971787209487));
#11156=DIRECTION('ref_axis',(-0.131971787209487,0.,0.991253472821525));
#11157=DIRECTION('',(-0.131971787209487,0.,0.991253472821525));
#11158=DIRECTION('center_axis',(0.,1.,0.));
#11159=DIRECTION('ref_axis',(-0.130759177750995,0.,0.99141416039609));
#11160=DIRECTION('',(0.,1.,0.));
#11161=DIRECTION('center_axis',(0.,1.,0.));
#11162=DIRECTION('ref_axis',(-0.130759177750995,0.,0.99141416039609));
#11163=DIRECTION('center_axis',(-0.279603394982901,0.,-0.960115587579973));
#11164=DIRECTION('ref_axis',(-0.960115587579973,0.,0.279603394982901));
#11165=DIRECTION('',(0.,-1.,0.));
#11166=DIRECTION('',(-0.960115587579973,0.,0.279603394982901));
#11167=DIRECTION('center_axis',(0.,1.,0.));
#11168=DIRECTION('ref_axis',(0.55597605565605,0.,-0.83119830698645));
#11169=DIRECTION('center_axis',(0.,-1.,0.));
#11170=DIRECTION('ref_axis',(0.55597605565605,0.,-0.83119830698645));
#11171=DIRECTION('',(0.,1.,0.));
#11172=DIRECTION('center_axis',(0.,1.,0.));
#11173=DIRECTION('ref_axis',(-1.,0.,-1.83697019872103E-16));
#11174=DIRECTION('',(-0.108129934000695,0.,-0.994136769953212));
#11175=DIRECTION('center_axis',(0.,1.,0.));
#11176=DIRECTION('ref_axis',(-0.866395824359478,0.,0.499357863192781));
#11177=DIRECTION('',(-0.806006034737124,0.,-0.59190731704156));
#11178=DIRECTION('center_axis',(0.,-1.,0.));
#11179=DIRECTION('ref_axis',(0.998984673356344,0.,-0.0450513307141894));
#11180=DIRECTION('',(0.749455984180541,0.,-0.662054172840846));
#11181=DIRECTION('center_axis',(0.,1.,0.));
#11182=DIRECTION('ref_axis',(-0.907826701023694,0.,-0.419345538796392));
#11183=DIRECTION('',(0.0182075865751964,0.,-0.999834228155401));
#11184=DIRECTION('center_axis',(0.,-1.,0.));
#11185=DIRECTION('ref_axis',(0.558803757161574,0.,0.829299922212772));
#11186=DIRECTION('',(0.933514706993517,0.,0.358539107806678));
#11187=DIRECTION('center_axis',(0.,1.,0.));
#11188=DIRECTION('ref_axis',(-0.0477949970874036,0.,-0.998857166092037));
#11189=DIRECTION('',(0.895016153256009,0.,-0.446033726763813));
#11190=DIRECTION('center_axis',(0.,-1.,0.));
#11191=DIRECTION('ref_axis',(-0.472238658011401,0.,0.881470731153106));
#11192=DIRECTION('',(0.124486150174343,0.,0.99222134547427));
#11193=DIRECTION('center_axis',(0.,1.,0.));
#11194=DIRECTION('ref_axis',(0.858055202423966,0.,-0.513557464742912));
#11195=DIRECTION('',(0.815643935158979,0.,0.578554207519378));
#11196=DIRECTION('center_axis',(0.,-1.,0.));
#11197=DIRECTION('ref_axis',(-0.999992878532231,0.,-0.0037739746718093));
#11198=DIRECTION('',(-0.819987567665908,0.,0.572381331695354));
#11199=DIRECTION('center_axis',(0.994136769953212,0.,-0.108129934000695));
#11200=DIRECTION('ref_axis',(-0.108129934000695,0.,-0.994136769953212));
#11201=DIRECTION('',(0.,-1.,0.));
#11202=DIRECTION('center_axis',(0.,1.,0.));
#11203=DIRECTION('ref_axis',(0.998984673356344,0.,-0.0450513307141894));
#11204=DIRECTION('',(0.,-1.,0.));
#11205=DIRECTION('',(0.,1.,0.));
#11206=DIRECTION('center_axis',(0.662054172840846,0.,0.749455984180541));
#11207=DIRECTION('ref_axis',(0.749455984180541,0.,-0.662054172840846));
#11208=DIRECTION('',(0.,-1.,0.));
#11209=DIRECTION('center_axis',(0.,1.,0.));
#11210=DIRECTION('ref_axis',(-0.866395824359478,0.,0.499357863192781));
#11211=DIRECTION('',(0.,1.,0.));
#11212=DIRECTION('center_axis',(0.59190731704156,0.,-0.806006034737124));
#11213=DIRECTION('ref_axis',(-0.806006034737124,0.,-0.59190731704156));
#11214=DIRECTION('center_axis',(0.,1.,0.));
#11215=DIRECTION('ref_axis',(-0.907826701023694,0.,-0.419345538796392));
#11216=DIRECTION('',(0.,1.,0.));
#11217=DIRECTION('center_axis',(0.999834228155401,0.,0.0182075865751964));
#11218=DIRECTION('ref_axis',(0.0182075865751964,0.,-0.999834228155401));
#11219=DIRECTION('',(0.,-1.,0.));
#11220=DIRECTION('center_axis',(0.,1.,0.));
#11221=DIRECTION('ref_axis',(0.558803757161574,0.,0.829299922212772));
#11222=DIRECTION('',(0.,1.,0.));
#11223=DIRECTION('center_axis',(-0.358539107806678,0.,0.933514706993517));
#11224=DIRECTION('ref_axis',(0.933514706993517,0.,0.358539107806678));
#11225=DIRECTION('',(0.,-1.,0.));
#11226=DIRECTION('center_axis',(0.,1.,0.));
#11227=DIRECTION('ref_axis',(-0.0477949970874036,0.,-0.998857166092037));
#11228=DIRECTION('',(0.,1.,0.));
#11229=DIRECTION('center_axis',(0.446033726763813,0.,0.895016153256009));
#11230=DIRECTION('ref_axis',(0.895016153256009,0.,-0.446033726763813));
#11231=DIRECTION('',(0.,-1.,0.));
#11232=DIRECTION('center_axis',(0.,1.,0.));
#11233=DIRECTION('ref_axis',(0.858055202423966,0.,-0.513557464742912));
#11234=DIRECTION('',(0.,1.,0.));
#11235=DIRECTION('',(0.,-1.,0.));
#11236=DIRECTION('center_axis',(-0.99222134547427,0.,0.124486150174343));
#11237=DIRECTION('ref_axis',(0.124486150174343,0.,0.99222134547427));
#11238=DIRECTION('',(0.,1.,0.));
#11239=DIRECTION('center_axis',(0.,1.,0.));
#11240=DIRECTION('ref_axis',(-0.472238658011401,0.,0.881470731153106));
#11241=DIRECTION('center_axis',(0.,1.,0.));
#11242=DIRECTION('ref_axis',(-0.999992878532231,0.,-0.0037739746718093));
#11243=DIRECTION('',(0.,-1.,0.));
#11244=DIRECTION('',(0.,1.,0.));
#11245=DIRECTION('center_axis',(-0.572381331695354,0.,-0.819987567665908));
#11246=DIRECTION('ref_axis',(-0.819987567665908,0.,0.572381331695354));
#11247=DIRECTION('center_axis',(-0.578554207519378,0.,0.815643935158979));
#11248=DIRECTION('ref_axis',(0.815643935158979,0.,0.578554207519378));
#11249=DIRECTION('center_axis',(0.,-1.,0.));
#11250=DIRECTION('ref_axis',(-1.83697019872103E-16,0.,1.));
#11251=DIRECTION('center_axis',(0.,-1.,0.));
#11252=DIRECTION('ref_axis',(0.,0.,-1.));
#11253=DIRECTION('',(-1.,0.,5.12410626750072E-16));
#11254=DIRECTION('center_axis',(0.,-1.,0.));
#11255=DIRECTION('ref_axis',(-3.7007434154172E-16,0.,1.));
#11256=DIRECTION('',(0.,0.,1.));
#11257=DIRECTION('center_axis',(0.,-1.,0.));
#11258=DIRECTION('ref_axis',(1.,0.,0.));
#11259=DIRECTION('',(1.,0.,-1.70803542250024E-16));
#11260=DIRECTION('center_axis',(0.,-1.,0.));
#11261=DIRECTION('ref_axis',(0.,0.,-1.));
#11262=DIRECTION('',(-1.70803542250024E-16,0.,-1.));
#11263=DIRECTION('center_axis',(0.,-1.,0.));
#11264=DIRECTION('ref_axis',(-1.,0.,1.11022302462516E-15));
#11265=DIRECTION('center_axis',(-1.70803542250024E-16,0.,-1.));
#11266=DIRECTION('ref_axis',(-1.,0.,1.70803542250024E-16));
#11267=DIRECTION('',(0.,1.,0.));
#11268=DIRECTION('',(1.,0.,-1.70803542250024E-16));
#11269=DIRECTION('',(0.,1.,0.));
#11270=DIRECTION('center_axis',(0.,1.,0.));
#11271=DIRECTION('ref_axis',(1.,0.,0.));
#11272=DIRECTION('',(0.,1.,0.));
#11273=DIRECTION('center_axis',(0.,1.,0.));
#11274=DIRECTION('ref_axis',(1.,0.,0.));
#11275=DIRECTION('center_axis',(1.,0.,0.));
#11276=DIRECTION('ref_axis',(0.,0.,-1.));
#11277=DIRECTION('',(0.,1.,0.));
#11278=DIRECTION('',(0.,0.,1.));
#11279=DIRECTION('center_axis',(0.,1.,0.));
#11280=DIRECTION('ref_axis',(-3.7007434154172E-16,0.,1.));
#11281=DIRECTION('',(0.,1.,0.));
#11282=DIRECTION('center_axis',(0.,1.,0.));
#11283=DIRECTION('ref_axis',(-3.7007434154172E-16,0.,1.));
#11284=DIRECTION('center_axis',(-1.,0.,1.70803542250024E-16));
#11285=DIRECTION('ref_axis',(1.70803542250024E-16,0.,1.));
#11286=DIRECTION('',(0.,1.,0.));
#11287=DIRECTION('',(-1.70803542250024E-16,0.,-1.));
#11288=DIRECTION('',(0.,1.,0.));
#11289=DIRECTION('center_axis',(0.,1.,0.));
#11290=DIRECTION('ref_axis',(0.,0.,-1.));
#11291=DIRECTION('center_axis',(0.,1.,0.));
#11292=DIRECTION('ref_axis',(0.,0.,-1.));
#11293=DIRECTION('center_axis',(5.12410626750072E-16,0.,1.));
#11294=DIRECTION('ref_axis',(1.,0.,-5.12410626750072E-16));
#11295=DIRECTION('',(0.,1.,0.));
#11296=DIRECTION('',(-1.,0.,5.12410626750072E-16));
#11297=DIRECTION('center_axis',(0.,-1.,0.));
#11298=DIRECTION('ref_axis',(-1.83697019872103E-16,0.,1.));
#11299=DIRECTION('center_axis',(0.,1.,0.));
#11300=DIRECTION('ref_axis',(-1.83697019872103E-16,0.,1.));
#11301=DIRECTION('',(0.,1.,0.));
#11302=DIRECTION('center_axis',(0.,-1.,0.));
#11303=DIRECTION('ref_axis',(-1.83697019872103E-16,0.,1.));
#11304=DIRECTION('center_axis',(0.,1.,0.));
#11305=DIRECTION('ref_axis',(-1.83697019872103E-16,0.,1.));
#11306=DIRECTION('center_axis',(0.,1.,0.));
#11307=DIRECTION('ref_axis',(-1.83697019872103E-16,0.,1.));
#11308=DIRECTION('',(-1.70803542250024E-16,0.,-1.));
#11309=DIRECTION('center_axis',(0.,-1.,0.));
#11310=DIRECTION('ref_axis',(-1.83697019872103E-16,0.,1.));
#11311=DIRECTION('',(1.,0.,1.83697019872103E-16));
#11312=DIRECTION('',(3.41607084500048E-16,0.,1.));
#11313=DIRECTION('',(-1.,0.,-1.83697019872103E-16));
#11314=DIRECTION('center_axis',(0.,-1.,0.));
#11315=DIRECTION('ref_axis',(-1.83697019872103E-16,0.,1.));
#11316=DIRECTION('center_axis',(0.,-1.,0.));
#11317=DIRECTION('ref_axis',(-1.83697019872103E-16,0.,1.));
#11318=DIRECTION('center_axis',(-0.707106781186547,-0.707106781186548,1.20776342975675E-16));
#11319=DIRECTION('ref_axis',(-0.707106781186548,0.707106781186547,-1.29893408435324E-16));
#11320=DIRECTION('',(0.,1.,0.));
#11321=DIRECTION('center_axis',(0.,-1.,0.));
#11322=DIRECTION('ref_axis',(-1.83697019872103E-16,0.,1.));
#11323=DIRECTION('center_axis',(1.83697019872103E-16,0.,-1.));
#11324=DIRECTION('ref_axis',(-1.,0.,-1.83697019872103E-16));
#11325=DIRECTION('',(-1.,0.,-1.83697019872103E-16));
#11326=DIRECTION('',(0.,-1.,0.));
#11327=DIRECTION('center_axis',(-1.83697019872103E-16,0.,1.));
#11328=DIRECTION('ref_axis',(1.,0.,1.83697019872103E-16));
#11329=DIRECTION('',(1.,0.,1.83697019872103E-16));
#11330=DIRECTION('',(0.,1.,0.));
#11331=DIRECTION('',(0.,1.,0.));
#11332=DIRECTION('center_axis',(0.,-1.,0.));
#11333=DIRECTION('ref_axis',(-1.83697019872103E-16,0.,1.));
#11334=DIRECTION('center_axis',(-0.707106781186547,-0.707106781186548,1.20776342975675E-16));
#11335=DIRECTION('ref_axis',(-0.707106781186548,0.707106781186547,-1.29893408435324E-16));
#11336=DIRECTION('center_axis',(0.,-1.,0.));
#11337=DIRECTION('ref_axis',(-1.83697019872103E-16,0.,1.));
#11338=DIRECTION('center_axis',(-0.707106781186547,-0.707106781186548,1.20776342975675E-16));
#11339=DIRECTION('ref_axis',(1.70803542250024E-16,0.,1.));
#11340=DIRECTION('',(1.70803542250024E-16,0.,1.));
#11341=DIRECTION('',(0.707106781186547,-0.707106781186548,-9.8130778667736E-16));
#11342=DIRECTION('',(-1.70803542250024E-16,0.,-1.));
#11343=DIRECTION('',(0.707106781186547,-0.707106781186548,-9.81307786677359E-16));
#11344=DIRECTION('',(1.70803542250024E-16,0.,1.));
#11345=DIRECTION('center_axis',(-0.707106781186547,-0.707106781186548,1.20776342975675E-16));
#11346=DIRECTION('ref_axis',(-0.707106781186548,0.707106781186547,-1.29893408435324E-16));
#11347=DIRECTION('',(-1.70803542250024E-16,0.,-1.));
#11348=DIRECTION('center_axis',(-0.707106781186547,-0.707106781186548,1.20776342975675E-16));
#11349=DIRECTION('ref_axis',(-0.707106781186548,0.707106781186547,-1.29893408435324E-16));
#11350=DIRECTION('',(1.70803542250024E-16,0.,1.));
#11351=DIRECTION('center_axis',(0.,-1.,0.));
#11352=DIRECTION('ref_axis',(1.,0.,0.));
#11353=DIRECTION('',(3.41607084500048E-16,0.,1.));
#11354=DIRECTION('center_axis',(0.,-1.,0.));
#11355=DIRECTION('ref_axis',(-0.923879532511287,0.,0.38268343236509));
#11356=DIRECTION('',(0.707106781186547,0.,0.707106781186548));
#11357=DIRECTION('center_axis',(0.,-1.,0.));
#11358=DIRECTION('ref_axis',(-0.382683432365089,0.,0.923879532511287));
#11359=DIRECTION('',(1.,0.,-5.97812397875084E-16));
#11360=DIRECTION('',(0.,0.,1.));
#11361=DIRECTION('center_axis',(0.,1.,0.));
#11362=DIRECTION('ref_axis',(1.,0.,0.));
#11363=DIRECTION('',(1.,0.,-5.97812397875084E-16));
#11364=DIRECTION('center_axis',(0.,1.,0.));
#11365=DIRECTION('ref_axis',(-1.83129571072191E-15,0.,1.));
#11366=DIRECTION('center_axis',(0.,1.,0.));
#11367=DIRECTION('ref_axis',(1.,0.,0.));
#11368=DIRECTION('center_axis',(0.,1.,0.));
#11369=DIRECTION('ref_axis',(1.,0.,0.));
#11370=DIRECTION('center_axis',(0.,1.,0.));
#11371=DIRECTION('ref_axis',(1.,0.,0.));
#11372=DIRECTION('center_axis',(0.,1.,0.));
#11373=DIRECTION('ref_axis',(1.,0.,0.));
#11374=DIRECTION('center_axis',(0.,1.,0.));
#11375=DIRECTION('ref_axis',(1.,0.,0.));
#11376=DIRECTION('center_axis',(0.,1.,0.));
#11377=DIRECTION('ref_axis',(1.,0.,0.));
#11378=DIRECTION('center_axis',(0.,1.,0.));
#11379=DIRECTION('ref_axis',(1.,0.,0.));
#11380=DIRECTION('center_axis',(0.,1.,0.));
#11381=DIRECTION('ref_axis',(1.,0.,0.));
#11382=DIRECTION('center_axis',(0.,-1.,0.));
#11383=DIRECTION('ref_axis',(-1.83697019872103E-16,0.,1.));
#11384=DIRECTION('center_axis',(0.,1.,0.));
#11385=DIRECTION('ref_axis',(-1.83697019872103E-16,0.,1.));
#11386=DIRECTION('',(0.,1.,0.));
#11387=DIRECTION('center_axis',(0.,-1.,0.));
#11388=DIRECTION('ref_axis',(-1.83697019872103E-16,0.,1.));
#11389=DIRECTION('center_axis',(0.,1.,0.));
#11390=DIRECTION('ref_axis',(-1.83697019872103E-16,0.,1.));
#11391=DIRECTION('center_axis',(0.,1.,0.));
#11392=DIRECTION('ref_axis',(-1.83697019872103E-16,0.,1.));
#11393=DIRECTION('center_axis',(0.,-1.,0.));
#11394=DIRECTION('ref_axis',(-1.83697019872103E-16,0.,1.));
#11395=DIRECTION('',(1.,0.,1.83697019872103E-16));
#11396=DIRECTION('',(3.41607084500048E-16,0.,1.));
#11397=DIRECTION('',(-1.,0.,-1.83697019872103E-16));
#11398=DIRECTION('center_axis',(0.,-1.,0.));
#11399=DIRECTION('ref_axis',(-1.83697019872103E-16,0.,1.));
#11400=DIRECTION('center_axis',(0.,-1.,0.));
#11401=DIRECTION('ref_axis',(-1.83697019872103E-16,0.,1.));
#11402=DIRECTION('',(0.,1.,0.));
#11403=DIRECTION('center_axis',(0.,-1.,0.));
#11404=DIRECTION('ref_axis',(-1.83697019872103E-16,0.,1.));
#11405=DIRECTION('center_axis',(1.83697019872103E-16,0.,-1.));
#11406=DIRECTION('ref_axis',(-1.,0.,-1.83697019872103E-16));
#11407=DIRECTION('',(-1.,0.,-1.83697019872103E-16));
#11408=DIRECTION('',(0.,-1.,0.));
#11409=DIRECTION('center_axis',(-1.83697019872103E-16,0.,1.));
#11410=DIRECTION('ref_axis',(1.,0.,1.83697019872103E-16));
#11411=DIRECTION('',(1.,0.,1.83697019872103E-16));
#11412=DIRECTION('',(0.,1.,0.));
#11413=DIRECTION('',(0.,1.,0.));
#11414=DIRECTION('center_axis',(0.,-1.,0.));
#11415=DIRECTION('ref_axis',(-1.83697019872103E-16,0.,1.));
#11416=DIRECTION('center_axis',(0.,-1.,0.));
#11417=DIRECTION('ref_axis',(-1.83697019872103E-16,0.,1.));
#11418=DIRECTION('center_axis',(0.,-1.,0.));
#11419=DIRECTION('ref_axis',(1.,0.,0.));
#11420=DIRECTION('',(3.41607084500048E-16,0.,1.));
#11421=DIRECTION('center_axis',(0.,1.,0.));
#11422=DIRECTION('ref_axis',(-1.83697019872103E-16,0.,1.));
#11423=DIRECTION('center_axis',(0.,1.,0.));
#11424=DIRECTION('ref_axis',(-1.83697019872103E-16,0.,1.));
#11425=DIRECTION('',(0.,1.,0.));
#11426=DIRECTION('center_axis',(0.,1.,0.));
#11427=DIRECTION('ref_axis',(-1.83697019872103E-16,0.,1.));
#11428=DIRECTION('center_axis',(0.,-1.,0.));
#11429=DIRECTION('ref_axis',(-1.83697019872103E-16,0.,1.));
#11430=DIRECTION('center_axis',(0.,-1.,0.));
#11431=DIRECTION('ref_axis',(-1.83697019872103E-16,0.,1.));
#11432=DIRECTION('',(-8.5401771125012E-17,0.,1.));
#11433=DIRECTION('center_axis',(0.,1.,0.));
#11434=DIRECTION('ref_axis',(-1.83697019872103E-16,0.,1.));
#11435=DIRECTION('',(1.,0.,1.83697019872103E-16));
#11436=DIRECTION('',(2.56205313375036E-16,0.,-1.));
#11437=DIRECTION('',(-1.,0.,-1.83697019872103E-16));
#11438=DIRECTION('center_axis',(0.,1.,0.));
#11439=DIRECTION('ref_axis',(-1.83697019872103E-16,0.,1.));
#11440=DIRECTION('center_axis',(0.,1.,0.));
#11441=DIRECTION('ref_axis',(-1.83697019872103E-16,0.,1.));
#11442=DIRECTION('center_axis',(0.707106781186547,-0.707106781186548,6.03881714878374E-17));
#11443=DIRECTION('ref_axis',(0.707106781186548,0.707106781186547,1.29893408435324E-16));
#11444=DIRECTION('',(0.,1.,0.));
#11445=DIRECTION('center_axis',(0.,-1.,0.));
#11446=DIRECTION('ref_axis',(-1.83697019872103E-16,0.,1.));
#11447=DIRECTION('center_axis',(0.,1.,0.));
#11448=DIRECTION('ref_axis',(-1.83697019872103E-16,0.,1.));
#11449=DIRECTION('center_axis',(0.707106781186547,-0.707106781186548,6.03881714878374E-17));
#11450=DIRECTION('ref_axis',(0.707106781186548,0.707106781186547,1.29893408435324E-16));
#11451=DIRECTION('center_axis',(0.,-1.,0.));
#11452=DIRECTION('ref_axis',(-1.83697019872103E-16,0.,1.));
#11453=DIRECTION('',(0.,1.,0.));
#11454=DIRECTION('center_axis',(-1.83697019872103E-16,0.,1.));
#11455=DIRECTION('ref_axis',(1.,0.,1.83697019872103E-16));
#11456=DIRECTION('',(-1.,0.,-1.83697019872103E-16));
#11457=DIRECTION('',(0.,1.,0.));
#11458=DIRECTION('center_axis',(1.83697019872103E-16,0.,-1.));
#11459=DIRECTION('ref_axis',(-1.,0.,-1.83697019872103E-16));
#11460=DIRECTION('',(1.,0.,1.83697019872103E-16));
#11461=DIRECTION('',(0.,-1.,0.));
#11462=DIRECTION('center_axis',(0.707106781186547,-0.707106781186548,6.03881714878374E-17));
#11463=DIRECTION('ref_axis',(8.5401771125012E-17,0.,-1.));
#11464=DIRECTION('',(8.5401771125012E-17,0.,-1.));
#11465=DIRECTION('center_axis',(0.707106781186547,-0.707106781186548,6.03881714878374E-17));
#11466=DIRECTION('ref_axis',(0.707106781186548,0.707106781186547,1.29893408435324E-16));
#11467=DIRECTION('',(-8.5401771125012E-17,0.,1.));
#11468=DIRECTION('center_axis',(0.707106781186547,-0.707106781186548,6.03881714878374E-17));
#11469=DIRECTION('ref_axis',(0.707106781186548,0.707106781186547,1.29893408435324E-16));
#11470=DIRECTION('',(8.5401771125012E-17,0.,-1.));
#11471=DIRECTION('',(-0.707106781186547,-0.707106781186548,0.));
#11472=DIRECTION('',(-8.5401771125012E-17,0.,1.));
#11473=DIRECTION('',(-0.707106781186548,-0.707106781186547,0.));
#11474=DIRECTION('',(-0.707106781186548,-0.707106781186547,0.));
#11475=DIRECTION('',(8.5401771125012E-17,0.,-1.));
#11476=DIRECTION('center_axis',(0.,-1.,0.));
#11477=DIRECTION('ref_axis',(1.,0.,0.));
#11478=DIRECTION('',(2.56205313375036E-16,0.,-1.));
#11479=DIRECTION('',(-1.,0.,-1.83697019872103E-16));
#11480=DIRECTION('center_axis',(0.,-1.,0.));
#11481=DIRECTION('ref_axis',(-1.83697019872103E-16,0.,1.));
#11482=DIRECTION('center_axis',(0.,1.,0.));
#11483=DIRECTION('ref_axis',(-1.83697019872103E-16,0.,1.));
#11484=DIRECTION('center_axis',(0.,1.,0.));
#11485=DIRECTION('ref_axis',(-1.83697019872103E-16,0.,1.));
#11486=DIRECTION('',(0.,1.,0.));
#11487=DIRECTION('center_axis',(0.,1.,0.));
#11488=DIRECTION('ref_axis',(-1.83697019872103E-16,0.,1.));
#11489=DIRECTION('center_axis',(0.,-1.,0.));
#11490=DIRECTION('ref_axis',(-1.83697019872103E-16,0.,1.));
#11491=DIRECTION('center_axis',(0.,-1.,0.));
#11492=DIRECTION('ref_axis',(-1.83697019872103E-16,0.,1.));
#11493=DIRECTION('center_axis',(0.,1.,0.));
#11494=DIRECTION('ref_axis',(-1.83697019872103E-16,0.,1.));
#11495=DIRECTION('',(1.,0.,1.83697019872103E-16));
#11496=DIRECTION('',(2.56205313375036E-16,0.,-1.));
#11497=DIRECTION('',(-1.,0.,-1.83697019872103E-16));
#11498=DIRECTION('center_axis',(0.,1.,0.));
#11499=DIRECTION('ref_axis',(-1.83697019872103E-16,0.,1.));
#11500=DIRECTION('center_axis',(0.,1.,0.));
#11501=DIRECTION('ref_axis',(-1.83697019872103E-16,0.,1.));
#11502=DIRECTION('',(0.,1.,0.));
#11503=DIRECTION('center_axis',(0.,-1.,0.));
#11504=DIRECTION('ref_axis',(-1.83697019872103E-16,0.,1.));
#11505=DIRECTION('center_axis',(0.,1.,0.));
#11506=DIRECTION('ref_axis',(-1.83697019872103E-16,0.,1.));
#11507=DIRECTION('',(0.,1.,0.));
#11508=DIRECTION('center_axis',(-1.83697019872103E-16,0.,1.));
#11509=DIRECTION('ref_axis',(1.,0.,1.83697019872103E-16));
#11510=DIRECTION('',(0.,1.,0.));
#11511=DIRECTION('center_axis',(1.83697019872103E-16,0.,-1.));
#11512=DIRECTION('ref_axis',(-1.,0.,-1.83697019872103E-16));
#11513=DIRECTION('',(1.,0.,1.83697019872103E-16));
#11514=DIRECTION('',(0.,-1.,0.));
#11515=DIRECTION('center_axis',(0.,-1.,0.));
#11516=DIRECTION('ref_axis',(1.,0.,0.));
#11517=DIRECTION('',(2.56205313375036E-16,0.,-1.));
#11518=DIRECTION('center_axis',(0.,1.,0.));
#11519=DIRECTION('ref_axis',(5.92118946466747E-15,0.,-1.));
#11520=DIRECTION('',(-1.,0.,8.5401771125012E-17));
#11521=DIRECTION('',(0.,0.,-1.));
#11522=DIRECTION('center_axis',(0.,1.,0.));
#11523=DIRECTION('ref_axis',(1.,0.,0.));
#11524=DIRECTION('',(-1.,0.,1.70803542250024E-16));
#11525=DIRECTION('center_axis',(0.,1.,0.));
#11526=DIRECTION('ref_axis',(0.,0.,-1.));
#11527=DIRECTION('center_axis',(0.,-1.,0.));
#11528=DIRECTION('ref_axis',(1.,0.,0.));
#11529=DIRECTION('center_axis',(0.,1.,0.));
#11530=DIRECTION('ref_axis',(1.,0.,0.));
#11531=DIRECTION('',(0.,1.,0.));
#11532=DIRECTION('center_axis',(0.,-1.,0.));
#11533=DIRECTION('ref_axis',(1.,0.,0.));
#11534=DIRECTION('center_axis',(0.,1.,0.));
#11535=DIRECTION('ref_axis',(1.,0.,0.));
#11536=DIRECTION('center_axis',(0.,-1.,0.));
#11537=DIRECTION('ref_axis',(1.,0.,0.));
#11538=DIRECTION('center_axis',(0.,1.,0.));
#11539=DIRECTION('ref_axis',(1.,0.,0.));
#11540=DIRECTION('',(0.,1.,0.));
#11541=DIRECTION('center_axis',(0.,-1.,0.));
#11542=DIRECTION('ref_axis',(1.,0.,0.));
#11543=DIRECTION('center_axis',(0.,1.,0.));
#11544=DIRECTION('ref_axis',(1.,0.,0.));
#11545=DIRECTION('center_axis',(0.,1.,0.));
#11546=DIRECTION('ref_axis',(1.,0.,0.));
#11547=DIRECTION('',(1.,0.,-5.97812397875084E-16));
#11548=DIRECTION('center_axis',(0.,-1.,0.));
#11549=DIRECTION('ref_axis',(1.,0.,0.));
#11550=DIRECTION('',(0.,0.,-1.));
#11551=DIRECTION('',(-1.,0.,5.97812397875084E-16));
#11552=DIRECTION('',(0.,0.,1.));
#11553=DIRECTION('center_axis',(0.,-1.,0.));
#11554=DIRECTION('ref_axis',(1.,0.,0.));
#11555=DIRECTION('center_axis',(0.,-1.,0.));
#11556=DIRECTION('ref_axis',(1.,0.,0.));
#11557=DIRECTION('center_axis',(-4.22717200414862E-16,0.707106781186548,
-0.707106781186547));
#11558=DIRECTION('ref_axis',(0.,0.707106781186547,0.707106781186548));
#11559=DIRECTION('',(0.,1.,0.));
#11560=DIRECTION('center_axis',(0.,1.,0.));
#11561=DIRECTION('ref_axis',(1.,0.,0.));
#11562=DIRECTION('center_axis',(-1.,0.,0.));
#11563=DIRECTION('ref_axis',(0.,0.,1.));
#11564=DIRECTION('',(0.,0.,-1.));
#11565=DIRECTION('',(0.,1.,0.));
#11566=DIRECTION('center_axis',(1.,0.,0.));
#11567=DIRECTION('ref_axis',(0.,0.,-1.));
#11568=DIRECTION('',(0.,0.,1.));
#11569=DIRECTION('',(0.,-1.,0.));
#11570=DIRECTION('',(0.,1.,0.));
#11571=DIRECTION('center_axis',(0.,-1.,0.));
#11572=DIRECTION('ref_axis',(1.,0.,0.));
#11573=DIRECTION('center_axis',(-4.22717200414862E-16,0.707106781186548,
-0.707106781186547));
#11574=DIRECTION('ref_axis',(0.,0.707106781186547,0.707106781186548));
#11575=DIRECTION('center_axis',(0.,1.,0.));
#11576=DIRECTION('ref_axis',(1.,0.,0.));
#11577=DIRECTION('center_axis',(0.,1.,0.));
#11578=DIRECTION('ref_axis',(1.,0.,0.));
#11579=DIRECTION('',(1.,0.,-5.97812397875084E-16));
#11580=DIRECTION('center_axis',(0.,-1.,0.));
#11581=DIRECTION('ref_axis',(1.,0.,0.));
#11582=DIRECTION('',(0.,0.,-1.));
#11583=DIRECTION('',(-1.,0.,5.97812397875084E-16));
#11584=DIRECTION('',(0.,0.,1.));
#11585=DIRECTION('center_axis',(0.,-1.,0.));
#11586=DIRECTION('ref_axis',(1.,0.,0.));
#11587=DIRECTION('center_axis',(0.,-1.,0.));
#11588=DIRECTION('ref_axis',(1.,0.,0.));
#11589=DIRECTION('center_axis',(-4.22717200414862E-16,0.707106781186548,
-0.707106781186547));
#11590=DIRECTION('ref_axis',(0.,0.707106781186547,0.707106781186548));
#11591=DIRECTION('',(0.,1.,0.));
#11592=DIRECTION('center_axis',(0.,1.,0.));
#11593=DIRECTION('ref_axis',(1.,0.,0.));
#11594=DIRECTION('center_axis',(-1.,0.,0.));
#11595=DIRECTION('ref_axis',(0.,0.,1.));
#11596=DIRECTION('',(0.,0.,-1.));
#11597=DIRECTION('',(0.,1.,0.));
#11598=DIRECTION('center_axis',(1.,0.,0.));
#11599=DIRECTION('ref_axis',(0.,0.,-1.));
#11600=DIRECTION('',(0.,-1.,0.));
#11601=DIRECTION('',(0.,1.,0.));
#11602=DIRECTION('center_axis',(0.,-1.,0.));
#11603=DIRECTION('ref_axis',(1.,0.,0.));
#11604=DIRECTION('center_axis',(-4.22717200414862E-16,0.707106781186548,
-0.707106781186547));
#11605=DIRECTION('ref_axis',(0.,0.707106781186547,0.707106781186548));
#11606=DIRECTION('center_axis',(4.22717200414862E-16,-0.707106781186548,
0.707106781186547));
#11607=DIRECTION('ref_axis',(1.,0.,-5.97812397875084E-16));
#11608=DIRECTION('',(1.,0.,-5.97812397875084E-16));
#11609=DIRECTION('',(0.,0.707106781186547,0.707106781186548));
#11610=DIRECTION('',(0.,0.707106781186547,0.707106781186548));
#11611=DIRECTION('',(-1.,0.,5.97812397875084E-16));
#11612=DIRECTION('',(-9.81307786677359E-16,-0.707106781186547,-0.707106781186548));
#11613=DIRECTION('',(1.,0.,-5.97812397875084E-16));
#11614=DIRECTION('center_axis',(0.,-1.,0.));
#11615=DIRECTION('ref_axis',(1.,0.,0.));
#11616=DIRECTION('',(-1.,0.,1.00929365875014E-15));
#11617=DIRECTION('center_axis',(0.,-1.,0.));
#11618=DIRECTION('ref_axis',(1.,0.,0.));
#11619=DIRECTION('',(0.,0.,1.));
#11620=DIRECTION('',(1.,0.,-5.97812397875084E-16));
#11621=DIRECTION('center_axis',(0.,1.,0.));
#11622=DIRECTION('ref_axis',(1.,0.,-5.92118946466758E-15));
#11623=DIRECTION('',(2.56205313375036E-16,0.,-1.));
#11624=DIRECTION('center_axis',(0.,-1.,0.));
#11625=DIRECTION('ref_axis',(1.,0.,0.));
#11626=DIRECTION('center_axis',(0.,1.,0.));
#11627=DIRECTION('ref_axis',(-1.,0.,-4.57823927680477E-16));
#11628=DIRECTION('',(-1.,0.,1.70803542250024E-16));
#11629=DIRECTION('center_axis',(0.,1.,0.));
#11630=DIRECTION('ref_axis',(1.,0.,0.));
#11631=DIRECTION('',(0.,0.,1.));
#11632=DIRECTION('',(-1.,0.,8.5401771125012E-17));
#11633=DIRECTION('center_axis',(0.,1.,0.));
#11634=DIRECTION('ref_axis',(-1.,0.,0.));
#11635=DIRECTION('',(3.41607084500048E-16,0.,1.));
#11636=DIRECTION('center_axis',(0.,1.,0.));
#11637=DIRECTION('ref_axis',(1.,0.,0.));
#11638=DIRECTION('center_axis',(0.,1.,0.));
#11639=DIRECTION('ref_axis',(1.,0.,0.));
#11640=DIRECTION('',(0.,1.,0.));
#11641=DIRECTION('center_axis',(0.,1.,0.));
#11642=DIRECTION('ref_axis',(1.,0.,0.));
#11643=DIRECTION('center_axis',(0.,-1.,0.));
#11644=DIRECTION('ref_axis',(1.,0.,0.));
#11645=DIRECTION('center_axis',(0.,1.,0.));
#11646=DIRECTION('ref_axis',(1.,0.,0.));
#11647=DIRECTION('center_axis',(0.,1.,0.));
#11648=DIRECTION('ref_axis',(1.,0.,0.));
#11649=DIRECTION('',(0.,1.,0.));
#11650=DIRECTION('center_axis',(0.,1.,0.));
#11651=DIRECTION('ref_axis',(1.,0.,0.));
#11652=DIRECTION('center_axis',(0.,-1.,0.));
#11653=DIRECTION('ref_axis',(1.,0.,0.));
#11654=DIRECTION('center_axis',(0.,-1.,0.));
#11655=DIRECTION('ref_axis',(1.,0.,0.));
#11656=DIRECTION('',(-1.,0.,1.70803542250024E-16));
#11657=DIRECTION('center_axis',(0.,1.,0.));
#11658=DIRECTION('ref_axis',(1.,0.,0.));
#11659=DIRECTION('',(0.,0.,-1.));
#11660=DIRECTION('',(1.,0.,-8.5401771125012E-17));
#11661=DIRECTION('',(0.,0.,1.));
#11662=DIRECTION('center_axis',(0.,1.,0.));
#11663=DIRECTION('ref_axis',(1.,0.,0.));
#11664=DIRECTION('center_axis',(0.,1.,0.));
#11665=DIRECTION('ref_axis',(1.,0.,0.));
#11666=DIRECTION('center_axis',(1.20776342975675E-16,0.707106781186548,
0.707106781186547));
#11667=DIRECTION('ref_axis',(0.,0.707106781186547,-0.707106781186548));
#11668=DIRECTION('',(0.,1.,0.));
#11669=DIRECTION('center_axis',(0.,1.,0.));
#11670=DIRECTION('ref_axis',(1.,0.,0.));
#11671=DIRECTION('center_axis',(1.20776342975675E-16,0.707106781186548,
0.707106781186547));
#11672=DIRECTION('ref_axis',(0.,0.707106781186547,-0.707106781186548));
#11673=DIRECTION('center_axis',(0.,1.,0.));
#11674=DIRECTION('ref_axis',(1.,0.,0.));
#11675=DIRECTION('',(0.,1.,0.));
#11676=DIRECTION('center_axis',(1.,0.,0.));
#11677=DIRECTION('ref_axis',(0.,0.,-1.));
#11678=DIRECTION('',(0.,0.,-1.));
#11679=DIRECTION('',(0.,-1.,0.));
#11680=DIRECTION('center_axis',(-1.,0.,0.));
#11681=DIRECTION('ref_axis',(0.,0.,1.));
#11682=DIRECTION('',(0.,1.,0.));
#11683=DIRECTION('center_axis',(0.,-1.,0.));
#11684=DIRECTION('ref_axis',(1.,0.,0.));
#11685=DIRECTION('',(-1.,0.,1.70803542250024E-16));
#11686=DIRECTION('center_axis',(0.,1.,0.));
#11687=DIRECTION('ref_axis',(1.,0.,0.));
#11688=DIRECTION('',(0.,0.,-1.));
#11689=DIRECTION('',(1.,0.,-8.5401771125012E-17));
#11690=DIRECTION('',(0.,0.,1.));
#11691=DIRECTION('center_axis',(0.,1.,0.));
#11692=DIRECTION('ref_axis',(1.,0.,0.));
#11693=DIRECTION('center_axis',(0.,1.,0.));
#11694=DIRECTION('ref_axis',(1.,0.,0.));
#11695=DIRECTION('center_axis',(1.20776342975675E-16,0.707106781186548,
0.707106781186547));
#11696=DIRECTION('ref_axis',(0.,0.707106781186547,-0.707106781186548));
#11697=DIRECTION('',(0.,1.,0.));
#11698=DIRECTION('center_axis',(0.,1.,0.));
#11699=DIRECTION('ref_axis',(1.,0.,0.));
#11700=DIRECTION('center_axis',(0.,1.,0.));
#11701=DIRECTION('ref_axis',(1.,0.,0.));
#11702=DIRECTION('center_axis',(1.20776342975675E-16,0.707106781186548,
0.707106781186547));
#11703=DIRECTION('ref_axis',(0.,0.707106781186547,-0.707106781186548));
#11704=DIRECTION('',(0.,1.,0.));
#11705=DIRECTION('center_axis',(1.,0.,0.));
#11706=DIRECTION('ref_axis',(0.,0.,-1.));
#11707=DIRECTION('',(0.,-1.,0.));
#11708=DIRECTION('center_axis',(-1.,0.,0.));
#11709=DIRECTION('ref_axis',(0.,0.,1.));
#11710=DIRECTION('',(0.,0.,1.));
#11711=DIRECTION('',(0.,1.,0.));
#11712=DIRECTION('center_axis',(0.,-1.,0.));
#11713=DIRECTION('ref_axis',(1.,0.,0.));
#11714=DIRECTION('',(1.,0.,-5.97812397875084E-16));
#11715=DIRECTION('center_axis',(0.,-1.,0.));
#11716=DIRECTION('ref_axis',(1.,0.,0.));
#11717=DIRECTION('',(-1.,0.,1.70803542250024E-16));
#11718=DIRECTION('',(-1.,0.,8.5401771125012E-17));
#11719=DIRECTION('center_axis',(-1.20776342975675E-16,-0.707106781186548,
-0.707106781186547));
#11720=DIRECTION('ref_axis',(-1.,0.,1.70803542250024E-16));
#11721=DIRECTION('',(0.,-0.707106781186548,0.707106781186547));
#11722=DIRECTION('',(1.,0.,-1.70803542250024E-16));
#11723=DIRECTION('',(0.,-0.707106781186548,0.707106781186547));
#11724=DIRECTION('center_axis',(0.,1.,0.));
#11725=DIRECTION('ref_axis',(-0.382683432365089,0.,0.923879532511287));
#11726=DIRECTION('center_axis',(0.,-1.,0.));
#11727=DIRECTION('ref_axis',(-0.382683432365089,0.,0.923879532511287));
#11728=DIRECTION('',(0.,-1.,0.));
#11729=DIRECTION('',(0.,1.,0.));
#11730=DIRECTION('center_axis',(0.,-1.,0.));
#11731=DIRECTION('ref_axis',(1.,0.,0.));
#11732=DIRECTION('',(0.707106781186547,0.,0.707106781186548));
#11733=DIRECTION('center_axis',(0.,-1.,0.));
#11734=DIRECTION('ref_axis',(-0.923879532511287,0.,0.38268343236509));
#11735=DIRECTION('',(3.41607084500048E-16,0.,1.));
#11736=DIRECTION('center_axis',(0.,1.,0.));
#11737=DIRECTION('ref_axis',(-1.,0.,0.));
#11738=DIRECTION('',(-1.,0.,8.5401771125012E-17));
#11739=DIRECTION('center_axis',(0.,1.,0.));
#11740=DIRECTION('ref_axis',(5.92118946466747E-15,0.,-1.));
#11741=DIRECTION('',(2.56205313375036E-16,0.,-1.));
#11742=DIRECTION('center_axis',(0.,1.,0.));
#11743=DIRECTION('ref_axis',(1.,0.,-5.92118946466758E-15));
#11744=DIRECTION('',(1.,0.,-5.97812397875084E-16));
#11745=DIRECTION('',(3.22722611390005E-16,0.,1.));
#11746=DIRECTION('',(0.707106781186547,0.,0.707106781186548));
#11747=DIRECTION('',(1.,0.,-7.53019426576679E-16));
#11748=DIRECTION('',(3.81192454806921E-16,0.,-1.));
#11749=DIRECTION('',(-1.,0.,0.));
#11750=DIRECTION('center_axis',(0.707106781186548,0.,-0.707106781186547));
#11751=DIRECTION('ref_axis',(0.707106781186547,0.,0.707106781186548));
#11752=DIRECTION('',(0.,-1.,0.));
#11753=DIRECTION('center_axis',(0.,1.,0.));
#11754=DIRECTION('ref_axis',(-0.923879532511287,0.,0.38268343236509));
#11755=DIRECTION('',(0.,1.,0.));
#11756=DIRECTION('center_axis',(1.,0.,1.01854927785966E-15));
#11757=DIRECTION('ref_axis',(1.01854927785966E-15,0.,-1.));
#11758=DIRECTION('',(0.,-0.707105585734465,-0.707107976636609));
#11759=DIRECTION('',(1.01854927785966E-15,0.,-1.));
#11760=DIRECTION('',(0.,1.,0.));
#11761=DIRECTION('',(1.01854927785966E-15,0.,-1.));
#11762=DIRECTION('center_axis',(0.,-1.,0.));
#11763=DIRECTION('ref_axis',(1.,0.,0.));
#11764=DIRECTION('center_axis',(0.,1.,0.));
#11765=DIRECTION('ref_axis',(1.,0.,-9.15647855360956E-16));
#11766=DIRECTION('',(0.,0.,1.));
#11767=DIRECTION('center_axis',(0.,-1.,0.));
#11768=DIRECTION('ref_axis',(1.,0.,0.));
#11769=DIRECTION('',(-1.,0.,1.00929365875014E-15));
#11770=DIRECTION('center_axis',(0.,1.,0.));
#11771=DIRECTION('ref_axis',(1.,0.,-9.15647855360956E-16));
#11772=DIRECTION('',(1.,0.,0.));
#11773=DIRECTION('center_axis',(0.,1.,0.));
#11774=DIRECTION('ref_axis',(0.999992933436505,0.,0.00375939849624103));
#11775=DIRECTION('center_axis',(-1.,0.,0.));
#11776=DIRECTION('ref_axis',(0.,0.,1.));
#11777=DIRECTION('',(0.,1.,0.));
#11778=DIRECTION('center_axis',(0.,1.,0.));
#11779=DIRECTION('ref_axis',(1.,0.,0.));
#11780=DIRECTION('',(0.,1.,0.));
#11781=DIRECTION('center_axis',(-1.00929365875014E-15,0.,-1.));
#11782=DIRECTION('ref_axis',(-1.,0.,1.00929365875014E-15));
#11783=DIRECTION('center_axis',(0.,0.,1.));
#11784=DIRECTION('ref_axis',(1.,0.,0.));
#11785=DIRECTION('',(0.707107976636609,0.707105585734465,-1.20776138788225E-15));
#11786=DIRECTION('',(1.,0.,0.));
#11787=DIRECTION('',(0.,1.,0.));
#11788=DIRECTION('center_axis',(0.,1.,0.));
#11789=DIRECTION('ref_axis',(0.999992933436505,0.,0.00375939849624103));
#11790=DIRECTION('center_axis',(0.,1.,0.));
#11791=DIRECTION('ref_axis',(0.999992933436505,0.,0.00375939849624103));
#11792=DIRECTION('center_axis',(0.,-1.,0.));
#11793=DIRECTION('ref_axis',(1.,0.,0.));
#11794=DIRECTION('center_axis',(0.,1.,0.));
#11795=DIRECTION('ref_axis',(1.,0.,-9.15647855360956E-16));
#11796=DIRECTION('center_axis',(0.,1.,0.));
#11797=DIRECTION('ref_axis',(1.,0.,-9.15647855360956E-16));
#11798=DIRECTION('center_axis',(0.,-1.,0.));
#11799=DIRECTION('ref_axis',(1.,0.,-9.15647855360956E-16));
#11800=DIRECTION('center_axis',(0.,1.,0.));
#11801=DIRECTION('ref_axis',(1.,0.,0.));
#11802=DIRECTION('',(0.,1.,0.));
#11803=DIRECTION('center_axis',(0.,1.,0.));
#11804=DIRECTION('ref_axis',(1.,0.,0.));
#11805=DIRECTION('center_axis',(0.,-1.,0.));
#11806=DIRECTION('ref_axis',(1.,0.,0.));
#11807=DIRECTION('center_axis',(0.,1.,0.));
#11808=DIRECTION('ref_axis',(1.,0.,0.));
#11809=DIRECTION('',(0.,1.,0.));
#11810=DIRECTION('center_axis',(0.,1.,0.));
#11811=DIRECTION('ref_axis',(1.,0.,0.));
#11812=DIRECTION('center_axis',(0.,-1.,0.));
#11813=DIRECTION('ref_axis',(1.,0.,0.));
#11814=DIRECTION('center_axis',(0.,1.,0.));
#11815=DIRECTION('ref_axis',(1.,0.,0.));
#11816=DIRECTION('',(0.,1.,0.));
#11817=DIRECTION('center_axis',(0.,1.,0.));
#11818=DIRECTION('ref_axis',(1.,0.,0.));
#11819=DIRECTION('center_axis',(0.,-1.,0.));
#11820=DIRECTION('ref_axis',(1.,0.,0.));
#11821=DIRECTION('center_axis',(0.,1.,0.));
#11822=DIRECTION('ref_axis',(1.,0.,0.));
#11823=DIRECTION('',(0.,1.,0.));
#11824=DIRECTION('center_axis',(0.,1.,0.));
#11825=DIRECTION('ref_axis',(1.,0.,0.));
#11826=DIRECTION('center_axis',(0.,-1.,0.));
#11827=DIRECTION('ref_axis',(1.,0.,0.));
#11828=DIRECTION('center_axis',(0.,1.,0.));
#11829=DIRECTION('ref_axis',(1.,0.,0.));
#11830=DIRECTION('',(0.,1.,0.));
#11831=DIRECTION('center_axis',(0.,1.,0.));
#11832=DIRECTION('ref_axis',(1.,0.,0.));
#11833=DIRECTION('center_axis',(0.,-1.,0.));
#11834=DIRECTION('ref_axis',(1.,0.,0.));
#11835=DIRECTION('center_axis',(0.,1.,0.));
#11836=DIRECTION('ref_axis',(1.,0.,0.));
#11837=DIRECTION('',(0.,1.,0.));
#11838=DIRECTION('center_axis',(0.,1.,0.));
#11839=DIRECTION('ref_axis',(1.,0.,0.));
#11840=DIRECTION('center_axis',(0.,-1.,0.));
#11841=DIRECTION('ref_axis',(1.,0.,0.));
#11842=DIRECTION('center_axis',(0.,1.,0.));
#11843=DIRECTION('ref_axis',(1.,0.,0.));
#11844=DIRECTION('',(0.,1.,0.));
#11845=DIRECTION('center_axis',(0.,1.,0.));
#11846=DIRECTION('ref_axis',(1.,0.,0.));
#11847=DIRECTION('center_axis',(0.,-1.,0.));
#11848=DIRECTION('ref_axis',(1.,0.,0.));
#11849=DIRECTION('center_axis',(0.,1.,0.));
#11850=DIRECTION('ref_axis',(1.,0.,0.));
#11851=DIRECTION('',(0.,1.,0.));
#11852=DIRECTION('center_axis',(0.,1.,0.));
#11853=DIRECTION('ref_axis',(1.,0.,0.));
#11854=DIRECTION('center_axis',(0.,-1.,0.));
#11855=DIRECTION('ref_axis',(1.,0.,0.));
#11856=DIRECTION('center_axis',(0.707106781186548,0.,-0.707106781186547));
#11857=DIRECTION('ref_axis',(-0.707106781186547,0.,-0.707106781186548));
#11858=DIRECTION('',(0.,1.,0.));
#11859=DIRECTION('',(-0.707106781186547,0.,-0.707106781186548));
#11860=DIRECTION('',(0.,1.,0.));
#11861=DIRECTION('center_axis',(-7.53019426576679E-16,0.,-1.));
#11862=DIRECTION('ref_axis',(-1.,0.,7.53019426576679E-16));
#11863=DIRECTION('',(-1.,0.,7.53019426576679E-16));
#11864=DIRECTION('',(0.,1.,0.));
#11865=DIRECTION('center_axis',(-1.,0.,-3.81192454806921E-16));
#11866=DIRECTION('ref_axis',(-3.81192454806921E-16,0.,1.));
#11867=DIRECTION('',(-3.81192454806921E-16,0.,1.));
#11868=DIRECTION('',(0.,1.,0.));
#11869=DIRECTION('center_axis',(0.,0.,1.));
#11870=DIRECTION('ref_axis',(1.,0.,0.));
#11871=DIRECTION('',(1.,0.,0.));
#11872=DIRECTION('',(0.,1.,0.));
#11873=DIRECTION('center_axis',(1.,0.,-3.22722611390005E-16));
#11874=DIRECTION('ref_axis',(-3.22722611390005E-16,0.,-1.));
#11875=DIRECTION('',(-3.22722611390005E-16,0.,-1.));
#11876=DIRECTION('center_axis',(-8.5401771125012E-17,0.,-1.));
#11877=DIRECTION('ref_axis',(-1.,0.,8.5401771125012E-17));
#11878=DIRECTION('',(0.,1.,0.));
#11879=DIRECTION('',(0.,1.,0.));
#11880=DIRECTION('center_axis',(0.,1.,0.));
#11881=DIRECTION('ref_axis',(-1.,0.,0.));
#11882=DIRECTION('',(0.,1.,0.));
#11883=DIRECTION('center_axis',(-1.,0.,3.41607084500048E-16));
#11884=DIRECTION('ref_axis',(3.41607084500048E-16,0.,1.));
#11885=DIRECTION('center_axis',(-1.,0.,-1.22464679914735E-16));
#11886=DIRECTION('ref_axis',(-1.22464679914735E-16,0.,1.));
#11887=DIRECTION('center_axis',(0.,1.,0.));
#11888=DIRECTION('ref_axis',(1.,0.,0.));
#11889=DIRECTION('center_axis',(0.,1.,0.));
#11890=DIRECTION('ref_axis',(1.,0.,0.));
#11891=DIRECTION('center_axis',(0.,-1.,0.));
#11892=DIRECTION('ref_axis',(1.,0.,0.));
#11893=DIRECTION('center_axis',(0.,1.,0.));
#11894=DIRECTION('ref_axis',(1.,0.,0.));
#11895=DIRECTION('center_axis',(0.,-1.,0.));
#11896=DIRECTION('ref_axis',(1.,0.,0.));
#11897=DIRECTION('center_axis',(0.,1.,0.));
#11898=DIRECTION('ref_axis',(1.,0.,0.));
#11899=DIRECTION('',(0.,1.,0.));
#11900=DIRECTION('center_axis',(0.,-1.,0.));
#11901=DIRECTION('ref_axis',(1.,0.,0.));
#11902=DIRECTION('center_axis',(0.,-1.,0.));
#11903=DIRECTION('ref_axis',(1.,0.,0.));
#11904=DIRECTION('center_axis',(0.,1.,0.));
#11905=DIRECTION('ref_axis',(1.,0.,0.));
#11906=DIRECTION('',(0.,1.,0.));
#11907=DIRECTION('center_axis',(0.,1.,0.));
#11908=DIRECTION('ref_axis',(5.92118946466747E-15,0.,-1.));
#11909=DIRECTION('',(0.,1.,0.));
#11910=DIRECTION('center_axis',(1.,0.,2.56205313375036E-16));
#11911=DIRECTION('ref_axis',(2.56205313375036E-16,0.,-1.));
#11912=DIRECTION('',(0.,1.,0.));
#11913=DIRECTION('center_axis',(0.,1.,0.));
#11914=DIRECTION('ref_axis',(1.,0.,-5.92118946466758E-15));
#11915=DIRECTION('',(0.,1.,0.));
#11916=DIRECTION('center_axis',(5.97812397875084E-16,0.,1.));
#11917=DIRECTION('ref_axis',(1.,0.,-5.97812397875084E-16));
#11918=DIRECTION('center_axis',(0.,1.,0.));
#11919=DIRECTION('ref_axis',(-1.83129571072191E-15,0.,1.));
#11920=DIRECTION('center_axis',(0.,-1.,0.));
#11921=DIRECTION('ref_axis',(-1.83129571072191E-15,0.,1.));
#11922=DIRECTION('center_axis',(0.,1.,0.));
#11923=DIRECTION('ref_axis',(-1.,0.,-4.57823927680477E-16));
#11924=DIRECTION('center_axis',(0.,-1.,0.));
#11925=DIRECTION('ref_axis',(-1.,0.,-4.57823927680477E-16));
#11926=DIRECTION('center_axis',(0.,1.,0.));
#11927=DIRECTION('ref_axis',(0.,0.,-1.));
#11928=DIRECTION('center_axis',(0.,-1.,0.));
#11929=DIRECTION('ref_axis',(0.,0.,-1.));
#11930=DIRECTION('center_axis',(0.,-1.,0.));
#11931=DIRECTION('ref_axis',(-1.,0.,-4.57823927680477E-16));
#11932=DIRECTION('',(0.,-1.,0.));
#11933=DIRECTION('center_axis',(0.,1.,0.));
#11934=DIRECTION('ref_axis',(-1.,0.,-4.57823927680477E-16));
#11935=DIRECTION('',(0.,-1.,0.));
#11936=DIRECTION('center_axis',(-1.,0.,1.70803542250024E-16));
#11937=DIRECTION('ref_axis',(-1.70803542250024E-16,0.,-1.));
#11938=DIRECTION('',(0.,-1.,0.));
#11939=DIRECTION('',(1.70803542250024E-16,0.,1.));
#11940=DIRECTION('center_axis',(0.,-1.,0.));
#11941=DIRECTION('ref_axis',(-1.83129571072191E-15,0.,1.));
#11942=DIRECTION('',(0.,-1.,0.));
#11943=DIRECTION('center_axis',(0.,1.,0.));
#11944=DIRECTION('ref_axis',(-1.83129571072191E-15,0.,1.));
#11945=DIRECTION('center_axis',(5.97812397875084E-16,0.,1.));
#11946=DIRECTION('ref_axis',(-1.,0.,5.97812397875084E-16));
#11947=DIRECTION('',(0.,-1.,0.));
#11948=DIRECTION('',(1.,0.,-5.97812397875084E-16));
#11949=DIRECTION('center_axis',(0.,-1.,0.));
#11950=DIRECTION('ref_axis',(1.,0.,-9.15647855360956E-16));
#11951=DIRECTION('',(0.,-1.,0.));
#11952=DIRECTION('center_axis',(0.,1.,0.));
#11953=DIRECTION('ref_axis',(1.,0.,-9.15647855360956E-16));
#11954=DIRECTION('center_axis',(1.,0.,8.5401771125012E-17));
#11955=DIRECTION('ref_axis',(-8.5401771125012E-17,0.,1.));
#11956=DIRECTION('',(0.,-1.,0.));
#11957=DIRECTION('',(8.5401771125012E-17,0.,-1.));
#11958=DIRECTION('center_axis',(0.,-1.,0.));
#11959=DIRECTION('ref_axis',(0.,0.,-1.));
#11960=DIRECTION('',(0.,-1.,0.));
#11961=DIRECTION('center_axis',(0.,1.,0.));
#11962=DIRECTION('ref_axis',(0.,0.,-1.));
#11963=DIRECTION('center_axis',(-1.70803542250024E-16,0.,-1.));
#11964=DIRECTION('ref_axis',(1.,0.,-1.70803542250024E-16));
#11965=DIRECTION('',(-1.,0.,1.70803542250024E-16));
#11966=DIRECTION('center_axis',(0.,1.,0.));
#11967=DIRECTION('ref_axis',(-1.,0.,1.11022302462516E-15));
#11968=DIRECTION('center_axis',(0.,1.,0.));
#11969=DIRECTION('ref_axis',(-1.,0.,1.11022302462516E-15));
#11970=DIRECTION('center_axis',(0.,1.,0.));
#11971=DIRECTION('ref_axis',(1.,0.,0.));
#11972=DIRECTION('center_axis',(0.,-1.80818082186508E-15,-1.));
#11973=DIRECTION('ref_axis',(0.,-1.,1.80818082186508E-15));
#11974=DIRECTION('',(0.,-1.,1.80818082186508E-15));
#11975=DIRECTION('',(-1.,0.,0.));
#11976=DIRECTION('',(0.,-1.,1.80818082186508E-15));
#11977=DIRECTION('',(-1.,0.,0.));
#11978=DIRECTION('center_axis',(0.,-1.,2.55959198760843E-15));
#11979=DIRECTION('ref_axis',(0.,2.55959198760843E-15,1.));
#11980=DIRECTION('',(0.,2.55959198760843E-15,1.));
#11981=DIRECTION('',(0.,2.55959198760843E-15,1.));
#11982=DIRECTION('',(-1.,0.,0.));
#11983=DIRECTION('center_axis',(0.,2.99412897687475E-16,-1.));
#11984=DIRECTION('ref_axis',(0.,-1.,-2.99412897687475E-16));
#11985=DIRECTION('',(0.,-1.,-2.99412897687475E-16));
#11986=DIRECTION('',(0.,-1.,-2.99412897687475E-16));
#11987=DIRECTION('',(-1.,0.,0.));
#11988=DIRECTION('center_axis',(0.,1.,0.));
#11989=DIRECTION('ref_axis',(0.,0.,-1.));
#11990=DIRECTION('',(0.,0.,-1.));
#11991=DIRECTION('',(0.,0.,-1.));
#11992=DIRECTION('',(-1.,0.,0.));
#11993=DIRECTION('center_axis',(0.,-4.19178056762465E-16,1.));
#11994=DIRECTION('ref_axis',(0.,1.,4.19178056762465E-16));
#11995=DIRECTION('',(0.,1.,4.19178056762465E-16));
#11996=DIRECTION('',(0.,1.,4.19178056762465E-16));
#11997=DIRECTION('',(-1.,0.,0.));
#11998=DIRECTION('center_axis',(0.,-1.,0.));
#11999=DIRECTION('ref_axis',(0.,0.,1.));
#12000=DIRECTION('',(0.,0.,1.));
#12001=DIRECTION('',(0.,0.,1.));
#12002=DIRECTION('',(-1.,0.,0.));
#12003=DIRECTION('center_axis',(0.,3.61636164373015E-16,1.));
#12004=DIRECTION('ref_axis',(0.,1.,-3.61636164373015E-16));
#12005=DIRECTION('',(0.,1.,-3.61636164373015E-16));
#12006=DIRECTION('',(0.,1.,-3.61636164373015E-16));
#12007=DIRECTION('',(-1.,0.,0.));
#12008=DIRECTION('center_axis',(0.,-1.,-7.74754378663752E-17));
#12009=DIRECTION('ref_axis',(0.,-7.74754378663752E-17,1.));
#12010=DIRECTION('',(0.,-7.74754378663752E-17,1.));
#12011=DIRECTION('',(0.,-7.74754378663752E-17,1.));
#12012=DIRECTION('center_axis',(1.,0.,0.));
#12013=DIRECTION('ref_axis',(0.,0.,-1.));
#12014=DIRECTION('center_axis',(-1.,0.,0.));
#12015=DIRECTION('ref_axis',(0.,0.,1.));
#12016=DIRECTION('center_axis',(3.62329028927025E-16,0.707106781186547,
0.707106781186548));
#12017=DIRECTION('ref_axis',(1.,0.,-5.12410626750072E-16));
#12018=DIRECTION('',(0.,0.707106781186548,-0.707106781186547));
#12019=DIRECTION('',(-1.,0.,5.12410626750072E-16));
#12020=DIRECTION('',(0.,-0.707106781186548,0.707106781186547));
#12021=DIRECTION('',(1.,0.,-5.12410626750072E-16));
#12022=DIRECTION('center_axis',(0.,-1.,0.));
#12023=DIRECTION('ref_axis',(-3.7007434154172E-16,0.,1.));
#12024=DIRECTION('',(-0.707106781186547,0.707106781186548,9.81307786677359E-16));
#12025=DIRECTION('center_axis',(0.,-1.,0.));
#12026=DIRECTION('ref_axis',(-3.7007434154172E-16,0.,1.));
#12027=DIRECTION('center_axis',(0.,1.,0.));
#12028=DIRECTION('ref_axis',(-3.7007434154172E-16,0.,1.));
#12029=DIRECTION('center_axis',(0.707106781186548,0.707106781186548,0.));
#12030=DIRECTION('ref_axis',(0.,0.,-1.));
#12031=DIRECTION('',(-0.707106781186548,0.707106781186548,0.));
#12032=DIRECTION('',(0.,0.,1.));
#12033=DIRECTION('',(0.,0.,-1.));
#12034=DIRECTION('center_axis',(0.,-1.,0.));
#12035=DIRECTION('ref_axis',(1.,0.,0.));
#12036=DIRECTION('',(0.,0.707106781186548,0.707106781186548));
#12037=DIRECTION('center_axis',(0.,-1.,0.));
#12038=DIRECTION('ref_axis',(1.,0.,0.));
#12039=DIRECTION('center_axis',(0.,1.,0.));
#12040=DIRECTION('ref_axis',(1.,0.,0.));
#12041=DIRECTION('center_axis',(-1.20776342975675E-16,0.707106781186548,
-0.707106781186548));
#12042=DIRECTION('ref_axis',(-1.,0.,1.70803542250024E-16));
#12043=DIRECTION('',(0.,0.707106781186548,0.707106781186547));
#12044=DIRECTION('',(1.,0.,-1.70803542250024E-16));
#12045=DIRECTION('',(-1.,0.,1.70803542250024E-16));
#12046=DIRECTION('center_axis',(0.,-1.,0.));
#12047=DIRECTION('ref_axis',(0.,0.,-1.));
#12048=DIRECTION('',(0.707106781186548,0.707106781186548,9.81307786677358E-16));
#12049=DIRECTION('center_axis',(0.,-1.,0.));
#12050=DIRECTION('ref_axis',(0.,0.,-1.));
#12051=DIRECTION('center_axis',(0.,1.,0.));
#12052=DIRECTION('ref_axis',(0.,0.,-1.));
#12053=DIRECTION('center_axis',(-0.707106781186548,0.707106781186548,1.20776342975675E-16));
#12054=DIRECTION('ref_axis',(1.70803542250024E-16,0.,1.));
#12055=DIRECTION('',(0.707106781186548,0.707106781186548,0.));
#12056=DIRECTION('',(-1.70803542250024E-16,0.,-1.));
#12057=DIRECTION('',(1.70803542250024E-16,0.,1.));
#12058=DIRECTION('center_axis',(0.,-1.,0.));
#12059=DIRECTION('ref_axis',(-1.,0.,1.11022302462516E-15));
#12060=DIRECTION('center_axis',(0.,-1.,0.));
#12061=DIRECTION('ref_axis',(-1.,0.,1.11022302462516E-15));
#12062=DIRECTION('center_axis',(0.,1.,0.));
#12063=DIRECTION('ref_axis',(-1.,0.,1.11022302462516E-15));
#12064=DIRECTION('center_axis',(0.,1.,0.));
#12065=DIRECTION('ref_axis',(1.,0.,0.));
#12066=DIRECTION('',(0.,1.,0.));
#12067=DIRECTION('center_axis',(0.,-1.,0.));
#12068=DIRECTION('ref_axis',(1.,0.,0.));
#12069=DIRECTION('',(0.,1.,0.));
#12070=DIRECTION('center_axis',(1.,0.,0.));
#12071=DIRECTION('ref_axis',(0.,0.,-1.));
#12072=DIRECTION('',(0.,1.,0.));
#12073=DIRECTION('',(0.,0.,1.));
#12074=DIRECTION('center_axis',(0.,1.,0.));
#12075=DIRECTION('ref_axis',(-3.7007434154172E-16,0.,1.));
#12076=DIRECTION('',(0.,1.,0.));
#12077=DIRECTION('center_axis',(0.,-1.,0.));
#12078=DIRECTION('ref_axis',(-3.7007434154172E-16,0.,1.));
#12079=DIRECTION('center_axis',(5.12410626750072E-16,0.,1.));
#12080=DIRECTION('ref_axis',(1.,0.,-5.12410626750072E-16));
#12081=DIRECTION('',(0.,1.,0.));
#12082=DIRECTION('',(-1.,0.,5.12410626750072E-16));
#12083=DIRECTION('center_axis',(0.,1.,0.));
#12084=DIRECTION('ref_axis',(1.,0.,0.));
#12085=DIRECTION('center_axis',(0.,1.,0.));
#12086=DIRECTION('ref_axis',(-1.,0.,1.11022302462516E-15));
#12087=DIRECTION('',(0.,1.,0.));
#12088=DIRECTION('center_axis',(0.,-1.,0.));
#12089=DIRECTION('ref_axis',(-1.,0.,1.11022302462516E-15));
#12090=DIRECTION('center_axis',(-1.,0.,1.70803542250024E-16));
#12091=DIRECTION('ref_axis',(1.70803542250024E-16,0.,1.));
#12092=DIRECTION('',(0.,1.,0.));
#12093=DIRECTION('',(-1.70803542250024E-16,0.,-1.));
#12094=DIRECTION('center_axis',(0.,1.,0.));
#12095=DIRECTION('ref_axis',(0.,0.,-1.));
#12096=DIRECTION('',(0.,1.,0.));
#12097=DIRECTION('center_axis',(0.,-1.,0.));
#12098=DIRECTION('ref_axis',(0.,0.,-1.));
#12099=DIRECTION('center_axis',(-1.70803542250024E-16,0.,-1.));
#12100=DIRECTION('ref_axis',(-1.,0.,1.70803542250024E-16));
#12101=DIRECTION('',(1.,0.,-1.70803542250024E-16));
#12102=DIRECTION('center_axis',(0.,1.,0.));
#12103=DIRECTION('ref_axis',(1.,0.,0.));
#12104=CARTESIAN_POINT('',(0.,0.,0.));
#12105=CARTESIAN_POINT('Origin',(17.63,27.8000298920276,-0.665071817257226));
#12106=CARTESIAN_POINT('',(17.63,27.8000298920276,-0.665071817257226));
#12107=CARTESIAN_POINT('',(17.63,27.8000298920276,0.665071817257225));
#12108=CARTESIAN_POINT('',(17.63,27.8000298920276,-0.332535908628617));
#12109=CARTESIAN_POINT('',(17.58,27.8000298920276,-0.665071817257226));
#12110=CARTESIAN_POINT('',(17.63,27.8000298920276,-0.665071817257226));
#12111=CARTESIAN_POINT('',(17.58,27.8000298920276,0.665071817257225));
#12112=CARTESIAN_POINT('',(17.58,27.8000298920276,0.665071817257225));
#12113=CARTESIAN_POINT('',(17.63,27.8000298920276,0.665071817257225));
#12114=CARTESIAN_POINT('Origin',(17.63,28.9519680701993,-6.52256026967279E-15));
#12115=CARTESIAN_POINT('',(17.63,28.9519680701993,-6.50509434342311E-15));
#12116=CARTESIAN_POINT('',(17.63,28.2387300438745,-0.411788166494861));
#12117=CARTESIAN_POINT('',(17.58,28.9519680701993,-6.50509434342311E-15));
#12118=CARTESIAN_POINT('',(17.63,28.9519680701993,-6.50509434342311E-15));
#12119=CARTESIAN_POINT('',(17.58,27.8000298920276,-0.665071817257226));
#12120=CARTESIAN_POINT('Origin',(17.63,27.8000298920276,0.665071817257225));
#12121=CARTESIAN_POINT('',(17.63,27.6627609547887,0.74432407512347));
#12122=CARTESIAN_POINT('',(17.58,28.9519680701993,-6.50509434342311E-15));
#12123=CARTESIAN_POINT('Origin',(17.58,28.3759989811134,-4.16333634234434E-16));
#12124=CARTESIAN_POINT('Origin',(19.63,28.3,-2.32340486738585));
#12125=CARTESIAN_POINT('',(19.,25.91,-3.1));
#12126=CARTESIAN_POINT('',(18.63,25.91,-2.32340486738585));
#12127=CARTESIAN_POINT('Origin',(19.63,25.91,-2.32340486738585));
#12128=CARTESIAN_POINT('',(18.63,25.3265951326142,-2.32340486738585));
#12129=CARTESIAN_POINT('',(18.63,28.3,-2.32340486738585));
#12130=CARTESIAN_POINT('',(19.,24.55,-3.1));
#12131=CARTESIAN_POINT('Origin',(19.63,25.3265951326142,-2.32340486738585));
#12132=CARTESIAN_POINT('',(19.,28.3,-3.1));
#12133=CARTESIAN_POINT('Origin',(19.63,25.3265951326142,-1.55));
#12134=CARTESIAN_POINT('',(18.63,25.3265951326142,2.32340486738584));
#12135=CARTESIAN_POINT('',(18.63,25.3265951326142,-1.55));
#12136=CARTESIAN_POINT('',(19.,24.55,3.1));
#12137=CARTESIAN_POINT('Origin',(19.63,25.3265951326142,2.32340486738584));
#12138=CARTESIAN_POINT('',(19.,24.55,-1.55));
#12139=CARTESIAN_POINT('Origin',(19.63,25.8,2.32340486738584));
#12140=CARTESIAN_POINT('',(19.,25.91,3.1));
#12141=CARTESIAN_POINT('',(18.63,25.91,2.32340486738584));
#12142=CARTESIAN_POINT('Origin',(19.63,25.91,2.32340486738584));
#12143=CARTESIAN_POINT('',(19.,25.8,3.1));
#12144=CARTESIAN_POINT('',(18.63,25.8,2.32340486738584));
#12145=CARTESIAN_POINT('Origin',(19.,24.55,3.1));
#12146=CARTESIAN_POINT('',(17.63,25.91,3.1));
#12147=CARTESIAN_POINT('',(18.315,25.91,3.1));
#12148=CARTESIAN_POINT('',(17.63,29.55,3.1));
#12149=CARTESIAN_POINT('',(17.63,24.55,3.1));
#12150=CARTESIAN_POINT('',(19.,29.55,3.1));
#12151=CARTESIAN_POINT('',(19.,29.55,3.1));
#12152=CARTESIAN_POINT('',(19.,25.8,3.1));
#12153=CARTESIAN_POINT('Origin',(18.63,25.23,-3.33066907387547E-15));
#12154=CARTESIAN_POINT('',(18.63,25.91,3.1));
#12155=CARTESIAN_POINT('Origin',(17.63,26.26,-2.75));
#12156=CARTESIAN_POINT('',(19.,26.26,-3.));
#12157=CARTESIAN_POINT('',(19.,26.01,-2.75));
#12158=CARTESIAN_POINT('Origin',(19.,26.26,-2.75));
#12159=CARTESIAN_POINT('',(17.63,26.01,-2.75));
#12160=CARTESIAN_POINT('',(17.63,26.01,-2.75));
#12161=CARTESIAN_POINT('',(17.63,26.26,-3.));
#12162=CARTESIAN_POINT('Origin',(17.63,26.26,-2.75));
#12163=CARTESIAN_POINT('',(17.63,26.26,-3.));
#12164=CARTESIAN_POINT('Origin',(17.63,26.01,3.));
#12165=CARTESIAN_POINT('',(19.,26.01,2.75));
#12166=CARTESIAN_POINT('',(19.,26.01,-3.));
#12167=CARTESIAN_POINT('',(17.63,26.01,2.75));
#12168=CARTESIAN_POINT('',(17.63,26.01,2.75));
#12169=CARTESIAN_POINT('',(17.63,26.01,1.5));
#12170=CARTESIAN_POINT('Origin',(19.,26.66,-3.33066907387547E-15));
#12171=CARTESIAN_POINT('',(19.,27.06,-3.));
#12172=CARTESIAN_POINT('',(19.,27.31,-3.));
#12173=CARTESIAN_POINT('',(19.,27.31,-2.75));
#12174=CARTESIAN_POINT('Origin',(19.,27.06,-2.75));
#12175=CARTESIAN_POINT('',(19.,27.31,2.75));
#12176=CARTESIAN_POINT('',(19.,27.31,3.));
#12177=CARTESIAN_POINT('',(19.,27.06,3.));
#12178=CARTESIAN_POINT('Origin',(19.,27.06,2.75));
#12179=CARTESIAN_POINT('',(19.,26.26,3.));
#12180=CARTESIAN_POINT('',(19.,26.01,3.));
#12181=CARTESIAN_POINT('Origin',(19.,26.26,2.75));
#12182=CARTESIAN_POINT('Origin',(17.63,26.26,2.75));
#12183=CARTESIAN_POINT('',(17.63,26.26,3.));
#12184=CARTESIAN_POINT('',(17.63,26.26,3.));
#12185=CARTESIAN_POINT('Origin',(17.63,26.26,2.75));
#12186=CARTESIAN_POINT('Origin',(17.63,27.31,3.));
#12187=CARTESIAN_POINT('',(17.63,27.06,3.));
#12188=CARTESIAN_POINT('',(17.63,27.06,3.));
#12189=CARTESIAN_POINT('',(17.63,27.18,3.));
#12190=CARTESIAN_POINT('Origin',(17.63,27.06,-2.75));
#12191=CARTESIAN_POINT('',(17.63,27.06,-3.));
#12192=CARTESIAN_POINT('',(17.63,27.06,-3.));
#12193=CARTESIAN_POINT('',(17.63,27.31,-2.75));
#12194=CARTESIAN_POINT('Origin',(17.63,27.06,-2.75));
#12195=CARTESIAN_POINT('',(17.63,27.31,-2.75));
#12196=CARTESIAN_POINT('Origin',(17.63,26.01,-3.));
#12197=CARTESIAN_POINT('',(17.63,26.53,-3.));
#12198=CARTESIAN_POINT('Origin',(17.63,27.06,2.75));
#12199=CARTESIAN_POINT('',(17.63,27.31,2.75));
#12200=CARTESIAN_POINT('',(17.63,27.31,2.75));
#12201=CARTESIAN_POINT('Origin',(17.63,27.06,2.75));
#12202=CARTESIAN_POINT('Origin',(17.63,27.31,-3.));
#12203=CARTESIAN_POINT('',(17.63,27.31,-1.5));
#12204=CARTESIAN_POINT('Origin',(17.63,25.91,-3.1));
#12205=CARTESIAN_POINT('',(17.63,25.91,-3.1));
#12206=CARTESIAN_POINT('',(17.63,25.91,-1.55));
#12207=CARTESIAN_POINT('',(18.315,25.91,-3.1));
#12208=CARTESIAN_POINT('Origin',(17.63,27.05,-3.33066907387547E-15));
#12209=CARTESIAN_POINT('',(17.63,29.55,-3.1));
#12210=CARTESIAN_POINT('',(17.63,29.55,-3.1));
#12211=CARTESIAN_POINT('',(17.63,29.55,3.1));
#12212=CARTESIAN_POINT('Origin',(19.,29.55,3.1));
#12213=CARTESIAN_POINT('',(19.,29.55,-3.1));
#12214=CARTESIAN_POINT('',(19.,29.55,1.55));
#12215=CARTESIAN_POINT('',(19.,29.55,-3.1));
#12216=CARTESIAN_POINT('Origin',(19.,29.55,-3.1));
#12217=CARTESIAN_POINT('',(19.,28.3,-3.1));
#12218=CARTESIAN_POINT('Origin',(16.48,29.9,8.935));
#12219=CARTESIAN_POINT('',(18.95,24.2,8.935));
#12220=CARTESIAN_POINT('',(18.95,29.9,8.935));
#12221=CARTESIAN_POINT('',(18.95,29.9,8.935));
#12222=CARTESIAN_POINT('',(19.,24.2,8.935));
#12223=CARTESIAN_POINT('',(16.48,24.2,8.935));
#12224=CARTESIAN_POINT('',(19.,29.9,8.935));
#12225=CARTESIAN_POINT('',(19.,24.2,8.935));
#12226=CARTESIAN_POINT('',(16.48,29.9,8.935));
#12227=CARTESIAN_POINT('Origin',(16.48,24.2,8.935));
#12228=CARTESIAN_POINT('',(16.48,24.2,-8.935));
#12229=CARTESIAN_POINT('',(16.48,24.2,8.935));
#12230=CARTESIAN_POINT('',(16.48,24.2,4.4675));
#12231=CARTESIAN_POINT('',(18.95,24.2,-8.935));
#12232=CARTESIAN_POINT('',(17.74,24.2,-8.935));
#12233=CARTESIAN_POINT('',(19.,24.2,-8.935));
#12234=CARTESIAN_POINT('',(16.48,24.2,-8.935));
#12235=CARTESIAN_POINT('',(19.,24.2,-8.935));
#12236=CARTESIAN_POINT('',(17.74,24.2,8.935));
#12237=CARTESIAN_POINT('Origin',(16.48,24.2,-8.935));
#12238=CARTESIAN_POINT('',(18.95,29.9,-8.935));
#12239=CARTESIAN_POINT('',(18.95,0.,-8.935));
#12240=CARTESIAN_POINT('',(19.,29.9,-8.935));
#12241=CARTESIAN_POINT('',(16.48,29.9,-8.935));
#12242=CARTESIAN_POINT('',(19.,29.9,-8.935));
#12243=CARTESIAN_POINT('Origin',(19.,27.05,-1.11022302462516E-15));
#12244=CARTESIAN_POINT('',(19.,29.9,8.935));
#12245=CARTESIAN_POINT('Origin',(19.,29.9,-8.935));
#12246=CARTESIAN_POINT('',(16.48,5.45,-8.935));
#12247=CARTESIAN_POINT('',(16.48,2.34,-8.935));
#12248=CARTESIAN_POINT('',(18.95,5.45,-8.935));
#12249=CARTESIAN_POINT('',(19.,5.45,-8.935));
#12250=CARTESIAN_POINT('',(18.95,0.,-8.935));
#12251=CARTESIAN_POINT('Origin',(17.74,3.895,-7.335));
#12252=CARTESIAN_POINT('',(18.24,3.895,7.335));
#12253=CARTESIAN_POINT('Origin',(17.74,3.895,7.335));
#12254=CARTESIAN_POINT('',(18.24,3.895,-7.335));
#12255=CARTESIAN_POINT('',(18.24,3.895,-7.335));
#12256=CARTESIAN_POINT('Origin',(17.74,3.895,-7.335));
#12257=CARTESIAN_POINT('Origin',(19.,5.45,-8.935));
#12258=CARTESIAN_POINT('',(18.95,2.34,-8.935));
#12259=CARTESIAN_POINT('',(18.95,0.,-8.935));
#12260=CARTESIAN_POINT('',(19.,5.45,-8.935));
#12261=CARTESIAN_POINT('',(19.,5.45,-8.935));
#12262=CARTESIAN_POINT('',(19.,2.34,-8.935));
#12263=CARTESIAN_POINT('',(19.,2.34,-8.935));
#12264=CARTESIAN_POINT('',(19.,2.34,-8.935));
#12265=CARTESIAN_POINT('Origin',(19.,5.45,-7.335));
#12266=CARTESIAN_POINT('',(19.,5.45,-7.335));
#12267=CARTESIAN_POINT('',(19.,5.45,-7.335));
#12268=CARTESIAN_POINT('',(16.48,5.45,-7.335));
#12269=CARTESIAN_POINT('',(16.48,5.45,-3.6675));
#12270=CARTESIAN_POINT('',(19.,5.45,-7.335));
#12271=CARTESIAN_POINT('Origin',(19.,2.34,-7.335));
#12272=CARTESIAN_POINT('',(19.,2.34,-7.335));
#12273=CARTESIAN_POINT('',(19.,2.34,-7.335));
#12274=CARTESIAN_POINT('',(16.48,2.34,-7.335));
#12275=CARTESIAN_POINT('',(16.48,9.23,-7.335));
#12276=CARTESIAN_POINT('',(19.,2.34,-7.335));
#12277=CARTESIAN_POINT('Origin',(19.,3.895,-8.135));
#12278=CARTESIAN_POINT('',(19.,2.34,8.935));
#12279=CARTESIAN_POINT('Origin',(16.48,16.12,0.));
#12280=CARTESIAN_POINT('',(16.48,5.45,8.935));
#12281=CARTESIAN_POINT('',(16.48,29.9,8.935));
#12282=CARTESIAN_POINT('',(16.48,5.45,7.335));
#12283=CARTESIAN_POINT('',(16.48,5.45,4.4675));
#12284=CARTESIAN_POINT('',(16.48,2.34,7.335));
#12285=CARTESIAN_POINT('',(16.48,10.785,7.335));
#12286=CARTESIAN_POINT('',(16.48,2.34,5.55111512312578E-16));
#12287=CARTESIAN_POINT('Origin',(19.,2.34,8.935));
#12288=CARTESIAN_POINT('',(18.95,2.34,8.935));
#12289=CARTESIAN_POINT('',(18.95,5.45,8.935));
#12290=CARTESIAN_POINT('',(18.95,29.9,8.935));
#12291=CARTESIAN_POINT('',(19.,2.34,8.935));
#12292=CARTESIAN_POINT('',(19.,2.34,8.935));
#12293=CARTESIAN_POINT('',(19.,5.45,8.935));
#12294=CARTESIAN_POINT('',(19.,29.9,8.935));
#12295=CARTESIAN_POINT('',(19.,5.45,8.935));
#12296=CARTESIAN_POINT('Origin',(19.,5.45,7.335));
#12297=CARTESIAN_POINT('',(19.,2.34,7.335));
#12298=CARTESIAN_POINT('',(19.,5.45,7.335));
#12299=CARTESIAN_POINT('',(19.,2.34,7.335));
#12300=CARTESIAN_POINT('',(19.,2.34,7.335));
#12301=CARTESIAN_POINT('',(19.,5.45,7.335));
#12302=CARTESIAN_POINT('Origin',(19.,5.45,8.935));
#12303=CARTESIAN_POINT('',(19.,5.45,7.335));
#12304=CARTESIAN_POINT('',(19.,5.45,8.935));
#12305=CARTESIAN_POINT('Origin',(19.,3.895,8.135));
#12306=CARTESIAN_POINT('',(19.,2.34,8.935));
#12307=CARTESIAN_POINT('Origin',(19.,2.34,8.935));
#12308=CARTESIAN_POINT('',(18.95,29.9,8.935));
#12309=CARTESIAN_POINT('Origin',(-5.55111512312578E-15,2.34,1.11022302462516E-15));
#12310=CARTESIAN_POINT('',(18.95,2.34,9.27));
#12311=CARTESIAN_POINT('',(18.95,2.34,4.55125));
#12312=CARTESIAN_POINT('',(19.,2.34,9.27));
#12313=CARTESIAN_POINT('',(9.5,2.34,9.27));
#12314=CARTESIAN_POINT('',(19.,2.34,13.));
#12315=CARTESIAN_POINT('',(19.,2.34,6.5));
#12316=CARTESIAN_POINT('',(13.,2.34,19.));
#12317=CARTESIAN_POINT('Origin',(13.,2.34,13.));
#12318=CARTESIAN_POINT('',(-13.,2.34,19.));
#12319=CARTESIAN_POINT('',(-6.5,2.34,19.));
#12320=CARTESIAN_POINT('',(-19.,2.34,13.));
#12321=CARTESIAN_POINT('Origin',(-13.,2.34,13.));
#12322=CARTESIAN_POINT('',(-19.,2.34,9.27));
#12323=CARTESIAN_POINT('',(-19.,2.34,-6.5));
#12324=CARTESIAN_POINT('',(-18.95,2.34,9.27));
#12325=CARTESIAN_POINT('',(-9.50000000000001,2.34,9.27));
#12326=CARTESIAN_POINT('',(-18.95,2.34,8.935));
#12327=CARTESIAN_POINT('',(-18.95,2.34,4.55125));
#12328=CARTESIAN_POINT('',(-19.,2.34,8.935));
#12329=CARTESIAN_POINT('',(-9.50000000000001,2.34,8.935));
#12330=CARTESIAN_POINT('',(-19.,2.34,-8.935));
#12331=CARTESIAN_POINT('',(-19.,2.34,-6.5));
#12332=CARTESIAN_POINT('',(-18.95,2.34,-8.935));
#12333=CARTESIAN_POINT('',(-9.50000000000001,2.34,-8.935));
#12334=CARTESIAN_POINT('',(-18.95,2.34,-9.27));
#12335=CARTESIAN_POINT('',(-18.95,2.34,-4.55125));
#12336=CARTESIAN_POINT('',(-19.,2.34,-9.27));
#12337=CARTESIAN_POINT('',(-9.50000000000001,2.34,-9.27));
#12338=CARTESIAN_POINT('',(-19.,2.34,-13.));
#12339=CARTESIAN_POINT('',(-19.,2.34,-6.5));
#12340=CARTESIAN_POINT('',(-13.,2.34,-19.));
#12341=CARTESIAN_POINT('Origin',(-13.,2.34,-13.));
#12342=CARTESIAN_POINT('',(13.,2.34,-19.));
#12343=CARTESIAN_POINT('',(6.5,2.34,-19.));
#12344=CARTESIAN_POINT('',(19.,2.34,-13.));
#12345=CARTESIAN_POINT('Origin',(13.,2.34,-13.));
#12346=CARTESIAN_POINT('',(19.,2.34,-9.27));
#12347=CARTESIAN_POINT('',(19.,2.34,6.5));
#12348=CARTESIAN_POINT('',(18.95,2.34,-9.27));
#12349=CARTESIAN_POINT('',(9.5,2.34,-9.27));
#12350=CARTESIAN_POINT('',(18.95,2.34,-4.55125));
#12351=CARTESIAN_POINT('Origin',(19.,2.34,-9.27));
#12352=CARTESIAN_POINT('',(19.,29.9,-9.27));
#12353=CARTESIAN_POINT('',(19.,1.17,-9.27));
#12354=CARTESIAN_POINT('',(18.95,29.9,-9.27));
#12355=CARTESIAN_POINT('',(9.5,29.9,-9.27));
#12356=CARTESIAN_POINT('',(18.95,0.,-9.27));
#12357=CARTESIAN_POINT('Origin',(18.95,16.12,-9.1025));
#12358=CARTESIAN_POINT('',(18.95,29.9,-4.55125));
#12359=CARTESIAN_POINT('Origin',(19.,29.9,9.27));
#12360=CARTESIAN_POINT('',(19.,29.9,9.27));
#12361=CARTESIAN_POINT('',(19.,14.95,9.27));
#12362=CARTESIAN_POINT('',(18.95,29.9,9.27));
#12363=CARTESIAN_POINT('',(18.95,29.9,9.27));
#12364=CARTESIAN_POINT('',(9.5,29.9,9.27));
#12365=CARTESIAN_POINT('Origin',(18.95,16.12,9.1025));
#12366=CARTESIAN_POINT('',(18.95,29.9,4.55125));
#12367=CARTESIAN_POINT('Origin',(19.,0.,13.));
#12368=CARTESIAN_POINT('',(19.,29.9,13.));
#12369=CARTESIAN_POINT('',(19.,29.9,6.5));
#12370=CARTESIAN_POINT('',(19.,0.,13.));
#12371=CARTESIAN_POINT('Origin',(-19.,2.34,8.935));
#12372=CARTESIAN_POINT('',(-19.,29.9,8.935));
#12373=CARTESIAN_POINT('',(-19.,1.17,8.935));
#12374=CARTESIAN_POINT('',(-18.95,29.9,8.935));
#12375=CARTESIAN_POINT('',(-18.95,29.9,8.935));
#12376=CARTESIAN_POINT('',(-9.50000000000001,29.9,8.935));
#12377=CARTESIAN_POINT('Origin',(-19.,29.9,9.27));
#12378=CARTESIAN_POINT('',(-19.,29.9,9.27));
#12379=CARTESIAN_POINT('',(-19.,14.95,9.27));
#12380=CARTESIAN_POINT('',(-18.95,29.9,9.27));
#12381=CARTESIAN_POINT('',(-9.50000000000001,29.9,9.27));
#12382=CARTESIAN_POINT('',(-18.95,29.9,9.27));
#12383=CARTESIAN_POINT('Origin',(-18.95,16.12,9.1025));
#12384=CARTESIAN_POINT('',(-18.95,29.9,4.55125));
#12385=CARTESIAN_POINT('Origin',(-19.,2.34,-9.27));
#12386=CARTESIAN_POINT('',(-19.,29.9,-9.27));
#12387=CARTESIAN_POINT('',(-19.,1.17,-9.27));
#12388=CARTESIAN_POINT('',(-18.95,29.9,-9.27));
#12389=CARTESIAN_POINT('',(-18.95,0.,-9.27));
#12390=CARTESIAN_POINT('',(-9.50000000000001,29.9,-9.27));
#12391=CARTESIAN_POINT('Origin',(-19.,29.9,-8.935));
#12392=CARTESIAN_POINT('',(-19.,29.9,-8.935));
#12393=CARTESIAN_POINT('',(-19.,14.95,-8.935));
#12394=CARTESIAN_POINT('',(-18.95,29.9,-8.935));
#12395=CARTESIAN_POINT('',(-9.50000000000001,29.9,-8.935));
#12396=CARTESIAN_POINT('',(-18.95,0.,-8.935));
#12397=CARTESIAN_POINT('Origin',(-18.95,16.12,-9.1025));
#12398=CARTESIAN_POINT('',(-18.95,29.9,-4.55125));
#12399=CARTESIAN_POINT('Origin',(-19.,0.,-13.));
#12400=CARTESIAN_POINT('',(-19.,29.9,-13.));
#12401=CARTESIAN_POINT('',(-19.,29.9,-6.5));
#12402=CARTESIAN_POINT('',(-19.,0.,-13.));
#12403=CARTESIAN_POINT('Origin',(-19.,0.,-13.));
#12404=CARTESIAN_POINT('',(-19.,29.9,13.));
#12405=CARTESIAN_POINT('',(-19.,0.,13.));
#12406=CARTESIAN_POINT('',(-19.,29.9,-6.5));
#12407=CARTESIAN_POINT('Origin',(-19.,0.,-13.));
#12408=CARTESIAN_POINT('',(-19.,29.9,-6.5));
#12409=CARTESIAN_POINT('Origin',(-4.44089209850063E-15,29.9,2.22044604925031E-15));
#12410=CARTESIAN_POINT('',(19.,29.9,-13.));
#12411=CARTESIAN_POINT('',(19.,29.9,6.5));
#12412=CARTESIAN_POINT('',(13.,29.9,-19.));
#12413=CARTESIAN_POINT('Origin',(13.,29.9,-13.));
#12414=CARTESIAN_POINT('',(-13.,29.9,-19.));
#12415=CARTESIAN_POINT('',(6.5,29.9,-19.));
#12416=CARTESIAN_POINT('Origin',(-13.,29.9,-13.));
#12417=CARTESIAN_POINT('',(-13.,29.9,19.));
#12418=CARTESIAN_POINT('Origin',(-13.,29.9,13.));
#12419=CARTESIAN_POINT('',(13.,29.9,19.));
#12420=CARTESIAN_POINT('',(-6.5,29.9,19.));
#12421=CARTESIAN_POINT('Origin',(13.,29.9,13.));
#12422=CARTESIAN_POINT('Origin',(-13.,0.,19.));
#12423=CARTESIAN_POINT('',(2.86499999999998,13.8,19.));
#12424=CARTESIAN_POINT('Origin',(-2.01012150502815E-14,13.8,19.));
#12425=CARTESIAN_POINT('Origin',(13.,0.,13.));
#12426=CARTESIAN_POINT('',(13.,0.,19.));
#12427=CARTESIAN_POINT('Origin',(19.,0.,13.));
#12428=CARTESIAN_POINT('',(19.,0.,-13.));
#12429=CARTESIAN_POINT('Origin',(-6.66133814775094E-15,23.95,18.65));
#12430=CARTESIAN_POINT('',(9.74999999999999,20.95,18.65));
#12431=CARTESIAN_POINT('',(-9.75000000000001,20.95,18.65));
#12432=CARTESIAN_POINT('',(9.74999999999999,20.95,18.65));
#12433=CARTESIAN_POINT('',(9.74999999999999,26.95,18.65));
#12434=CARTESIAN_POINT('',(9.74999999999999,26.95,18.65));
#12435=CARTESIAN_POINT('',(-9.75000000000001,26.95,18.65));
#12436=CARTESIAN_POINT('',(-9.75000000000001,26.95,18.65));
#12437=CARTESIAN_POINT('',(-9.75000000000001,20.95,18.65));
#12438=CARTESIAN_POINT('Origin',(9.74999999999999,20.95,19.));
#12439=CARTESIAN_POINT('',(9.74999999999999,20.95,19.));
#12440=CARTESIAN_POINT('',(-9.75000000000001,20.95,19.));
#12441=CARTESIAN_POINT('',(-1.625,20.95,19.));
#12442=CARTESIAN_POINT('',(9.74999999999999,20.95,19.));
#12443=CARTESIAN_POINT('',(-9.75000000000001,20.95,19.));
#12444=CARTESIAN_POINT('Origin',(-9.75000000000001,20.95,19.));
#12445=CARTESIAN_POINT('',(-9.75000000000001,26.95,19.));
#12446=CARTESIAN_POINT('',(-9.75000000000001,10.475,19.));
#12447=CARTESIAN_POINT('',(-9.75000000000001,26.95,19.));
#12448=CARTESIAN_POINT('Origin',(-9.75000000000001,26.95,19.));
#12449=CARTESIAN_POINT('',(9.74999999999999,26.95,19.));
#12450=CARTESIAN_POINT('',(-11.375,26.95,19.));
#12451=CARTESIAN_POINT('',(9.74999999999999,26.95,19.));
#12452=CARTESIAN_POINT('Origin',(9.74999999999999,26.95,19.));
#12453=CARTESIAN_POINT('',(9.74999999999999,13.475,19.));
#12454=CARTESIAN_POINT('Origin',(-9.99200722162641E-15,13.8,18.65));
#12455=CARTESIAN_POINT('',(5.74999999999999,13.8,18.65));
#12456=CARTESIAN_POINT('Origin',(-1.03654131420301E-14,13.8,18.65));
#12457=CARTESIAN_POINT('',(4.99999999999999,13.8,18.65));
#12458=CARTESIAN_POINT('Origin',(-1.03654131420301E-14,13.8,18.65));
#12459=CARTESIAN_POINT('Origin',(-1.03654131420301E-14,13.8,19.));
#12460=CARTESIAN_POINT('',(4.99999999999999,13.8,19.));
#12461=CARTESIAN_POINT('Origin',(-1.03654131420301E-14,13.8,19.));
#12462=CARTESIAN_POINT('',(4.99999999999999,13.8,19.));
#12463=CARTESIAN_POINT('Origin',(-1.03654131420301E-14,13.8,18.65));
#12464=CARTESIAN_POINT('',(6.09999999999999,13.8,19.));
#12465=CARTESIAN_POINT('Origin',(-1.01860694226676E-14,13.8,19.));
#12466=CARTESIAN_POINT('Origin',(6.09999999999999,13.8,18.65));
#12467=CARTESIAN_POINT('Origin',(-13.,0.,19.));
#12468=CARTESIAN_POINT('',(3.43499999999998,13.8,19.));
#12469=CARTESIAN_POINT('Origin',(-2.01012150502815E-14,13.8,19.));
#12470=CARTESIAN_POINT('Origin',(-1.99840144432528E-14,13.8,18.99));
#12471=CARTESIAN_POINT('',(3.43499999999998,13.8,18.99));
#12472=CARTESIAN_POINT('Origin',(-2.01012150502815E-14,13.8,18.99));
#12473=CARTESIAN_POINT('',(2.86499999999998,13.8,18.99));
#12474=CARTESIAN_POINT('Origin',(-2.01012150502815E-14,13.8,18.99));
#12475=CARTESIAN_POINT('Origin',(-2.01012150502815E-14,13.8,19.));
#12476=CARTESIAN_POINT('',(3.43499999999998,13.8,19.));
#12477=CARTESIAN_POINT('Origin',(-2.01012150502815E-14,13.8,19.));
#12478=CARTESIAN_POINT('',(2.86499999999998,13.8,19.));
#12479=CARTESIAN_POINT('Origin',(13.,0.,-13.));
#12480=CARTESIAN_POINT('',(13.,0.,-19.));
#12481=CARTESIAN_POINT('Origin',(13.,0.,-19.));
#12482=CARTESIAN_POINT('',(-13.,0.,-19.));
#12483=CARTESIAN_POINT('Origin',(-13.,0.,19.));
#12484=CARTESIAN_POINT('',(-13.,0.,19.));
#12485=CARTESIAN_POINT('Origin',(-13.,0.,13.));
#12486=CARTESIAN_POINT('Origin',(-13.,0.,-13.));
#12487=CARTESIAN_POINT('Origin',(-12.49,-1.73,9.33900361488389));
#12488=CARTESIAN_POINT('',(-13.75,-2.73,9.33900361488389));
#12489=CARTESIAN_POINT('',(-13.3809545442951,-2.73,10.2299581591789));
#12490=CARTESIAN_POINT('Origin',(-12.49,-2.73,9.33900361488389));
#12491=CARTESIAN_POINT('',(-13.3809545442951,-1.73,10.2299581591789));
#12492=CARTESIAN_POINT('',(-13.3809545442951,-1.73,10.2299581591789));
#12493=CARTESIAN_POINT('',(-13.75,-1.73,9.33900361488389));
#12494=CARTESIAN_POINT('Origin',(-12.49,-1.73,9.33900361488389));
#12495=CARTESIAN_POINT('',(-13.75,-1.73,9.33900361488389));
#12496=CARTESIAN_POINT('Origin',(-13.75,-1.73,9.86091270347399));
#12497=CARTESIAN_POINT('',(-13.75,-1.73,-13.));
#12498=CARTESIAN_POINT('',(-13.75,-1.73,9.86091270347399));
#12499=CARTESIAN_POINT('',(-13.75,-2.73,-13.));
#12500=CARTESIAN_POINT('',(-13.75,-1.73,-13.));
#12501=CARTESIAN_POINT('',(-13.75,-2.73,9.86091270347399));
#12502=CARTESIAN_POINT('Origin',(-6.66133814775094E-15,-1.73,-2.22044604925031E-15));
#12503=CARTESIAN_POINT('',(-10.2299581591789,-1.73,13.3809545442951));
#12504=CARTESIAN_POINT('',(-9.86091270347399,-1.73,13.75));
#12505=CARTESIAN_POINT('',(-9.33900361488389,-1.73,13.75));
#12506=CARTESIAN_POINT('Origin',(-9.3390036148839,-1.73,12.49));
#12507=CARTESIAN_POINT('',(13.,-1.73,13.75));
#12508=CARTESIAN_POINT('',(13.,-1.73,13.75));
#12509=CARTESIAN_POINT('',(13.75,-1.73,13.));
#12510=CARTESIAN_POINT('Origin',(13.,-1.73,13.));
#12511=CARTESIAN_POINT('',(13.75,-1.73,-13.));
#12512=CARTESIAN_POINT('',(13.75,-1.73,-13.));
#12513=CARTESIAN_POINT('',(13.,-1.73,-13.75));
#12514=CARTESIAN_POINT('Origin',(13.,-1.73,-13.));
#12515=CARTESIAN_POINT('',(-13.,-1.73,-13.75));
#12516=CARTESIAN_POINT('',(-13.,-1.73,-13.75));
#12517=CARTESIAN_POINT('Origin',(-13.,-1.73,-13.));
#12518=CARTESIAN_POINT('Origin',(-9.3390036148839,-1.73,12.49));
#12519=CARTESIAN_POINT('',(-10.2299581591789,-2.73,13.3809545442951));
#12520=CARTESIAN_POINT('',(-9.33900361488389,-2.73,13.75));
#12521=CARTESIAN_POINT('Origin',(-9.3390036148839,-2.73,12.49));
#12522=CARTESIAN_POINT('',(-9.33900361488389,-1.73,13.75));
#12523=CARTESIAN_POINT('',(-10.2299581591789,-1.73,13.3809545442951));
#12524=CARTESIAN_POINT('Origin',(13.,-1.73,13.75));
#12525=CARTESIAN_POINT('',(13.,-2.73,13.75));
#12526=CARTESIAN_POINT('',(13.,-2.73,13.75));
#12527=CARTESIAN_POINT('',(13.,-1.73,13.75));
#12528=CARTESIAN_POINT('Origin',(13.,-1.73,13.));
#12529=CARTESIAN_POINT('',(13.75,-2.73,13.));
#12530=CARTESIAN_POINT('Origin',(13.,-2.73,13.));
#12531=CARTESIAN_POINT('',(13.75,-1.73,13.));
#12532=CARTESIAN_POINT('Origin',(13.75,-1.73,-13.));
#12533=CARTESIAN_POINT('',(13.75,-2.73,-13.));
#12534=CARTESIAN_POINT('',(13.75,-2.73,-13.));
#12535=CARTESIAN_POINT('',(13.75,-1.73,-13.));
#12536=CARTESIAN_POINT('Origin',(13.,-1.73,-13.));
#12537=CARTESIAN_POINT('',(13.,-2.73,-13.75));
#12538=CARTESIAN_POINT('Origin',(13.,-2.73,-13.));
#12539=CARTESIAN_POINT('',(13.,-1.73,-13.75));
#12540=CARTESIAN_POINT('Origin',(-13.,-1.73,-13.75));
#12541=CARTESIAN_POINT('',(-13.,-2.73,-13.75));
#12542=CARTESIAN_POINT('',(-13.,-2.73,-13.75));
#12543=CARTESIAN_POINT('',(-13.,-1.73,-13.75));
#12544=CARTESIAN_POINT('Origin',(-13.,-1.73,-13.));
#12545=CARTESIAN_POINT('Origin',(-13.,-2.73,-13.));
#12546=CARTESIAN_POINT('Origin',(-9.86091270347399,-1.73,13.75));
#12547=CARTESIAN_POINT('',(-9.86091270347399,-2.73,13.75));
#12548=CARTESIAN_POINT('Origin',(-6.66133814775094E-15,-2.73,-2.22044604925031E-15));
#12549=CARTESIAN_POINT('Origin',(-7.85000000000001,-2.95,-16.05));
#12550=CARTESIAN_POINT('',(-8.97500000000001,-3.,-16.05));
#12551=CARTESIAN_POINT('Origin',(-7.85000000000001,-3.,-16.05));
#12552=CARTESIAN_POINT('',(-9.07500000000001,-2.9,-16.05));
#12553=CARTESIAN_POINT('',(-9.02500000000001,-2.95,-16.05));
#12554=CARTESIAN_POINT('Origin',(-7.85000000000001,-2.9,-16.05));
#12555=CARTESIAN_POINT('Origin',(-7.85000000000001,-3.,-16.05));
#12556=CARTESIAN_POINT('',(-8.11391413379842,-3.,-15.5705134630097));
#12557=CARTESIAN_POINT('',(-8.18271571184406,-3.,-15.6124006771223));
#12558=CARTESIAN_POINT('Origin',(-8.19591289056501,-3.,-15.5132753298402));
#12559=CARTESIAN_POINT('',(-7.93383188335148,-3.,-15.312529496121));
#12560=CARTESIAN_POINT('',(-8.19579744134091,-3.,-15.6878186413343));
#12561=CARTESIAN_POINT('',(-7.77026873306899,-3.,-15.3119122085386));
#12562=CARTESIAN_POINT('Origin',(-7.85183312658489,-3.,-15.3697676292906));
#12563=CARTESIAN_POINT('',(-7.58824437635729,-3.,-15.5685295845313));
#12564=CARTESIAN_POINT('',(-7.65057317024943,-3.,-15.4806586433763));
#12565=CARTESIAN_POINT('',(-7.51912859785882,-3.,-15.6098962983268));
#12566=CARTESIAN_POINT('Origin',(-7.50667998284139,-3.,-15.5106741637793));
#12567=CARTESIAN_POINT('',(-7.20592565045581,-3.,-15.6491913904182));
#12568=CARTESIAN_POINT('',(-7.6766496428498,-3.,-15.5901333809578));
#12569=CARTESIAN_POINT('',(-7.12887265014764,-3.,-15.793016897642));
#12570=CARTESIAN_POINT('Origin',(-7.21837426547324,-3.,-15.7484135249656));
#12571=CARTESIAN_POINT('',(-7.26966691797988,-3.,-16.0755362149815));
#12572=CARTESIAN_POINT('',(-7.22043822531866,-3.,-15.976753381999));
#12573=CARTESIAN_POINT('',(-7.27351677335364,-3.,-16.1559934984385));
#12574=CARTESIAN_POINT('Origin',(-7.18016530265428,-3.,-16.1201395876579));
#12575=CARTESIAN_POINT('',(-7.18620383178759,-3.,-16.3833269002573));
#12576=CARTESIAN_POINT('',(-7.33619645907925,-3.,-15.9927967726684));
#12577=CARTESIAN_POINT('',(-7.27773454382942,-3.,-16.5191642338535));
#12578=CARTESIAN_POINT('Origin',(-7.27955530248694,-3.,-16.419180811038));
#12579=CARTESIAN_POINT('',(-7.52121835253499,-3.,-16.5235982214105));
#12580=CARTESIAN_POINT('',(-7.48814982338874,-3.,-16.5229960234757));
#12581=CARTESIAN_POINT('',(-7.59434319229552,-3.,-16.557376226942));
#12582=CARTESIAN_POINT('Origin',(-7.51939759387747,-3.,-16.623581644226));
#12583=CARTESIAN_POINT('',(-7.76793925512265,-3.,-16.7538897653397));
#12584=CARTESIAN_POINT('',(-7.50993176649031,-3.,-16.4618211337213));
#12585=CARTESIAN_POINT('',(-7.92348545701441,-3.,-16.7468750797598));
#12586=CARTESIAN_POINT('Origin',(-7.8428848535407,-3.,-16.6876843480557));
#12587=CARTESIAN_POINT('',(-8.07868843588255,-3.,-16.5355336518448));
#12588=CARTESIAN_POINT('',(-8.04013414053962,-3.,-16.5880334162788));
#12589=CARTESIAN_POINT('',(-8.14847604595619,-3.,-16.4953107065536));
#12590=CARTESIAN_POINT('Origin',(-8.15928903935626,-3.,-16.594724383549));
#12591=CARTESIAN_POINT('',(-8.41392591171325,-3.,-16.4664383447898));
#12592=CARTESIAN_POINT('',(-8.00304594111388,-3.,-16.5111287993087));
#12593=CARTESIAN_POINT('',(-8.49912447707118,-3.,-16.3390643282962));
#12594=CARTESIAN_POINT('Origin',(-8.40311291831318,-3.,-16.3670246677945));
#12595=CARTESIAN_POINT('',(-8.42446605389776,-3.,-16.0826986434756));
#12596=CARTESIAN_POINT('',(-8.45162042984544,-3.,-16.175942645824));
#12597=CARTESIAN_POINT('',(-8.43499861909933,-3.,-16.0028408891999));
#12598=CARTESIAN_POINT('Origin',(-8.52047761265575,-3.,-16.0547383039774));
#12599=CARTESIAN_POINT('',(-8.55602506275998,-3.,-15.8035011216567));
#12600=CARTESIAN_POINT('',(-8.33434063895471,-3.,-16.1686322464975));
#12601=CARTESIAN_POINT('',(-8.4837432479245,-3.,-15.6524783595972));
#12602=CARTESIAN_POINT('Origin',(-8.47054606920355,-3.,-15.7516037068793));
#12603=CARTESIAN_POINT('',(-8.27424693701181,-3.,-15.6245868027724));
#12604=CARTESIAN_POINT('Origin',(-7.85000000000001,-2.12,-16.05));
#12605=CARTESIAN_POINT('',(-9.07500000000001,-2.12,-16.05));
#12606=CARTESIAN_POINT('',(-9.07500000000001,-2.12,-16.05));
#12607=CARTESIAN_POINT('Origin',(-7.85000000000001,-2.12,-16.05));
#12608=CARTESIAN_POINT('Origin',(-8.47054606920355,-3.,-15.7516037068793));
#12609=CARTESIAN_POINT('',(-8.4837432479245,-2.5,-15.6524783595972));
#12610=CARTESIAN_POINT('',(-8.55602506275998,-2.5,-15.8035011216567));
#12611=CARTESIAN_POINT('Origin',(-8.47054606920355,-2.5,-15.7516037068793));
#12612=CARTESIAN_POINT('',(-8.4837432479245,-3.,-15.6524783595972));
#12613=CARTESIAN_POINT('',(-8.55602506275998,-3.,-15.8035011216567));
#12614=CARTESIAN_POINT('Origin',(-8.4121632100712,-3.,-16.0404525465348));
#12615=CARTESIAN_POINT('',(-8.43499861909933,-2.5,-16.0028408891999));
#12616=CARTESIAN_POINT('',(-8.43499861909933,-3.,-16.0028408891999));
#12617=CARTESIAN_POINT('',(-8.4121632100712,-2.5,-16.0404525465348));
#12618=CARTESIAN_POINT('Origin',(-8.19591289056501,-3.,-15.5132753298402));
#12619=CARTESIAN_POINT('',(-8.18271571184406,-2.5,-15.6124006771223));
#12620=CARTESIAN_POINT('',(-8.18271571184406,-3.,-15.6124006771223));
#12621=CARTESIAN_POINT('',(-8.11391413379842,-2.5,-15.5705134630097));
#12622=CARTESIAN_POINT('Origin',(-8.19591289056501,-2.5,-15.5132753298402));
#12623=CARTESIAN_POINT('',(-8.11391413379842,-3.,-15.5705134630097));
#12624=CARTESIAN_POINT('Origin',(-8.63545346723242,-3.,-15.6726764918902));
#12625=CARTESIAN_POINT('',(-8.63545346723242,-2.5,-15.6726764918902));
#12626=CARTESIAN_POINT('Origin',(-8.52047761265575,-3.,-16.0547383039774));
#12627=CARTESIAN_POINT('',(-8.42446605389776,-2.5,-16.0826986434756));
#12628=CARTESIAN_POINT('',(-8.42446605389776,-3.,-16.0826986434756));
#12629=CARTESIAN_POINT('Origin',(-8.52047761265575,-2.5,-16.0547383039774));
#12630=CARTESIAN_POINT('Origin',(-8.53246344898798,-3.,-16.4535452937837));
#12631=CARTESIAN_POINT('',(-8.49912447707118,-2.5,-16.3390643282962));
#12632=CARTESIAN_POINT('',(-8.49912447707118,-3.,-16.3390643282962));
#12633=CARTESIAN_POINT('',(-8.53246344898798,-2.5,-16.4535452937837));
#12634=CARTESIAN_POINT('Origin',(-8.40311291831318,-3.,-16.3670246677945));
#12635=CARTESIAN_POINT('',(-8.41392591171325,-2.5,-16.4664383447898));
#12636=CARTESIAN_POINT('Origin',(-8.40311291831318,-2.5,-16.3670246677945));
#12637=CARTESIAN_POINT('',(-8.41392591171325,-3.,-16.4664383447898));
#12638=CARTESIAN_POINT('Origin',(-7.85070112536487,-2.5,-16.0214267959178));
#12639=CARTESIAN_POINT('',(-8.14847604595619,-2.5,-16.4953107065536));
#12640=CARTESIAN_POINT('',(-8.10473298116357,-2.5,-16.5000685375201));
#12641=CARTESIAN_POINT('',(-8.07868843588255,-2.5,-16.5355336518448));
#12642=CARTESIAN_POINT('Origin',(-8.15928903935626,-2.5,-16.594724383549));
#12643=CARTESIAN_POINT('',(-7.92348545701441,-2.5,-16.7468750797598));
#12644=CARTESIAN_POINT('',(-7.85006299884435,-2.5,-16.8468551656052));
#12645=CARTESIAN_POINT('',(-7.76793925512265,-2.5,-16.7538897653397));
#12646=CARTESIAN_POINT('Origin',(-7.8428848535407,-2.5,-16.6876843480557));
#12647=CARTESIAN_POINT('',(-7.59434319229553,-2.5,-16.557376226942));
#12648=CARTESIAN_POINT('',(-7.56521211148844,-2.5,-16.524399374394));
#12649=CARTESIAN_POINT('',(-7.52121835253499,-2.5,-16.5235982214105));
#12650=CARTESIAN_POINT('Origin',(-7.51939759387747,-2.5,-16.623581644226));
#12651=CARTESIAN_POINT('',(-7.27773454382942,-2.5,-16.5191642338535));
#12652=CARTESIAN_POINT('',(-7.13503029437701,-2.5,-16.5165655030806));
#12653=CARTESIAN_POINT('',(-7.18620383178759,-2.5,-16.3833269002573));
#12654=CARTESIAN_POINT('Origin',(-7.27955530248694,-2.5,-16.419180811038));
#12655=CARTESIAN_POINT('',(-7.27351677335364,-2.5,-16.1559934984385));
#12656=CARTESIAN_POINT('',(-7.28929287167079,-2.5,-16.1149178682566));
#12657=CARTESIAN_POINT('',(-7.26966691797989,-2.5,-16.0755362149815));
#12658=CARTESIAN_POINT('Origin',(-7.18016530265428,-2.5,-16.1201395876579));
#12659=CARTESIAN_POINT('',(-7.12887265014764,-2.5,-15.793016897642));
#12660=CARTESIAN_POINT('',(-7.06594878349733,-2.5,-15.6667531787838));
#12661=CARTESIAN_POINT('',(-7.20592565045581,-2.5,-15.6491913904182));
#12662=CARTESIAN_POINT('Origin',(-7.21837426547324,-2.5,-15.7484135249656));
#12663=CARTESIAN_POINT('',(-7.51912859785882,-2.5,-15.6098962983268));
#12664=CARTESIAN_POINT('',(-7.56278738195725,-2.5,-15.6044187766241));
#12665=CARTESIAN_POINT('',(-7.58824437635728,-2.5,-15.5685295845313));
#12666=CARTESIAN_POINT('Origin',(-7.50667998284139,-2.5,-15.5106741637793));
#12667=CARTESIAN_POINT('',(-7.77026873306899,-2.5,-15.3119122085386));
#12668=CARTESIAN_POINT('',(-7.85248893182627,-2.5,-15.1959984262304));
#12669=CARTESIAN_POINT('',(-7.93383188335148,-2.5,-15.312529496121));
#12670=CARTESIAN_POINT('Origin',(-7.85183312658489,-2.5,-15.3697676292906));
#12671=CARTESIAN_POINT('',(-8.1390995151616,-2.5,-15.6065937795071));
#12672=CARTESIAN_POINT('Origin',(-8.10473298116357,-3.,-16.5000685375201));
#12673=CARTESIAN_POINT('',(-8.14847604595619,-3.,-16.4953107065536));
#12674=CARTESIAN_POINT('Origin',(-7.8428848535407,-3.,-16.6876843480557));
#12675=CARTESIAN_POINT('',(-7.92348545701441,-3.,-16.7468750797598));
#12676=CARTESIAN_POINT('',(-7.76793925512265,-3.,-16.7538897653397));
#12677=CARTESIAN_POINT('Origin',(-7.56521211148844,-3.,-16.524399374394));
#12678=CARTESIAN_POINT('',(-7.59434319229553,-3.,-16.557376226942));
#12679=CARTESIAN_POINT('Origin',(-8.15928903935626,-3.,-16.594724383549));
#12680=CARTESIAN_POINT('',(-8.07868843588255,-3.,-16.5355336518448));
#12681=CARTESIAN_POINT('Origin',(-7.85006299884435,-3.,-16.8468551656052));
#12682=CARTESIAN_POINT('Origin',(-7.51939759387747,-3.,-16.623581644226));
#12683=CARTESIAN_POINT('',(-7.52121835253499,-3.,-16.5235982214105));
#12684=CARTESIAN_POINT('Origin',(-7.13503029437701,-3.,-16.5165655030806));
#12685=CARTESIAN_POINT('',(-7.27773454382942,-3.,-16.5191642338535));
#12686=CARTESIAN_POINT('Origin',(-7.27955530248694,-3.,-16.419180811038));
#12687=CARTESIAN_POINT('',(-7.18620383178759,-3.,-16.3833269002573));
#12688=CARTESIAN_POINT('Origin',(-7.28929287167079,-3.,-16.1149178682566));
#12689=CARTESIAN_POINT('',(-7.27351677335364,-3.,-16.1559934984385));
#12690=CARTESIAN_POINT('Origin',(-7.18016530265428,-3.,-16.1201395876579));
#12691=CARTESIAN_POINT('',(-7.26966691797989,-3.,-16.0755362149815));
#12692=CARTESIAN_POINT('Origin',(-7.06594878349733,-3.,-15.6667531787838));
#12693=CARTESIAN_POINT('',(-7.12887265014764,-3.,-15.793016897642));
#12694=CARTESIAN_POINT('Origin',(-7.50667998284139,-3.,-15.5106741637793));
#12695=CARTESIAN_POINT('',(-7.58824437635728,-3.,-15.5685295845313));
#12696=CARTESIAN_POINT('',(-7.51912859785882,-3.,-15.6098962983268));
#12697=CARTESIAN_POINT('Origin',(-7.56278738195725,-3.,-15.6044187766241));
#12698=CARTESIAN_POINT('',(-7.20592565045581,-3.,-15.6491913904182));
#12699=CARTESIAN_POINT('Origin',(-7.21837426547324,-3.,-15.7484135249656));
#12700=CARTESIAN_POINT('Origin',(-7.85183312658489,-3.,-15.3697676292906));
#12701=CARTESIAN_POINT('',(-7.77026873306899,-3.,-15.3119122085386));
#12702=CARTESIAN_POINT('',(-7.93383188335148,-3.,-15.312529496121));
#12703=CARTESIAN_POINT('Origin',(-8.1390995151616,-3.,-15.6065937795071));
#12704=CARTESIAN_POINT('Origin',(-7.85248893182627,-3.,-15.1959984262304));
#12705=CARTESIAN_POINT('Origin',(-7.85000000000001,-2.12,-16.05));
#12706=CARTESIAN_POINT('Origin',(7.85,-2.95,-16.05));
#12707=CARTESIAN_POINT('',(6.725,-3.,-16.05));
#12708=CARTESIAN_POINT('Origin',(7.85,-3.,-16.05));
#12709=CARTESIAN_POINT('',(6.625,-2.9,-16.05));
#12710=CARTESIAN_POINT('',(6.675,-2.95,-16.05));
#12711=CARTESIAN_POINT('Origin',(7.85,-2.9,-16.05));
#12712=CARTESIAN_POINT('Origin',(7.85,-3.,-16.05));
#12713=CARTESIAN_POINT('',(7.58608586620159,-3.,-15.5705134630097));
#12714=CARTESIAN_POINT('',(7.51728428815595,-3.,-15.6124006771223));
#12715=CARTESIAN_POINT('Origin',(7.504087109435,-3.,-15.5132753298402));
#12716=CARTESIAN_POINT('',(7.76616811664853,-3.,-15.312529496121));
#12717=CARTESIAN_POINT('',(7.5042025586591,-3.,-15.6878186413343));
#12718=CARTESIAN_POINT('',(7.92973126693102,-3.,-15.3119122085386));
#12719=CARTESIAN_POINT('Origin',(7.84816687341512,-3.,-15.3697676292906));
#12720=CARTESIAN_POINT('',(8.11175562364272,-3.,-15.5685295845313));
#12721=CARTESIAN_POINT('',(8.04942682975057,-3.,-15.4806586433763));
#12722=CARTESIAN_POINT('',(8.18087140214119,-3.,-15.6098962983268));
#12723=CARTESIAN_POINT('Origin',(8.19332001715862,-3.,-15.5106741637793));
#12724=CARTESIAN_POINT('',(8.4940743495442,-3.,-15.6491913904182));
#12725=CARTESIAN_POINT('',(8.02335035715021,-3.,-15.5901333809578));
#12726=CARTESIAN_POINT('',(8.57112734985237,-3.,-15.793016897642));
#12727=CARTESIAN_POINT('Origin',(8.48162573452677,-3.,-15.7484135249656));
#12728=CARTESIAN_POINT('',(8.43033308202012,-3.,-16.0755362149815));
#12729=CARTESIAN_POINT('',(8.47956177468135,-3.,-15.976753381999));
#12730=CARTESIAN_POINT('',(8.42648322664637,-3.,-16.1559934984385));
#12731=CARTESIAN_POINT('Origin',(8.51983469734572,-3.,-16.1201395876579));
#12732=CARTESIAN_POINT('',(8.51379616821242,-3.,-16.3833269002573));
#12733=CARTESIAN_POINT('',(8.36380354092075,-3.,-15.9927967726684));
#12734=CARTESIAN_POINT('',(8.42226545617059,-3.,-16.5191642338535));
#12735=CARTESIAN_POINT('Origin',(8.42044469751307,-3.,-16.419180811038));
#12736=CARTESIAN_POINT('',(8.17878164746502,-3.,-16.5235982214105));
#12737=CARTESIAN_POINT('',(8.21185017661126,-3.,-16.5229960234757));
#12738=CARTESIAN_POINT('',(8.10565680770448,-3.,-16.557376226942));
#12739=CARTESIAN_POINT('Origin',(8.18060240612254,-3.,-16.623581644226));
#12740=CARTESIAN_POINT('',(7.93206074487736,-3.,-16.7538897653397));
#12741=CARTESIAN_POINT('',(8.19006823350969,-3.,-16.4618211337213));
#12742=CARTESIAN_POINT('',(7.77651454298559,-3.,-16.7468750797598));
#12743=CARTESIAN_POINT('Origin',(7.85711514645931,-3.,-16.6876843480557));
#12744=CARTESIAN_POINT('',(7.62131156411746,-3.,-16.5355336518448));
#12745=CARTESIAN_POINT('',(7.65986585946038,-3.,-16.5880334162788));
#12746=CARTESIAN_POINT('',(7.55152395404381,-3.,-16.4953107065536));
#12747=CARTESIAN_POINT('Origin',(7.54071096064374,-3.,-16.594724383549));
#12748=CARTESIAN_POINT('',(7.28607408828675,-3.,-16.4664383447898));
#12749=CARTESIAN_POINT('',(7.69695405888613,-3.,-16.5111287993087));
#12750=CARTESIAN_POINT('',(7.20087552292883,-3.,-16.3390643282962));
#12751=CARTESIAN_POINT('Origin',(7.29688708168682,-3.,-16.3670246677945));
#12752=CARTESIAN_POINT('',(7.27553394610225,-3.,-16.0826986434757));
#12753=CARTESIAN_POINT('',(7.24837957015456,-3.,-16.175942645824));
#12754=CARTESIAN_POINT('',(7.26500138090068,-3.,-16.0028408891999));
#12755=CARTESIAN_POINT('Origin',(7.17952238734425,-3.,-16.0547383039774));
#12756=CARTESIAN_POINT('',(7.14397493724003,-3.,-15.8035011216567));
#12757=CARTESIAN_POINT('',(7.3656593610453,-3.,-16.1686322464975));
#12758=CARTESIAN_POINT('',(7.21625675207551,-3.,-15.6524783595972));
#12759=CARTESIAN_POINT('Origin',(7.22945393079645,-3.,-15.7516037068793));
#12760=CARTESIAN_POINT('',(7.4257530629882,-3.,-15.6245868027724));
#12761=CARTESIAN_POINT('Origin',(7.85,-2.12,-16.05));
#12762=CARTESIAN_POINT('',(6.625,-2.12,-16.05));
#12763=CARTESIAN_POINT('',(6.625,-2.12,-16.05));
#12764=CARTESIAN_POINT('Origin',(7.85,-2.12,-16.05));
#12765=CARTESIAN_POINT('Origin',(7.22945393079645,-3.,-15.7516037068793));
#12766=CARTESIAN_POINT('',(7.21625675207551,-2.5,-15.6524783595972));
#12767=CARTESIAN_POINT('',(7.14397493724003,-2.5,-15.8035011216567));
#12768=CARTESIAN_POINT('Origin',(7.22945393079645,-2.5,-15.7516037068793));
#12769=CARTESIAN_POINT('',(7.21625675207551,-3.,-15.6524783595972));
#12770=CARTESIAN_POINT('',(7.14397493724003,-3.,-15.8035011216567));
#12771=CARTESIAN_POINT('Origin',(7.28783678992881,-3.,-16.0404525465348));
#12772=CARTESIAN_POINT('',(7.26500138090068,-2.5,-16.0028408891999));
#12773=CARTESIAN_POINT('',(7.26500138090068,-3.,-16.0028408891999));
#12774=CARTESIAN_POINT('',(7.28783678992881,-2.5,-16.0404525465348));
#12775=CARTESIAN_POINT('Origin',(7.504087109435,-3.,-15.5132753298402));
#12776=CARTESIAN_POINT('',(7.51728428815595,-2.5,-15.6124006771223));
#12777=CARTESIAN_POINT('',(7.51728428815595,-3.,-15.6124006771223));
#12778=CARTESIAN_POINT('',(7.58608586620159,-2.5,-15.5705134630097));
#12779=CARTESIAN_POINT('Origin',(7.504087109435,-2.5,-15.5132753298402));
#12780=CARTESIAN_POINT('',(7.58608586620159,-3.,-15.5705134630097));
#12781=CARTESIAN_POINT('Origin',(7.06454653276759,-3.,-15.6726764918902));
#12782=CARTESIAN_POINT('',(7.06454653276759,-2.5,-15.6726764918902));
#12783=CARTESIAN_POINT('Origin',(7.17952238734425,-3.,-16.0547383039774));
#12784=CARTESIAN_POINT('',(7.27553394610225,-2.5,-16.0826986434757));
#12785=CARTESIAN_POINT('',(7.27553394610225,-3.,-16.0826986434757));
#12786=CARTESIAN_POINT('Origin',(7.17952238734425,-2.5,-16.0547383039774));
#12787=CARTESIAN_POINT('Origin',(7.16753655101203,-3.,-16.4535452937837));
#12788=CARTESIAN_POINT('',(7.20087552292883,-2.5,-16.3390643282962));
#12789=CARTESIAN_POINT('',(7.20087552292883,-3.,-16.3390643282962));
#12790=CARTESIAN_POINT('',(7.16753655101203,-2.5,-16.4535452937837));
#12791=CARTESIAN_POINT('Origin',(7.29688708168682,-3.,-16.3670246677945));
#12792=CARTESIAN_POINT('',(7.28607408828675,-2.5,-16.4664383447898));
#12793=CARTESIAN_POINT('Origin',(7.29688708168682,-2.5,-16.3670246677945));
#12794=CARTESIAN_POINT('',(7.28607408828675,-3.,-16.4664383447898));
#12795=CARTESIAN_POINT('Origin',(7.84929887463513,-2.5,-16.0214267959178));
#12796=CARTESIAN_POINT('',(7.55152395404381,-2.5,-16.4953107065536));
#12797=CARTESIAN_POINT('',(7.59526701883643,-2.5,-16.5000685375201));
#12798=CARTESIAN_POINT('',(7.62131156411746,-2.5,-16.5355336518448));
#12799=CARTESIAN_POINT('Origin',(7.54071096064374,-2.5,-16.594724383549));
#12800=CARTESIAN_POINT('',(7.77651454298559,-2.5,-16.7468750797598));
#12801=CARTESIAN_POINT('',(7.84993700115566,-2.5,-16.8468551656052));
#12802=CARTESIAN_POINT('',(7.93206074487736,-2.5,-16.7538897653397));
#12803=CARTESIAN_POINT('Origin',(7.85711514645931,-2.5,-16.6876843480557));
#12804=CARTESIAN_POINT('',(8.10565680770448,-2.5,-16.557376226942));
#12805=CARTESIAN_POINT('',(8.13478788851157,-2.5,-16.524399374394));
#12806=CARTESIAN_POINT('',(8.17878164746502,-2.5,-16.5235982214105));
#12807=CARTESIAN_POINT('Origin',(8.18060240612254,-2.5,-16.623581644226));
#12808=CARTESIAN_POINT('',(8.42226545617059,-2.5,-16.5191642338535));
#12809=CARTESIAN_POINT('',(8.564969705623,-2.5,-16.5165655030806));
#12810=CARTESIAN_POINT('',(8.51379616821242,-2.5,-16.3833269002573));
#12811=CARTESIAN_POINT('Origin',(8.42044469751307,-2.5,-16.419180811038));
#12812=CARTESIAN_POINT('',(8.42648322664637,-2.5,-16.1559934984385));
#12813=CARTESIAN_POINT('',(8.41070712832922,-2.5,-16.1149178682566));
#12814=CARTESIAN_POINT('',(8.43033308202012,-2.5,-16.0755362149815));
#12815=CARTESIAN_POINT('Origin',(8.51983469734572,-2.5,-16.1201395876579));
#12816=CARTESIAN_POINT('',(8.57112734985237,-2.5,-15.793016897642));
#12817=CARTESIAN_POINT('',(8.63405121650268,-2.5,-15.6667531787838));
#12818=CARTESIAN_POINT('',(8.4940743495442,-2.5,-15.6491913904182));
#12819=CARTESIAN_POINT('Origin',(8.48162573452677,-2.5,-15.7484135249656));
#12820=CARTESIAN_POINT('',(8.18087140214119,-2.5,-15.6098962983268));
#12821=CARTESIAN_POINT('',(8.13721261804275,-2.5,-15.6044187766241));
#12822=CARTESIAN_POINT('',(8.11175562364272,-2.5,-15.5685295845313));
#12823=CARTESIAN_POINT('Origin',(8.19332001715862,-2.5,-15.5106741637793));
#12824=CARTESIAN_POINT('',(7.92973126693102,-2.5,-15.3119122085386));
#12825=CARTESIAN_POINT('',(7.84751106817373,-2.5,-15.1959984262304));
#12826=CARTESIAN_POINT('',(7.76616811664853,-2.5,-15.312529496121));
#12827=CARTESIAN_POINT('Origin',(7.84816687341512,-2.5,-15.3697676292906));
#12828=CARTESIAN_POINT('',(7.56090048483841,-2.5,-15.6065937795071));
#12829=CARTESIAN_POINT('Origin',(7.59526701883643,-3.,-16.5000685375201));
#12830=CARTESIAN_POINT('',(7.55152395404381,-3.,-16.4953107065536));
#12831=CARTESIAN_POINT('Origin',(7.85711514645931,-3.,-16.6876843480557));
#12832=CARTESIAN_POINT('',(7.77651454298559,-3.,-16.7468750797598));
#12833=CARTESIAN_POINT('',(7.93206074487736,-3.,-16.7538897653397));
#12834=CARTESIAN_POINT('Origin',(8.13478788851157,-3.,-16.524399374394));
#12835=CARTESIAN_POINT('',(8.10565680770448,-3.,-16.557376226942));
#12836=CARTESIAN_POINT('Origin',(7.54071096064374,-3.,-16.594724383549));
#12837=CARTESIAN_POINT('',(7.62131156411746,-3.,-16.5355336518448));
#12838=CARTESIAN_POINT('Origin',(7.84993700115566,-3.,-16.8468551656052));
#12839=CARTESIAN_POINT('Origin',(8.18060240612254,-3.,-16.623581644226));
#12840=CARTESIAN_POINT('',(8.17878164746502,-3.,-16.5235982214105));
#12841=CARTESIAN_POINT('Origin',(8.564969705623,-3.,-16.5165655030806));
#12842=CARTESIAN_POINT('',(8.42226545617059,-3.,-16.5191642338535));
#12843=CARTESIAN_POINT('Origin',(8.42044469751307,-3.,-16.419180811038));
#12844=CARTESIAN_POINT('',(8.51379616821242,-3.,-16.3833269002573));
#12845=CARTESIAN_POINT('Origin',(8.41070712832922,-3.,-16.1149178682566));
#12846=CARTESIAN_POINT('',(8.42648322664637,-3.,-16.1559934984385));
#12847=CARTESIAN_POINT('Origin',(8.51983469734572,-3.,-16.1201395876579));
#12848=CARTESIAN_POINT('',(8.43033308202012,-3.,-16.0755362149815));
#12849=CARTESIAN_POINT('Origin',(8.63405121650268,-3.,-15.6667531787838));
#12850=CARTESIAN_POINT('',(8.57112734985237,-3.,-15.793016897642));
#12851=CARTESIAN_POINT('Origin',(8.19332001715862,-3.,-15.5106741637793));
#12852=CARTESIAN_POINT('',(8.11175562364272,-3.,-15.5685295845313));
#12853=CARTESIAN_POINT('',(8.18087140214119,-3.,-15.6098962983268));
#12854=CARTESIAN_POINT('Origin',(8.13721261804275,-3.,-15.6044187766241));
#12855=CARTESIAN_POINT('',(8.4940743495442,-3.,-15.6491913904182));
#12856=CARTESIAN_POINT('Origin',(8.48162573452677,-3.,-15.7484135249656));
#12857=CARTESIAN_POINT('Origin',(7.84816687341512,-3.,-15.3697676292906));
#12858=CARTESIAN_POINT('',(7.92973126693102,-3.,-15.3119122085386));
#12859=CARTESIAN_POINT('',(7.76616811664853,-3.,-15.312529496121));
#12860=CARTESIAN_POINT('Origin',(7.56090048483841,-3.,-15.6065937795071));
#12861=CARTESIAN_POINT('Origin',(7.84751106817373,-3.,-15.1959984262304));
#12862=CARTESIAN_POINT('Origin',(7.85,-2.12,-16.05));
#12863=CARTESIAN_POINT('Origin',(-16.05,-2.95,7.85000000000001));
#12864=CARTESIAN_POINT('',(-16.05,-3.,8.97500000000001));
#12865=CARTESIAN_POINT('Origin',(-16.05,-3.,7.85000000000001));
#12866=CARTESIAN_POINT('',(-16.05,-2.9,9.07500000000001));
#12867=CARTESIAN_POINT('',(-16.05,-2.95,9.02500000000001));
#12868=CARTESIAN_POINT('Origin',(-16.05,-2.9,7.85000000000001));
#12869=CARTESIAN_POINT('Origin',(-16.05,-3.,7.85000000000001));
#12870=CARTESIAN_POINT('',(-15.5705134630097,-3.,8.11391413379841));
#12871=CARTESIAN_POINT('',(-15.6124006771223,-3.,8.18271571184406));
#12872=CARTESIAN_POINT('Origin',(-15.5132753298402,-3.,8.195912890565));
#12873=CARTESIAN_POINT('',(-15.312529496121,-3.,7.93383188335148));
#12874=CARTESIAN_POINT('',(-15.6878186413343,-3.,8.19579744134091));
#12875=CARTESIAN_POINT('',(-15.3119122085386,-3.,7.77026873306899));
#12876=CARTESIAN_POINT('Origin',(-15.3697676292906,-3.,7.85183312658488));
#12877=CARTESIAN_POINT('',(-15.5685295845313,-3.,7.58824437635728));
#12878=CARTESIAN_POINT('',(-15.4806586433763,-3.,7.65057317024943));
#12879=CARTESIAN_POINT('',(-15.6098962983268,-3.,7.51912859785882));
#12880=CARTESIAN_POINT('Origin',(-15.5106741637793,-3.,7.50667998284139));
#12881=CARTESIAN_POINT('',(-15.6491913904182,-3.,7.2059256504558));
#12882=CARTESIAN_POINT('',(-15.5901333809578,-3.,7.6766496428498));
#12883=CARTESIAN_POINT('',(-15.793016897642,-3.,7.12887265014764));
#12884=CARTESIAN_POINT('Origin',(-15.7484135249656,-3.,7.21837426547324));
#12885=CARTESIAN_POINT('',(-16.0755362149815,-3.,7.26966691797988));
#12886=CARTESIAN_POINT('',(-15.976753381999,-3.,7.22043822531866));
#12887=CARTESIAN_POINT('',(-16.1559934984385,-3.,7.27351677335364));
#12888=CARTESIAN_POINT('Origin',(-16.1201395876579,-3.,7.18016530265428));
#12889=CARTESIAN_POINT('',(-16.3833269002573,-3.,7.18620383178759));
#12890=CARTESIAN_POINT('',(-15.9927967726684,-3.,7.33619645907925));
#12891=CARTESIAN_POINT('',(-16.5191642338535,-3.,7.27773454382942));
#12892=CARTESIAN_POINT('Origin',(-16.419180811038,-3.,7.27955530248694));
#12893=CARTESIAN_POINT('',(-16.5235982214105,-3.,7.52121835253499));
#12894=CARTESIAN_POINT('',(-16.5229960234757,-3.,7.48814982338874));
#12895=CARTESIAN_POINT('',(-16.557376226942,-3.,7.59434319229552));
#12896=CARTESIAN_POINT('Origin',(-16.623581644226,-3.,7.51939759387747));
#12897=CARTESIAN_POINT('',(-16.7538897653397,-3.,7.76793925512265));
#12898=CARTESIAN_POINT('',(-16.4618211337213,-3.,7.50993176649031));
#12899=CARTESIAN_POINT('',(-16.7468750797598,-3.,7.92348545701441));
#12900=CARTESIAN_POINT('Origin',(-16.6876843480557,-3.,7.8428848535407));
#12901=CARTESIAN_POINT('',(-16.5355336518448,-3.,8.07868843588255));
#12902=CARTESIAN_POINT('',(-16.5880334162788,-3.,8.04013414053962));
#12903=CARTESIAN_POINT('',(-16.4953107065536,-3.,8.14847604595619));
#12904=CARTESIAN_POINT('Origin',(-16.594724383549,-3.,8.15928903935626));
#12905=CARTESIAN_POINT('',(-16.4664383447898,-3.,8.41392591171325));
#12906=CARTESIAN_POINT('',(-16.5111287993087,-3.,8.00304594111388));
#12907=CARTESIAN_POINT('',(-16.3390643282962,-3.,8.49912447707118));
#12908=CARTESIAN_POINT('Origin',(-16.3670246677945,-3.,8.40311291831318));
#12909=CARTESIAN_POINT('',(-16.0826986434756,-3.,8.42446605389775));
#12910=CARTESIAN_POINT('',(-16.175942645824,-3.,8.45162042984544));
#12911=CARTESIAN_POINT('',(-16.0028408891999,-3.,8.43499861909932));
#12912=CARTESIAN_POINT('Origin',(-16.0547383039774,-3.,8.52047761265575));
#12913=CARTESIAN_POINT('',(-15.8035011216567,-3.,8.55602506275998));
#12914=CARTESIAN_POINT('',(-16.1686322464975,-3.,8.33434063895471));
#12915=CARTESIAN_POINT('',(-15.6524783595972,-3.,8.4837432479245));
#12916=CARTESIAN_POINT('Origin',(-15.7516037068793,-3.,8.47054606920355));
#12917=CARTESIAN_POINT('',(-15.6245868027724,-3.,8.27424693701181));
#12918=CARTESIAN_POINT('Origin',(-16.05,-2.12,7.85000000000001));
#12919=CARTESIAN_POINT('',(-16.05,-2.12,9.07500000000001));
#12920=CARTESIAN_POINT('',(-16.05,-2.12,9.07500000000001));
#12921=CARTESIAN_POINT('Origin',(-16.05,-2.12,7.85000000000001));
#12922=CARTESIAN_POINT('Origin',(-15.7516037068793,-3.,8.47054606920355));
#12923=CARTESIAN_POINT('',(-15.6524783595972,-2.5,8.4837432479245));
#12924=CARTESIAN_POINT('',(-15.8035011216567,-2.5,8.55602506275998));
#12925=CARTESIAN_POINT('Origin',(-15.7516037068793,-2.5,8.47054606920355));
#12926=CARTESIAN_POINT('',(-15.6524783595972,-3.,8.4837432479245));
#12927=CARTESIAN_POINT('',(-15.8035011216567,-3.,8.55602506275998));
#12928=CARTESIAN_POINT('Origin',(-16.0404525465348,-3.,8.4121632100712));
#12929=CARTESIAN_POINT('',(-16.0028408891999,-2.5,8.43499861909933));
#12930=CARTESIAN_POINT('',(-16.0028408891999,-3.,8.43499861909933));
#12931=CARTESIAN_POINT('',(-16.0404525465348,-2.5,8.4121632100712));
#12932=CARTESIAN_POINT('Origin',(-15.5132753298402,-3.,8.195912890565));
#12933=CARTESIAN_POINT('',(-15.6124006771223,-2.5,8.18271571184406));
#12934=CARTESIAN_POINT('',(-15.6124006771223,-3.,8.18271571184406));
#12935=CARTESIAN_POINT('',(-15.5705134630097,-2.5,8.11391413379841));
#12936=CARTESIAN_POINT('Origin',(-15.5132753298402,-2.5,8.195912890565));
#12937=CARTESIAN_POINT('',(-15.5705134630097,-3.,8.11391413379841));
#12938=CARTESIAN_POINT('Origin',(-15.6726764918902,-3.,8.63545346723242));
#12939=CARTESIAN_POINT('',(-15.6726764918902,-2.5,8.63545346723242));
#12940=CARTESIAN_POINT('Origin',(-16.0547383039774,-3.,8.52047761265575));
#12941=CARTESIAN_POINT('',(-16.0826986434756,-2.5,8.42446605389776));
#12942=CARTESIAN_POINT('',(-16.0826986434756,-3.,8.42446605389776));
#12943=CARTESIAN_POINT('Origin',(-16.0547383039774,-2.5,8.52047761265575));
#12944=CARTESIAN_POINT('Origin',(-16.4535452937837,-3.,8.53246344898798));
#12945=CARTESIAN_POINT('',(-16.3390643282962,-2.5,8.49912447707118));
#12946=CARTESIAN_POINT('',(-16.3390643282962,-3.,8.49912447707118));
#12947=CARTESIAN_POINT('',(-16.4535452937837,-2.5,8.53246344898798));
#12948=CARTESIAN_POINT('Origin',(-16.3670246677945,-3.,8.40311291831318));
#12949=CARTESIAN_POINT('',(-16.4664383447898,-2.5,8.41392591171325));
#12950=CARTESIAN_POINT('Origin',(-16.3670246677945,-2.5,8.40311291831318));
#12951=CARTESIAN_POINT('',(-16.4664383447898,-3.,8.41392591171325));
#12952=CARTESIAN_POINT('Origin',(-16.0214267959178,-2.5,7.85070112536487));
#12953=CARTESIAN_POINT('',(-16.4953107065536,-2.5,8.14847604595619));
#12954=CARTESIAN_POINT('',(-16.5000685375201,-2.5,8.10473298116357));
#12955=CARTESIAN_POINT('',(-16.5355336518448,-2.5,8.07868843588255));
#12956=CARTESIAN_POINT('Origin',(-16.594724383549,-2.5,8.15928903935626));
#12957=CARTESIAN_POINT('',(-16.7468750797598,-2.5,7.92348545701441));
#12958=CARTESIAN_POINT('',(-16.8468551656052,-2.5,7.85006299884435));
#12959=CARTESIAN_POINT('',(-16.7538897653397,-2.5,7.76793925512265));
#12960=CARTESIAN_POINT('Origin',(-16.6876843480557,-2.5,7.8428848535407));
#12961=CARTESIAN_POINT('',(-16.557376226942,-2.5,7.59434319229552));
#12962=CARTESIAN_POINT('',(-16.524399374394,-2.5,7.56521211148844));
#12963=CARTESIAN_POINT('',(-16.5235982214105,-2.5,7.52121835253499));
#12964=CARTESIAN_POINT('Origin',(-16.623581644226,-2.5,7.51939759387747));
#12965=CARTESIAN_POINT('',(-16.5191642338535,-2.5,7.27773454382942));
#12966=CARTESIAN_POINT('',(-16.5165655030806,-2.5,7.13503029437701));
#12967=CARTESIAN_POINT('',(-16.3833269002573,-2.5,7.18620383178759));
#12968=CARTESIAN_POINT('Origin',(-16.419180811038,-2.5,7.27955530248694));
#12969=CARTESIAN_POINT('',(-16.1559934984385,-2.5,7.27351677335364));
#12970=CARTESIAN_POINT('',(-16.1149178682566,-2.5,7.28929287167078));
#12971=CARTESIAN_POINT('',(-16.0755362149815,-2.5,7.26966691797988));
#12972=CARTESIAN_POINT('Origin',(-16.1201395876579,-2.5,7.18016530265428));
#12973=CARTESIAN_POINT('',(-15.793016897642,-2.5,7.12887265014764));
#12974=CARTESIAN_POINT('',(-15.6667531787838,-2.5,7.06594878349733));
#12975=CARTESIAN_POINT('',(-15.6491913904182,-2.5,7.2059256504558));
#12976=CARTESIAN_POINT('Origin',(-15.7484135249656,-2.5,7.21837426547324));
#12977=CARTESIAN_POINT('',(-15.6098962983268,-2.5,7.51912859785882));
#12978=CARTESIAN_POINT('',(-15.6044187766241,-2.5,7.56278738195725));
#12979=CARTESIAN_POINT('',(-15.5685295845313,-2.5,7.58824437635728));
#12980=CARTESIAN_POINT('Origin',(-15.5106741637793,-2.5,7.50667998284139));
#12981=CARTESIAN_POINT('',(-15.3119122085386,-2.5,7.77026873306899));
#12982=CARTESIAN_POINT('',(-15.1959984262304,-2.5,7.85248893182627));
#12983=CARTESIAN_POINT('',(-15.312529496121,-2.5,7.93383188335148));
#12984=CARTESIAN_POINT('Origin',(-15.3697676292906,-2.5,7.85183312658488));
#12985=CARTESIAN_POINT('',(-15.6065937795071,-2.5,8.1390995151616));
#12986=CARTESIAN_POINT('Origin',(-16.5000685375201,-3.,8.10473298116357));
#12987=CARTESIAN_POINT('',(-16.4953107065536,-3.,8.14847604595619));
#12988=CARTESIAN_POINT('Origin',(-16.6876843480557,-3.,7.8428848535407));
#12989=CARTESIAN_POINT('',(-16.7468750797598,-3.,7.92348545701441));
#12990=CARTESIAN_POINT('',(-16.7538897653397,-3.,7.76793925512265));
#12991=CARTESIAN_POINT('Origin',(-16.524399374394,-3.,7.56521211148844));
#12992=CARTESIAN_POINT('',(-16.557376226942,-3.,7.59434319229552));
#12993=CARTESIAN_POINT('Origin',(-16.594724383549,-3.,8.15928903935626));
#12994=CARTESIAN_POINT('',(-16.5355336518448,-3.,8.07868843588255));
#12995=CARTESIAN_POINT('Origin',(-16.8468551656052,-3.,7.85006299884435));
#12996=CARTESIAN_POINT('Origin',(-16.623581644226,-3.,7.51939759387747));
#12997=CARTESIAN_POINT('',(-16.5235982214105,-3.,7.52121835253499));
#12998=CARTESIAN_POINT('Origin',(-16.5165655030806,-3.,7.13503029437701));
#12999=CARTESIAN_POINT('',(-16.5191642338535,-3.,7.27773454382942));
#13000=CARTESIAN_POINT('Origin',(-16.419180811038,-3.,7.27955530248694));
#13001=CARTESIAN_POINT('',(-16.3833269002573,-3.,7.18620383178759));
#13002=CARTESIAN_POINT('Origin',(-16.1149178682566,-3.,7.28929287167078));
#13003=CARTESIAN_POINT('',(-16.1559934984385,-3.,7.27351677335364));
#13004=CARTESIAN_POINT('Origin',(-16.1201395876579,-3.,7.18016530265428));
#13005=CARTESIAN_POINT('',(-16.0755362149815,-3.,7.26966691797988));
#13006=CARTESIAN_POINT('Origin',(-15.6667531787838,-3.,7.06594878349733));
#13007=CARTESIAN_POINT('',(-15.793016897642,-3.,7.12887265014764));
#13008=CARTESIAN_POINT('Origin',(-15.5106741637793,-3.,7.50667998284139));
#13009=CARTESIAN_POINT('',(-15.5685295845313,-3.,7.58824437635728));
#13010=CARTESIAN_POINT('',(-15.6098962983268,-3.,7.51912859785882));
#13011=CARTESIAN_POINT('Origin',(-15.6044187766241,-3.,7.56278738195725));
#13012=CARTESIAN_POINT('',(-15.6491913904182,-3.,7.2059256504558));
#13013=CARTESIAN_POINT('Origin',(-15.7484135249656,-3.,7.21837426547324));
#13014=CARTESIAN_POINT('Origin',(-15.3697676292906,-3.,7.85183312658488));
#13015=CARTESIAN_POINT('',(-15.3119122085386,-3.,7.77026873306899));
#13016=CARTESIAN_POINT('',(-15.312529496121,-3.,7.93383188335148));
#13017=CARTESIAN_POINT('Origin',(-15.6065937795071,-3.,8.1390995151616));
#13018=CARTESIAN_POINT('Origin',(-15.1959984262304,-3.,7.85248893182627));
#13019=CARTESIAN_POINT('Origin',(-16.05,-2.12,7.85000000000001));
#13020=CARTESIAN_POINT('Origin',(7.85000000000001,-2.95,16.05));
#13021=CARTESIAN_POINT('',(8.97500000000001,-3.,16.05));
#13022=CARTESIAN_POINT('Origin',(7.85000000000001,-3.,16.05));
#13023=CARTESIAN_POINT('',(9.07500000000001,-2.9,16.05));
#13024=CARTESIAN_POINT('',(9.02500000000001,-2.95,16.05));
#13025=CARTESIAN_POINT('Origin',(7.85000000000001,-2.9,16.05));
#13026=CARTESIAN_POINT('Origin',(7.85000000000001,-3.,16.05));
#13027=CARTESIAN_POINT('',(8.11391413379841,-3.,15.5705134630097));
#13028=CARTESIAN_POINT('',(8.18271571184406,-3.,15.6124006771223));
#13029=CARTESIAN_POINT('Origin',(8.195912890565,-3.,15.5132753298402));
#13030=CARTESIAN_POINT('',(7.93383188335147,-3.,15.312529496121));
#13031=CARTESIAN_POINT('',(8.19579744134091,-3.,15.6878186413343));
#13032=CARTESIAN_POINT('',(7.77026873306899,-3.,15.3119122085386));
#13033=CARTESIAN_POINT('Origin',(7.85183312658488,-3.,15.3697676292906));
#13034=CARTESIAN_POINT('',(7.58824437635728,-3.,15.5685295845313));
#13035=CARTESIAN_POINT('',(7.65057317024943,-3.,15.4806586433763));
#13036=CARTESIAN_POINT('',(7.51912859785882,-3.,15.6098962983268));
#13037=CARTESIAN_POINT('Origin',(7.50667998284138,-3.,15.5106741637793));
#13038=CARTESIAN_POINT('',(7.2059256504558,-3.,15.6491913904182));
#13039=CARTESIAN_POINT('',(7.6766496428498,-3.,15.5901333809578));
#13040=CARTESIAN_POINT('',(7.12887265014764,-3.,15.793016897642));
#13041=CARTESIAN_POINT('Origin',(7.21837426547324,-3.,15.7484135249656));
#13042=CARTESIAN_POINT('',(7.26966691797988,-3.,16.0755362149815));
#13043=CARTESIAN_POINT('',(7.22043822531866,-3.,15.976753381999));
#13044=CARTESIAN_POINT('',(7.27351677335363,-3.,16.1559934984385));
#13045=CARTESIAN_POINT('Origin',(7.18016530265428,-3.,16.1201395876579));
#13046=CARTESIAN_POINT('',(7.18620383178759,-3.,16.3833269002573));
#13047=CARTESIAN_POINT('',(7.33619645907925,-3.,15.9927967726684));
#13048=CARTESIAN_POINT('',(7.27773454382942,-3.,16.5191642338535));
#13049=CARTESIAN_POINT('Origin',(7.27955530248694,-3.,16.419180811038));
#13050=CARTESIAN_POINT('',(7.52121835253499,-3.,16.5235982214105));
#13051=CARTESIAN_POINT('',(7.48814982338874,-3.,16.5229960234757));
#13052=CARTESIAN_POINT('',(7.59434319229552,-3.,16.557376226942));
#13053=CARTESIAN_POINT('Origin',(7.51939759387747,-3.,16.623581644226));
#13054=CARTESIAN_POINT('',(7.76793925512264,-3.,16.7538897653397));
#13055=CARTESIAN_POINT('',(7.50993176649031,-3.,16.4618211337213));
#13056=CARTESIAN_POINT('',(7.92348545701441,-3.,16.7468750797598));
#13057=CARTESIAN_POINT('Origin',(7.8428848535407,-3.,16.6876843480557));
#13058=CARTESIAN_POINT('',(8.07868843588255,-3.,16.5355336518448));
#13059=CARTESIAN_POINT('',(8.04013414053962,-3.,16.5880334162788));
#13060=CARTESIAN_POINT('',(8.14847604595619,-3.,16.4953107065536));
#13061=CARTESIAN_POINT('Origin',(8.15928903935626,-3.,16.594724383549));
#13062=CARTESIAN_POINT('',(8.41392591171325,-3.,16.4664383447898));
#13063=CARTESIAN_POINT('',(8.00304594111388,-3.,16.5111287993087));
#13064=CARTESIAN_POINT('',(8.49912447707118,-3.,16.3390643282962));
#13065=CARTESIAN_POINT('Origin',(8.40311291831318,-3.,16.3670246677945));
#13066=CARTESIAN_POINT('',(8.42446605389775,-3.,16.0826986434756));
#13067=CARTESIAN_POINT('',(8.45162042984544,-3.,16.175942645824));
#13068=CARTESIAN_POINT('',(8.43499861909932,-3.,16.0028408891999));
#13069=CARTESIAN_POINT('Origin',(8.52047761265575,-3.,16.0547383039774));
#13070=CARTESIAN_POINT('',(8.55602506275997,-3.,15.8035011216567));
#13071=CARTESIAN_POINT('',(8.3343406389547,-3.,16.1686322464975));
#13072=CARTESIAN_POINT('',(8.4837432479245,-3.,15.6524783595972));
#13073=CARTESIAN_POINT('Origin',(8.47054606920355,-3.,15.7516037068793));
#13074=CARTESIAN_POINT('',(8.27424693701181,-3.,15.6245868027724));
#13075=CARTESIAN_POINT('Origin',(7.85000000000001,-2.12,16.05));
#13076=CARTESIAN_POINT('',(9.07500000000001,-2.12,16.05));
#13077=CARTESIAN_POINT('',(9.07500000000001,-2.12,16.05));
#13078=CARTESIAN_POINT('Origin',(7.85000000000001,-2.12,16.05));
#13079=CARTESIAN_POINT('Origin',(8.47054606920355,-3.,15.7516037068793));
#13080=CARTESIAN_POINT('',(8.4837432479245,-2.5,15.6524783595972));
#13081=CARTESIAN_POINT('',(8.55602506275997,-2.5,15.8035011216567));
#13082=CARTESIAN_POINT('Origin',(8.47054606920355,-2.5,15.7516037068793));
#13083=CARTESIAN_POINT('',(8.4837432479245,-3.,15.6524783595972));
#13084=CARTESIAN_POINT('',(8.55602506275997,-3.,15.8035011216567));
#13085=CARTESIAN_POINT('Origin',(8.4121632100712,-3.,16.0404525465348));
#13086=CARTESIAN_POINT('',(8.43499861909932,-2.5,16.0028408891999));
#13087=CARTESIAN_POINT('',(8.43499861909932,-3.,16.0028408891999));
#13088=CARTESIAN_POINT('',(8.4121632100712,-2.5,16.0404525465348));
#13089=CARTESIAN_POINT('Origin',(8.195912890565,-3.,15.5132753298402));
#13090=CARTESIAN_POINT('',(8.18271571184406,-2.5,15.6124006771223));
#13091=CARTESIAN_POINT('',(8.18271571184406,-3.,15.6124006771223));
#13092=CARTESIAN_POINT('',(8.11391413379841,-2.5,15.5705134630097));
#13093=CARTESIAN_POINT('Origin',(8.195912890565,-2.5,15.5132753298402));
#13094=CARTESIAN_POINT('',(8.11391413379841,-3.,15.5705134630097));
#13095=CARTESIAN_POINT('Origin',(8.63545346723242,-3.,15.6726764918902));
#13096=CARTESIAN_POINT('',(8.63545346723242,-2.5,15.6726764918902));
#13097=CARTESIAN_POINT('Origin',(8.52047761265575,-3.,16.0547383039774));
#13098=CARTESIAN_POINT('',(8.42446605389775,-2.5,16.0826986434756));
#13099=CARTESIAN_POINT('',(8.42446605389775,-3.,16.0826986434756));
#13100=CARTESIAN_POINT('Origin',(8.52047761265575,-2.5,16.0547383039774));
#13101=CARTESIAN_POINT('Origin',(8.53246344898798,-3.,16.4535452937837));
#13102=CARTESIAN_POINT('',(8.49912447707118,-2.5,16.3390643282962));
#13103=CARTESIAN_POINT('',(8.49912447707118,-3.,16.3390643282962));
#13104=CARTESIAN_POINT('',(8.53246344898798,-2.5,16.4535452937837));
#13105=CARTESIAN_POINT('Origin',(8.40311291831318,-3.,16.3670246677945));
#13106=CARTESIAN_POINT('',(8.41392591171325,-2.5,16.4664383447898));
#13107=CARTESIAN_POINT('Origin',(8.40311291831318,-2.5,16.3670246677945));
#13108=CARTESIAN_POINT('',(8.41392591171325,-3.,16.4664383447898));
#13109=CARTESIAN_POINT('Origin',(7.85070112536487,-2.5,16.0214267959178));
#13110=CARTESIAN_POINT('',(8.14847604595619,-2.5,16.4953107065536));
#13111=CARTESIAN_POINT('',(8.10473298116357,-2.5,16.5000685375201));
#13112=CARTESIAN_POINT('',(8.07868843588255,-2.5,16.5355336518448));
#13113=CARTESIAN_POINT('Origin',(8.15928903935626,-2.5,16.594724383549));
#13114=CARTESIAN_POINT('',(7.92348545701441,-2.5,16.7468750797598));
#13115=CARTESIAN_POINT('',(7.85006299884435,-2.5,16.8468551656052));
#13116=CARTESIAN_POINT('',(7.76793925512265,-2.5,16.7538897653397));
#13117=CARTESIAN_POINT('Origin',(7.8428848535407,-2.5,16.6876843480557));
#13118=CARTESIAN_POINT('',(7.59434319229552,-2.5,16.557376226942));
#13119=CARTESIAN_POINT('',(7.56521211148844,-2.5,16.524399374394));
#13120=CARTESIAN_POINT('',(7.52121835253499,-2.5,16.5235982214105));
#13121=CARTESIAN_POINT('Origin',(7.51939759387747,-2.5,16.623581644226));
#13122=CARTESIAN_POINT('',(7.27773454382942,-2.5,16.5191642338535));
#13123=CARTESIAN_POINT('',(7.135030294377,-2.5,16.5165655030806));
#13124=CARTESIAN_POINT('',(7.18620383178759,-2.5,16.3833269002573));
#13125=CARTESIAN_POINT('Origin',(7.27955530248694,-2.5,16.419180811038));
#13126=CARTESIAN_POINT('',(7.27351677335363,-2.5,16.1559934984385));
#13127=CARTESIAN_POINT('',(7.28929287167078,-2.5,16.1149178682566));
#13128=CARTESIAN_POINT('',(7.26966691797988,-2.5,16.0755362149815));
#13129=CARTESIAN_POINT('Origin',(7.18016530265428,-2.5,16.1201395876579));
#13130=CARTESIAN_POINT('',(7.12887265014764,-2.5,15.793016897642));
#13131=CARTESIAN_POINT('',(7.06594878349733,-2.5,15.6667531787838));
#13132=CARTESIAN_POINT('',(7.2059256504558,-2.5,15.6491913904182));
#13133=CARTESIAN_POINT('Origin',(7.21837426547324,-2.5,15.7484135249656));
#13134=CARTESIAN_POINT('',(7.51912859785882,-2.5,15.6098962983268));
#13135=CARTESIAN_POINT('',(7.56278738195725,-2.5,15.6044187766241));
#13136=CARTESIAN_POINT('',(7.58824437635728,-2.5,15.5685295845313));
#13137=CARTESIAN_POINT('Origin',(7.50667998284138,-2.5,15.5106741637793));
#13138=CARTESIAN_POINT('',(7.77026873306899,-2.5,15.3119122085386));
#13139=CARTESIAN_POINT('',(7.85248893182627,-2.5,15.1959984262304));
#13140=CARTESIAN_POINT('',(7.93383188335147,-2.5,15.312529496121));
#13141=CARTESIAN_POINT('Origin',(7.85183312658488,-2.5,15.3697676292906));
#13142=CARTESIAN_POINT('',(8.1390995151616,-2.5,15.6065937795071));
#13143=CARTESIAN_POINT('Origin',(8.10473298116357,-3.,16.5000685375201));
#13144=CARTESIAN_POINT('',(8.14847604595619,-3.,16.4953107065536));
#13145=CARTESIAN_POINT('Origin',(7.8428848535407,-3.,16.6876843480557));
#13146=CARTESIAN_POINT('',(7.92348545701441,-3.,16.7468750797598));
#13147=CARTESIAN_POINT('',(7.76793925512265,-3.,16.7538897653397));
#13148=CARTESIAN_POINT('Origin',(7.56521211148844,-3.,16.524399374394));
#13149=CARTESIAN_POINT('',(7.59434319229552,-3.,16.557376226942));
#13150=CARTESIAN_POINT('Origin',(8.15928903935626,-3.,16.594724383549));
#13151=CARTESIAN_POINT('',(8.07868843588255,-3.,16.5355336518448));
#13152=CARTESIAN_POINT('Origin',(7.85006299884435,-3.,16.8468551656052));
#13153=CARTESIAN_POINT('Origin',(7.51939759387747,-3.,16.623581644226));
#13154=CARTESIAN_POINT('',(7.52121835253499,-3.,16.5235982214105));
#13155=CARTESIAN_POINT('Origin',(7.135030294377,-3.,16.5165655030806));
#13156=CARTESIAN_POINT('',(7.27773454382942,-3.,16.5191642338535));
#13157=CARTESIAN_POINT('Origin',(7.27955530248694,-3.,16.419180811038));
#13158=CARTESIAN_POINT('',(7.18620383178759,-3.,16.3833269002573));
#13159=CARTESIAN_POINT('Origin',(7.28929287167078,-3.,16.1149178682566));
#13160=CARTESIAN_POINT('',(7.27351677335363,-3.,16.1559934984385));
#13161=CARTESIAN_POINT('Origin',(7.18016530265428,-3.,16.1201395876579));
#13162=CARTESIAN_POINT('',(7.26966691797988,-3.,16.0755362149815));
#13163=CARTESIAN_POINT('Origin',(7.06594878349733,-3.,15.6667531787838));
#13164=CARTESIAN_POINT('',(7.12887265014764,-3.,15.793016897642));
#13165=CARTESIAN_POINT('Origin',(7.50667998284138,-3.,15.5106741637793));
#13166=CARTESIAN_POINT('',(7.58824437635728,-3.,15.5685295845313));
#13167=CARTESIAN_POINT('',(7.51912859785882,-3.,15.6098962983268));
#13168=CARTESIAN_POINT('Origin',(7.56278738195725,-3.,15.6044187766241));
#13169=CARTESIAN_POINT('',(7.2059256504558,-3.,15.6491913904182));
#13170=CARTESIAN_POINT('Origin',(7.21837426547324,-3.,15.7484135249656));
#13171=CARTESIAN_POINT('Origin',(7.85183312658488,-3.,15.3697676292906));
#13172=CARTESIAN_POINT('',(7.77026873306899,-3.,15.3119122085386));
#13173=CARTESIAN_POINT('',(7.93383188335147,-3.,15.312529496121));
#13174=CARTESIAN_POINT('Origin',(8.1390995151616,-3.,15.6065937795071));
#13175=CARTESIAN_POINT('Origin',(7.85248893182627,-3.,15.1959984262304));
#13176=CARTESIAN_POINT('Origin',(7.85000000000001,-2.12,16.05));
#13177=CARTESIAN_POINT('Origin',(16.05,-2.95,-7.85));
#13178=CARTESIAN_POINT('',(16.05,-3.,-8.975));
#13179=CARTESIAN_POINT('Origin',(16.05,-3.,-7.85));
#13180=CARTESIAN_POINT('',(16.05,-2.9,-9.075));
#13181=CARTESIAN_POINT('',(16.05,-2.95,-9.02500000000001));
#13182=CARTESIAN_POINT('Origin',(16.05,-2.9,-7.85));
#13183=CARTESIAN_POINT('Origin',(16.05,-3.,-7.85));
#13184=CARTESIAN_POINT('',(15.5705134630097,-3.,-8.11391413379841));
#13185=CARTESIAN_POINT('',(15.6124006771223,-3.,-8.18271571184405));
#13186=CARTESIAN_POINT('Origin',(15.5132753298402,-3.,-8.195912890565));
#13187=CARTESIAN_POINT('',(15.312529496121,-3.,-7.93383188335147));
#13188=CARTESIAN_POINT('',(15.6878186413343,-3.,-8.19579744134091));
#13189=CARTESIAN_POINT('',(15.3119122085386,-3.,-7.77026873306899));
#13190=CARTESIAN_POINT('Origin',(15.3697676292906,-3.,-7.85183312658488));
#13191=CARTESIAN_POINT('',(15.5685295845313,-3.,-7.58824437635728));
#13192=CARTESIAN_POINT('',(15.4806586433763,-3.,-7.65057317024943));
#13193=CARTESIAN_POINT('',(15.6098962983268,-3.,-7.51912859785882));
#13194=CARTESIAN_POINT('Origin',(15.5106741637793,-3.,-7.50667998284138));
#13195=CARTESIAN_POINT('',(15.6491913904182,-3.,-7.2059256504558));
#13196=CARTESIAN_POINT('',(15.5901333809578,-3.,-7.6766496428498));
#13197=CARTESIAN_POINT('',(15.793016897642,-3.,-7.12887265014763));
#13198=CARTESIAN_POINT('Origin',(15.7484135249656,-3.,-7.21837426547324));
#13199=CARTESIAN_POINT('',(16.0755362149815,-3.,-7.26966691797988));
#13200=CARTESIAN_POINT('',(15.976753381999,-3.,-7.22043822531866));
#13201=CARTESIAN_POINT('',(16.1559934984385,-3.,-7.27351677335363));
#13202=CARTESIAN_POINT('Origin',(16.1201395876579,-3.,-7.18016530265428));
#13203=CARTESIAN_POINT('',(16.3833269002573,-3.,-7.18620383178759));
#13204=CARTESIAN_POINT('',(15.9927967726684,-3.,-7.33619645907925));
#13205=CARTESIAN_POINT('',(16.5191642338535,-3.,-7.27773454382942));
#13206=CARTESIAN_POINT('Origin',(16.419180811038,-3.,-7.27955530248694));
#13207=CARTESIAN_POINT('',(16.5235982214105,-3.,-7.52121835253499));
#13208=CARTESIAN_POINT('',(16.5229960234757,-3.,-7.48814982338874));
#13209=CARTESIAN_POINT('',(16.557376226942,-3.,-7.59434319229552));
#13210=CARTESIAN_POINT('Origin',(16.623581644226,-3.,-7.51939759387747));
#13211=CARTESIAN_POINT('',(16.7538897653397,-3.,-7.76793925512264));
#13212=CARTESIAN_POINT('',(16.4618211337213,-3.,-7.50993176649031));
#13213=CARTESIAN_POINT('',(16.7468750797598,-3.,-7.92348545701441));
#13214=CARTESIAN_POINT('Origin',(16.6876843480557,-3.,-7.8428848535407));
#13215=CARTESIAN_POINT('',(16.5355336518448,-3.,-8.07868843588255));
#13216=CARTESIAN_POINT('',(16.5880334162788,-3.,-8.04013414053962));
#13217=CARTESIAN_POINT('',(16.4953107065536,-3.,-8.14847604595619));
#13218=CARTESIAN_POINT('Origin',(16.594724383549,-3.,-8.15928903935626));
#13219=CARTESIAN_POINT('',(16.4664383447898,-3.,-8.41392591171325));
#13220=CARTESIAN_POINT('',(16.5111287993087,-3.,-8.00304594111388));
#13221=CARTESIAN_POINT('',(16.3390643282962,-3.,-8.49912447707118));
#13222=CARTESIAN_POINT('Origin',(16.3670246677945,-3.,-8.40311291831318));
#13223=CARTESIAN_POINT('',(16.0826986434757,-3.,-8.42446605389775));
#13224=CARTESIAN_POINT('',(16.175942645824,-3.,-8.45162042984544));
#13225=CARTESIAN_POINT('',(16.0028408891999,-3.,-8.43499861909932));
#13226=CARTESIAN_POINT('Origin',(16.0547383039774,-3.,-8.52047761265575));
#13227=CARTESIAN_POINT('',(15.8035011216567,-3.,-8.55602506275997));
#13228=CARTESIAN_POINT('',(16.1686322464975,-3.,-8.3343406389547));
#13229=CARTESIAN_POINT('',(15.6524783595972,-3.,-8.4837432479245));
#13230=CARTESIAN_POINT('Origin',(15.7516037068793,-3.,-8.47054606920355));
#13231=CARTESIAN_POINT('',(15.6245868027724,-3.,-8.27424693701181));
#13232=CARTESIAN_POINT('Origin',(16.05,-2.12,-7.85));
#13233=CARTESIAN_POINT('',(16.05,-2.12,-9.075));
#13234=CARTESIAN_POINT('',(16.05,-2.12,-9.075));
#13235=CARTESIAN_POINT('Origin',(16.05,-2.12,-7.85));
#13236=CARTESIAN_POINT('Origin',(15.7516037068793,-3.,-8.47054606920355));
#13237=CARTESIAN_POINT('',(15.6524783595972,-2.5,-8.4837432479245));
#13238=CARTESIAN_POINT('',(15.8035011216567,-2.5,-8.55602506275997));
#13239=CARTESIAN_POINT('Origin',(15.7516037068793,-2.5,-8.47054606920355));
#13240=CARTESIAN_POINT('',(15.6524783595972,-3.,-8.4837432479245));
#13241=CARTESIAN_POINT('',(15.8035011216567,-3.,-8.55602506275997));
#13242=CARTESIAN_POINT('Origin',(16.0404525465348,-3.,-8.41216321007119));
#13243=CARTESIAN_POINT('',(16.0028408891999,-2.5,-8.43499861909932));
#13244=CARTESIAN_POINT('',(16.0028408891999,-3.,-8.43499861909932));
#13245=CARTESIAN_POINT('',(16.0404525465348,-2.5,-8.41216321007119));
#13246=CARTESIAN_POINT('Origin',(15.5132753298402,-3.,-8.195912890565));
#13247=CARTESIAN_POINT('',(15.6124006771223,-2.5,-8.18271571184405));
#13248=CARTESIAN_POINT('',(15.6124006771223,-3.,-8.18271571184405));
#13249=CARTESIAN_POINT('',(15.5705134630097,-2.5,-8.11391413379841));
#13250=CARTESIAN_POINT('Origin',(15.5132753298402,-2.5,-8.195912890565));
#13251=CARTESIAN_POINT('',(15.5705134630097,-3.,-8.11391413379841));
#13252=CARTESIAN_POINT('Origin',(15.6726764918902,-3.,-8.63545346723241));
#13253=CARTESIAN_POINT('',(15.6726764918902,-2.5,-8.63545346723241));
#13254=CARTESIAN_POINT('Origin',(16.0547383039774,-3.,-8.52047761265575));
#13255=CARTESIAN_POINT('',(16.0826986434757,-2.5,-8.42446605389775));
#13256=CARTESIAN_POINT('',(16.0826986434757,-3.,-8.42446605389775));
#13257=CARTESIAN_POINT('Origin',(16.0547383039774,-2.5,-8.52047761265575));
#13258=CARTESIAN_POINT('Origin',(16.4535452937837,-3.,-8.53246344898798));
#13259=CARTESIAN_POINT('',(16.3390643282962,-2.5,-8.49912447707118));
#13260=CARTESIAN_POINT('',(16.3390643282962,-3.,-8.49912447707118));
#13261=CARTESIAN_POINT('',(16.4535452937837,-2.5,-8.53246344898798));
#13262=CARTESIAN_POINT('Origin',(16.3670246677945,-3.,-8.40311291831318));
#13263=CARTESIAN_POINT('',(16.4664383447898,-2.5,-8.41392591171325));
#13264=CARTESIAN_POINT('Origin',(16.3670246677945,-2.5,-8.40311291831318));
#13265=CARTESIAN_POINT('',(16.4664383447898,-3.,-8.41392591171325));
#13266=CARTESIAN_POINT('Origin',(16.0214267959178,-2.5,-7.85070112536487));
#13267=CARTESIAN_POINT('',(16.4953107065536,-2.5,-8.14847604595619));
#13268=CARTESIAN_POINT('',(16.5000685375201,-2.5,-8.10473298116357));
#13269=CARTESIAN_POINT('',(16.5355336518448,-2.5,-8.07868843588255));
#13270=CARTESIAN_POINT('Origin',(16.594724383549,-2.5,-8.15928903935626));
#13271=CARTESIAN_POINT('',(16.7468750797598,-2.5,-7.92348545701441));
#13272=CARTESIAN_POINT('',(16.8468551656052,-2.5,-7.85006299884435));
#13273=CARTESIAN_POINT('',(16.7538897653397,-2.5,-7.76793925512264));
#13274=CARTESIAN_POINT('Origin',(16.6876843480557,-2.5,-7.8428848535407));
#13275=CARTESIAN_POINT('',(16.557376226942,-2.5,-7.59434319229552));
#13276=CARTESIAN_POINT('',(16.524399374394,-2.5,-7.56521211148844));
#13277=CARTESIAN_POINT('',(16.5235982214105,-2.5,-7.52121835253499));
#13278=CARTESIAN_POINT('Origin',(16.623581644226,-2.5,-7.51939759387747));
#13279=CARTESIAN_POINT('',(16.5191642338535,-2.5,-7.27773454382942));
#13280=CARTESIAN_POINT('',(16.5165655030806,-2.5,-7.135030294377));
#13281=CARTESIAN_POINT('',(16.3833269002573,-2.5,-7.18620383178758));
#13282=CARTESIAN_POINT('Origin',(16.419180811038,-2.5,-7.27955530248694));
#13283=CARTESIAN_POINT('',(16.1559934984385,-2.5,-7.27351677335363));
#13284=CARTESIAN_POINT('',(16.1149178682566,-2.5,-7.28929287167078));
#13285=CARTESIAN_POINT('',(16.0755362149815,-2.5,-7.26966691797988));
#13286=CARTESIAN_POINT('Origin',(16.1201395876579,-2.5,-7.18016530265428));
#13287=CARTESIAN_POINT('',(15.793016897642,-2.5,-7.12887265014763));
#13288=CARTESIAN_POINT('',(15.6667531787838,-2.5,-7.06594878349733));
#13289=CARTESIAN_POINT('',(15.6491913904182,-2.5,-7.2059256504558));
#13290=CARTESIAN_POINT('Origin',(15.7484135249656,-2.5,-7.21837426547324));
#13291=CARTESIAN_POINT('',(15.6098962983268,-2.5,-7.51912859785882));
#13292=CARTESIAN_POINT('',(15.6044187766241,-2.5,-7.56278738195725));
#13293=CARTESIAN_POINT('',(15.5685295845313,-2.5,-7.58824437635728));
#13294=CARTESIAN_POINT('Origin',(15.5106741637793,-2.5,-7.50667998284138));
#13295=CARTESIAN_POINT('',(15.3119122085386,-2.5,-7.77026873306898));
#13296=CARTESIAN_POINT('',(15.1959984262304,-2.5,-7.85248893182627));
#13297=CARTESIAN_POINT('',(15.312529496121,-2.5,-7.93383188335147));
#13298=CARTESIAN_POINT('Origin',(15.3697676292906,-2.5,-7.85183312658488));
#13299=CARTESIAN_POINT('',(15.6065937795071,-2.5,-8.1390995151616));
#13300=CARTESIAN_POINT('Origin',(16.5000685375201,-3.,-8.10473298116357));
#13301=CARTESIAN_POINT('',(16.4953107065536,-3.,-8.14847604595619));
#13302=CARTESIAN_POINT('Origin',(16.6876843480557,-3.,-7.8428848535407));
#13303=CARTESIAN_POINT('',(16.7468750797598,-3.,-7.92348545701441));
#13304=CARTESIAN_POINT('',(16.7538897653397,-3.,-7.76793925512264));
#13305=CARTESIAN_POINT('Origin',(16.524399374394,-3.,-7.56521211148844));
#13306=CARTESIAN_POINT('',(16.557376226942,-3.,-7.59434319229552));
#13307=CARTESIAN_POINT('Origin',(16.594724383549,-3.,-8.15928903935626));
#13308=CARTESIAN_POINT('',(16.5355336518448,-3.,-8.07868843588255));
#13309=CARTESIAN_POINT('Origin',(16.8468551656052,-3.,-7.85006299884435));
#13310=CARTESIAN_POINT('Origin',(16.623581644226,-3.,-7.51939759387747));
#13311=CARTESIAN_POINT('',(16.5235982214105,-3.,-7.52121835253499));
#13312=CARTESIAN_POINT('Origin',(16.5165655030806,-3.,-7.135030294377));
#13313=CARTESIAN_POINT('',(16.5191642338535,-3.,-7.27773454382942));
#13314=CARTESIAN_POINT('Origin',(16.419180811038,-3.,-7.27955530248694));
#13315=CARTESIAN_POINT('',(16.3833269002573,-3.,-7.18620383178758));
#13316=CARTESIAN_POINT('Origin',(16.1149178682566,-3.,-7.28929287167078));
#13317=CARTESIAN_POINT('',(16.1559934984385,-3.,-7.27351677335363));
#13318=CARTESIAN_POINT('Origin',(16.1201395876579,-3.,-7.18016530265428));
#13319=CARTESIAN_POINT('',(16.0755362149815,-3.,-7.26966691797988));
#13320=CARTESIAN_POINT('Origin',(15.6667531787838,-3.,-7.06594878349733));
#13321=CARTESIAN_POINT('',(15.793016897642,-3.,-7.12887265014763));
#13322=CARTESIAN_POINT('Origin',(15.5106741637793,-3.,-7.50667998284138));
#13323=CARTESIAN_POINT('',(15.5685295845313,-3.,-7.58824437635728));
#13324=CARTESIAN_POINT('',(15.6098962983268,-3.,-7.51912859785882));
#13325=CARTESIAN_POINT('Origin',(15.6044187766241,-3.,-7.56278738195725));
#13326=CARTESIAN_POINT('',(15.6491913904182,-3.,-7.2059256504558));
#13327=CARTESIAN_POINT('Origin',(15.7484135249656,-3.,-7.21837426547324));
#13328=CARTESIAN_POINT('Origin',(15.3697676292906,-3.,-7.85183312658488));
#13329=CARTESIAN_POINT('',(15.3119122085386,-3.,-7.77026873306898));
#13330=CARTESIAN_POINT('',(15.312529496121,-3.,-7.93383188335147));
#13331=CARTESIAN_POINT('Origin',(15.6065937795071,-3.,-8.1390995151616));
#13332=CARTESIAN_POINT('Origin',(15.1959984262304,-3.,-7.85248893182627));
#13333=CARTESIAN_POINT('Origin',(16.05,-2.12,-7.85));
#13334=CARTESIAN_POINT('Origin',(-16.05,-2.95,-7.85));
#13335=CARTESIAN_POINT('',(-16.05,-3.,-6.725));
#13336=CARTESIAN_POINT('Origin',(-16.05,-3.,-7.85));
#13337=CARTESIAN_POINT('',(-16.05,-2.9,-6.625));
#13338=CARTESIAN_POINT('',(-16.05,-2.95,-6.675));
#13339=CARTESIAN_POINT('Origin',(-16.05,-2.9,-7.85));
#13340=CARTESIAN_POINT('Origin',(-16.05,-3.,-7.85));
#13341=CARTESIAN_POINT('',(-15.5705134630097,-3.,-7.58608586620159));
#13342=CARTESIAN_POINT('',(-15.6124006771223,-3.,-7.51728428815595));
#13343=CARTESIAN_POINT('Origin',(-15.5132753298402,-3.,-7.504087109435));
#13344=CARTESIAN_POINT('',(-15.312529496121,-3.,-7.76616811664853));
#13345=CARTESIAN_POINT('',(-15.6878186413343,-3.,-7.5042025586591));
#13346=CARTESIAN_POINT('',(-15.3119122085386,-3.,-7.92973126693102));
#13347=CARTESIAN_POINT('Origin',(-15.3697676292906,-3.,-7.84816687341512));
#13348=CARTESIAN_POINT('',(-15.5685295845313,-3.,-8.11175562364272));
#13349=CARTESIAN_POINT('',(-15.4806586433763,-3.,-8.04942682975058));
#13350=CARTESIAN_POINT('',(-15.6098962983268,-3.,-8.18087140214119));
#13351=CARTESIAN_POINT('Origin',(-15.5106741637793,-3.,-8.19332001715862));
#13352=CARTESIAN_POINT('',(-15.6491913904182,-3.,-8.4940743495442));
#13353=CARTESIAN_POINT('',(-15.5901333809578,-3.,-8.02335035715021));
#13354=CARTESIAN_POINT('',(-15.793016897642,-3.,-8.57112734985237));
#13355=CARTESIAN_POINT('Origin',(-15.7484135249656,-3.,-8.48162573452677));
#13356=CARTESIAN_POINT('',(-16.0755362149815,-3.,-8.43033308202012));
#13357=CARTESIAN_POINT('',(-15.976753381999,-3.,-8.47956177468135));
#13358=CARTESIAN_POINT('',(-16.1559934984385,-3.,-8.42648322664637));
#13359=CARTESIAN_POINT('Origin',(-16.1201395876579,-3.,-8.51983469734572));
#13360=CARTESIAN_POINT('',(-16.3833269002573,-3.,-8.51379616821242));
#13361=CARTESIAN_POINT('',(-15.9927967726684,-3.,-8.36380354092075));
#13362=CARTESIAN_POINT('',(-16.5191642338535,-3.,-8.42226545617059));
#13363=CARTESIAN_POINT('Origin',(-16.419180811038,-3.,-8.42044469751307));
#13364=CARTESIAN_POINT('',(-16.5235982214105,-3.,-8.17878164746502));
#13365=CARTESIAN_POINT('',(-16.5229960234757,-3.,-8.21185017661126));
#13366=CARTESIAN_POINT('',(-16.557376226942,-3.,-8.10565680770448));
#13367=CARTESIAN_POINT('Origin',(-16.623581644226,-3.,-8.18060240612254));
#13368=CARTESIAN_POINT('',(-16.7538897653397,-3.,-7.93206074487736));
#13369=CARTESIAN_POINT('',(-16.4618211337213,-3.,-8.19006823350969));
#13370=CARTESIAN_POINT('',(-16.7468750797598,-3.,-7.77651454298559));
#13371=CARTESIAN_POINT('Origin',(-16.6876843480557,-3.,-7.85711514645931));
#13372=CARTESIAN_POINT('',(-16.5355336518448,-3.,-7.62131156411746));
#13373=CARTESIAN_POINT('',(-16.5880334162788,-3.,-7.65986585946038));
#13374=CARTESIAN_POINT('',(-16.4953107065536,-3.,-7.55152395404381));
#13375=CARTESIAN_POINT('Origin',(-16.594724383549,-3.,-7.54071096064374));
#13376=CARTESIAN_POINT('',(-16.4664383447898,-3.,-7.28607408828675));
#13377=CARTESIAN_POINT('',(-16.5111287993087,-3.,-7.69695405888613));
#13378=CARTESIAN_POINT('',(-16.3390643282962,-3.,-7.20087552292883));
#13379=CARTESIAN_POINT('Origin',(-16.3670246677945,-3.,-7.29688708168683));
#13380=CARTESIAN_POINT('',(-16.0826986434757,-3.,-7.27553394610225));
#13381=CARTESIAN_POINT('',(-16.175942645824,-3.,-7.24837957015457));
#13382=CARTESIAN_POINT('',(-16.0028408891999,-3.,-7.26500138090068));
#13383=CARTESIAN_POINT('Origin',(-16.0547383039774,-3.,-7.17952238734425));
#13384=CARTESIAN_POINT('',(-15.8035011216567,-3.,-7.14397493724003));
#13385=CARTESIAN_POINT('',(-16.1686322464975,-3.,-7.3656593610453));
#13386=CARTESIAN_POINT('',(-15.6524783595972,-3.,-7.21625675207551));
#13387=CARTESIAN_POINT('Origin',(-15.7516037068793,-3.,-7.22945393079646));
#13388=CARTESIAN_POINT('',(-15.6245868027724,-3.,-7.4257530629882));
#13389=CARTESIAN_POINT('Origin',(-16.05,-2.12,-7.85));
#13390=CARTESIAN_POINT('',(-16.05,-2.12,-6.625));
#13391=CARTESIAN_POINT('',(-16.05,-2.12,-6.625));
#13392=CARTESIAN_POINT('Origin',(-16.05,-2.12,-7.85));
#13393=CARTESIAN_POINT('Origin',(-15.7516037068793,-3.,-7.22945393079646));
#13394=CARTESIAN_POINT('',(-15.6524783595972,-2.5,-7.21625675207551));
#13395=CARTESIAN_POINT('',(-15.8035011216567,-2.5,-7.14397493724003));
#13396=CARTESIAN_POINT('Origin',(-15.7516037068793,-2.5,-7.22945393079646));
#13397=CARTESIAN_POINT('',(-15.6524783595972,-3.,-7.21625675207551));
#13398=CARTESIAN_POINT('',(-15.8035011216567,-3.,-7.14397493724003));
#13399=CARTESIAN_POINT('Origin',(-16.0404525465348,-3.,-7.28783678992881));
#13400=CARTESIAN_POINT('',(-16.0028408891999,-2.5,-7.26500138090068));
#13401=CARTESIAN_POINT('',(-16.0028408891999,-3.,-7.26500138090068));
#13402=CARTESIAN_POINT('',(-16.0404525465348,-2.5,-7.28783678992881));
#13403=CARTESIAN_POINT('Origin',(-15.5132753298402,-3.,-7.504087109435));
#13404=CARTESIAN_POINT('',(-15.6124006771223,-2.5,-7.51728428815595));
#13405=CARTESIAN_POINT('',(-15.6124006771223,-3.,-7.51728428815595));
#13406=CARTESIAN_POINT('',(-15.5705134630097,-2.5,-7.58608586620159));
#13407=CARTESIAN_POINT('Origin',(-15.5132753298402,-2.5,-7.504087109435));
#13408=CARTESIAN_POINT('',(-15.5705134630097,-3.,-7.58608586620159));
#13409=CARTESIAN_POINT('Origin',(-15.6726764918902,-3.,-7.06454653276759));
#13410=CARTESIAN_POINT('',(-15.6726764918902,-2.5,-7.06454653276759));
#13411=CARTESIAN_POINT('Origin',(-16.0547383039774,-3.,-7.17952238734425));
#13412=CARTESIAN_POINT('',(-16.0826986434757,-2.5,-7.27553394610225));
#13413=CARTESIAN_POINT('',(-16.0826986434757,-3.,-7.27553394610225));
#13414=CARTESIAN_POINT('Origin',(-16.0547383039774,-2.5,-7.17952238734425));
#13415=CARTESIAN_POINT('Origin',(-16.4535452937837,-3.,-7.16753655101203));
#13416=CARTESIAN_POINT('',(-16.3390643282962,-2.5,-7.20087552292883));
#13417=CARTESIAN_POINT('',(-16.3390643282962,-3.,-7.20087552292883));
#13418=CARTESIAN_POINT('',(-16.4535452937837,-2.5,-7.16753655101203));
#13419=CARTESIAN_POINT('Origin',(-16.3670246677945,-3.,-7.29688708168683));
#13420=CARTESIAN_POINT('',(-16.4664383447898,-2.5,-7.28607408828675));
#13421=CARTESIAN_POINT('Origin',(-16.3670246677945,-2.5,-7.29688708168683));
#13422=CARTESIAN_POINT('',(-16.4664383447898,-3.,-7.28607408828675));
#13423=CARTESIAN_POINT('Origin',(-16.0214267959178,-2.5,-7.84929887463513));
#13424=CARTESIAN_POINT('',(-16.4953107065536,-2.5,-7.55152395404381));
#13425=CARTESIAN_POINT('',(-16.5000685375201,-2.5,-7.59526701883643));
#13426=CARTESIAN_POINT('',(-16.5355336518448,-2.5,-7.62131156411746));
#13427=CARTESIAN_POINT('Origin',(-16.594724383549,-2.5,-7.54071096064374));
#13428=CARTESIAN_POINT('',(-16.7468750797598,-2.5,-7.77651454298559));
#13429=CARTESIAN_POINT('',(-16.8468551656052,-2.5,-7.84993700115566));
#13430=CARTESIAN_POINT('',(-16.7538897653397,-2.5,-7.93206074487736));
#13431=CARTESIAN_POINT('Origin',(-16.6876843480557,-2.5,-7.85711514645931));
#13432=CARTESIAN_POINT('',(-16.557376226942,-2.5,-8.10565680770448));
#13433=CARTESIAN_POINT('',(-16.524399374394,-2.5,-8.13478788851157));
#13434=CARTESIAN_POINT('',(-16.5235982214105,-2.5,-8.17878164746502));
#13435=CARTESIAN_POINT('Origin',(-16.623581644226,-2.5,-8.18060240612254));
#13436=CARTESIAN_POINT('',(-16.5191642338535,-2.5,-8.42226545617059));
#13437=CARTESIAN_POINT('',(-16.5165655030806,-2.5,-8.564969705623));
#13438=CARTESIAN_POINT('',(-16.3833269002573,-2.5,-8.51379616821242));
#13439=CARTESIAN_POINT('Origin',(-16.419180811038,-2.5,-8.42044469751307));
#13440=CARTESIAN_POINT('',(-16.1559934984385,-2.5,-8.42648322664637));
#13441=CARTESIAN_POINT('',(-16.1149178682566,-2.5,-8.41070712832922));
#13442=CARTESIAN_POINT('',(-16.0755362149815,-2.5,-8.43033308202012));
#13443=CARTESIAN_POINT('Origin',(-16.1201395876579,-2.5,-8.51983469734572));
#13444=CARTESIAN_POINT('',(-15.793016897642,-2.5,-8.57112734985237));
#13445=CARTESIAN_POINT('',(-15.6667531787838,-2.5,-8.63405121650268));
#13446=CARTESIAN_POINT('',(-15.6491913904182,-2.5,-8.4940743495442));
#13447=CARTESIAN_POINT('Origin',(-15.7484135249656,-2.5,-8.48162573452677));
#13448=CARTESIAN_POINT('',(-15.6098962983268,-2.5,-8.18087140214119));
#13449=CARTESIAN_POINT('',(-15.6044187766241,-2.5,-8.13721261804276));
#13450=CARTESIAN_POINT('',(-15.5685295845313,-2.5,-8.11175562364272));
#13451=CARTESIAN_POINT('Origin',(-15.5106741637793,-2.5,-8.19332001715862));
#13452=CARTESIAN_POINT('',(-15.3119122085386,-2.5,-7.92973126693102));
#13453=CARTESIAN_POINT('',(-15.1959984262304,-2.5,-7.84751106817374));
#13454=CARTESIAN_POINT('',(-15.312529496121,-2.5,-7.76616811664853));
#13455=CARTESIAN_POINT('Origin',(-15.3697676292906,-2.5,-7.84816687341512));
#13456=CARTESIAN_POINT('',(-15.6065937795071,-2.5,-7.56090048483841));
#13457=CARTESIAN_POINT('Origin',(-16.5000685375201,-3.,-7.59526701883643));
#13458=CARTESIAN_POINT('',(-16.4953107065536,-3.,-7.55152395404381));
#13459=CARTESIAN_POINT('Origin',(-16.6876843480557,-3.,-7.85711514645931));
#13460=CARTESIAN_POINT('',(-16.7468750797598,-3.,-7.77651454298559));
#13461=CARTESIAN_POINT('',(-16.7538897653397,-3.,-7.93206074487736));
#13462=CARTESIAN_POINT('Origin',(-16.524399374394,-3.,-8.13478788851157));
#13463=CARTESIAN_POINT('',(-16.557376226942,-3.,-8.10565680770448));
#13464=CARTESIAN_POINT('Origin',(-16.594724383549,-3.,-7.54071096064374));
#13465=CARTESIAN_POINT('',(-16.5355336518448,-3.,-7.62131156411746));
#13466=CARTESIAN_POINT('Origin',(-16.8468551656052,-3.,-7.84993700115566));
#13467=CARTESIAN_POINT('Origin',(-16.623581644226,-3.,-8.18060240612254));
#13468=CARTESIAN_POINT('',(-16.5235982214105,-3.,-8.17878164746502));
#13469=CARTESIAN_POINT('Origin',(-16.5165655030806,-3.,-8.564969705623));
#13470=CARTESIAN_POINT('',(-16.5191642338535,-3.,-8.42226545617059));
#13471=CARTESIAN_POINT('Origin',(-16.419180811038,-3.,-8.42044469751307));
#13472=CARTESIAN_POINT('',(-16.3833269002573,-3.,-8.51379616821242));
#13473=CARTESIAN_POINT('Origin',(-16.1149178682566,-3.,-8.41070712832922));
#13474=CARTESIAN_POINT('',(-16.1559934984385,-3.,-8.42648322664637));
#13475=CARTESIAN_POINT('Origin',(-16.1201395876579,-3.,-8.51983469734572));
#13476=CARTESIAN_POINT('',(-16.0755362149815,-3.,-8.43033308202012));
#13477=CARTESIAN_POINT('Origin',(-15.6667531787838,-3.,-8.63405121650268));
#13478=CARTESIAN_POINT('',(-15.793016897642,-3.,-8.57112734985237));
#13479=CARTESIAN_POINT('Origin',(-15.5106741637793,-3.,-8.19332001715862));
#13480=CARTESIAN_POINT('',(-15.5685295845313,-3.,-8.11175562364272));
#13481=CARTESIAN_POINT('',(-15.6098962983268,-3.,-8.18087140214119));
#13482=CARTESIAN_POINT('Origin',(-15.6044187766241,-3.,-8.13721261804276));
#13483=CARTESIAN_POINT('',(-15.6491913904182,-3.,-8.4940743495442));
#13484=CARTESIAN_POINT('Origin',(-15.7484135249656,-3.,-8.48162573452677));
#13485=CARTESIAN_POINT('Origin',(-15.3697676292906,-3.,-7.84816687341512));
#13486=CARTESIAN_POINT('',(-15.3119122085386,-3.,-7.92973126693102));
#13487=CARTESIAN_POINT('',(-15.312529496121,-3.,-7.76616811664853));
#13488=CARTESIAN_POINT('Origin',(-15.6065937795071,-3.,-7.56090048483841));
#13489=CARTESIAN_POINT('Origin',(-15.1959984262304,-3.,-7.84751106817374));
#13490=CARTESIAN_POINT('Origin',(-16.05,-2.12,-7.85));
#13491=CARTESIAN_POINT('Origin',(-7.85,-2.95,16.05));
#13492=CARTESIAN_POINT('',(-6.725,-3.,16.05));
#13493=CARTESIAN_POINT('Origin',(-7.85,-3.,16.05));
#13494=CARTESIAN_POINT('',(-6.625,-2.9,16.05));
#13495=CARTESIAN_POINT('',(-6.675,-2.95,16.05));
#13496=CARTESIAN_POINT('Origin',(-7.85,-2.9,16.05));
#13497=CARTESIAN_POINT('Origin',(-7.85,-3.,16.05));
#13498=CARTESIAN_POINT('',(-7.58608586620159,-3.,15.5705134630097));
#13499=CARTESIAN_POINT('',(-7.51728428815595,-3.,15.6124006771223));
#13500=CARTESIAN_POINT('Origin',(-7.504087109435,-3.,15.5132753298402));
#13501=CARTESIAN_POINT('',(-7.76616811664853,-3.,15.312529496121));
#13502=CARTESIAN_POINT('',(-7.5042025586591,-3.,15.6878186413343));
#13503=CARTESIAN_POINT('',(-7.92973126693102,-3.,15.3119122085386));
#13504=CARTESIAN_POINT('Origin',(-7.84816687341512,-3.,15.3697676292906));
#13505=CARTESIAN_POINT('',(-8.11175562364273,-3.,15.5685295845313));
#13506=CARTESIAN_POINT('',(-8.04942682975058,-3.,15.4806586433763));
#13507=CARTESIAN_POINT('',(-8.18087140214119,-3.,15.6098962983268));
#13508=CARTESIAN_POINT('Origin',(-8.19332001715862,-3.,15.5106741637793));
#13509=CARTESIAN_POINT('',(-8.4940743495442,-3.,15.6491913904182));
#13510=CARTESIAN_POINT('',(-8.02335035715021,-3.,15.5901333809578));
#13511=CARTESIAN_POINT('',(-8.57112734985237,-3.,15.793016897642));
#13512=CARTESIAN_POINT('Origin',(-8.48162573452677,-3.,15.7484135249656));
#13513=CARTESIAN_POINT('',(-8.43033308202012,-3.,16.0755362149815));
#13514=CARTESIAN_POINT('',(-8.47956177468135,-3.,15.976753381999));
#13515=CARTESIAN_POINT('',(-8.42648322664637,-3.,16.1559934984385));
#13516=CARTESIAN_POINT('Origin',(-8.51983469734573,-3.,16.1201395876579));
#13517=CARTESIAN_POINT('',(-8.51379616821242,-3.,16.3833269002573));
#13518=CARTESIAN_POINT('',(-8.36380354092076,-3.,15.9927967726684));
#13519=CARTESIAN_POINT('',(-8.42226545617059,-3.,16.5191642338535));
#13520=CARTESIAN_POINT('Origin',(-8.42044469751307,-3.,16.419180811038));
#13521=CARTESIAN_POINT('',(-8.17878164746502,-3.,16.5235982214105));
#13522=CARTESIAN_POINT('',(-8.21185017661127,-3.,16.5229960234757));
#13523=CARTESIAN_POINT('',(-8.10565680770448,-3.,16.557376226942));
#13524=CARTESIAN_POINT('Origin',(-8.18060240612254,-3.,16.623581644226));
#13525=CARTESIAN_POINT('',(-7.93206074487736,-3.,16.7538897653397));
#13526=CARTESIAN_POINT('',(-8.1900682335097,-3.,16.4618211337213));
#13527=CARTESIAN_POINT('',(-7.77651454298559,-3.,16.7468750797598));
#13528=CARTESIAN_POINT('Origin',(-7.85711514645931,-3.,16.6876843480557));
#13529=CARTESIAN_POINT('',(-7.62131156411746,-3.,16.5355336518448));
#13530=CARTESIAN_POINT('',(-7.65986585946038,-3.,16.5880334162788));
#13531=CARTESIAN_POINT('',(-7.55152395404382,-3.,16.4953107065536));
#13532=CARTESIAN_POINT('Origin',(-7.54071096064375,-3.,16.594724383549));
#13533=CARTESIAN_POINT('',(-7.28607408828676,-3.,16.4664383447898));
#13534=CARTESIAN_POINT('',(-7.69695405888613,-3.,16.5111287993087));
#13535=CARTESIAN_POINT('',(-7.20087552292883,-3.,16.3390643282962));
#13536=CARTESIAN_POINT('Origin',(-7.29688708168683,-3.,16.3670246677945));
#13537=CARTESIAN_POINT('',(-7.27553394610225,-3.,16.0826986434757));
#13538=CARTESIAN_POINT('',(-7.24837957015457,-3.,16.175942645824));
#13539=CARTESIAN_POINT('',(-7.26500138090068,-3.,16.0028408891999));
#13540=CARTESIAN_POINT('Origin',(-7.17952238734425,-3.,16.0547383039774));
#13541=CARTESIAN_POINT('',(-7.14397493724003,-3.,15.8035011216567));
#13542=CARTESIAN_POINT('',(-7.3656593610453,-3.,16.1686322464975));
#13543=CARTESIAN_POINT('',(-7.21625675207551,-3.,15.6524783595972));
#13544=CARTESIAN_POINT('Origin',(-7.22945393079646,-3.,15.7516037068793));
#13545=CARTESIAN_POINT('',(-7.4257530629882,-3.,15.6245868027724));
#13546=CARTESIAN_POINT('Origin',(-7.85,-2.12,16.05));
#13547=CARTESIAN_POINT('',(-6.625,-2.12,16.05));
#13548=CARTESIAN_POINT('',(-6.625,-2.12,16.05));
#13549=CARTESIAN_POINT('Origin',(-7.85,-2.12,16.05));
#13550=CARTESIAN_POINT('Origin',(-7.22945393079646,-3.,15.7516037068793));
#13551=CARTESIAN_POINT('',(-7.21625675207551,-2.5,15.6524783595972));
#13552=CARTESIAN_POINT('',(-7.14397493724003,-2.5,15.8035011216567));
#13553=CARTESIAN_POINT('Origin',(-7.22945393079646,-2.5,15.7516037068793));
#13554=CARTESIAN_POINT('',(-7.21625675207551,-3.,15.6524783595972));
#13555=CARTESIAN_POINT('',(-7.14397493724003,-3.,15.8035011216567));
#13556=CARTESIAN_POINT('Origin',(-7.28783678992881,-3.,16.0404525465348));
#13557=CARTESIAN_POINT('',(-7.26500138090068,-2.5,16.0028408891999));
#13558=CARTESIAN_POINT('',(-7.26500138090068,-3.,16.0028408891999));
#13559=CARTESIAN_POINT('',(-7.28783678992881,-2.5,16.0404525465348));
#13560=CARTESIAN_POINT('Origin',(-7.504087109435,-3.,15.5132753298402));
#13561=CARTESIAN_POINT('',(-7.51728428815595,-2.5,15.6124006771223));
#13562=CARTESIAN_POINT('',(-7.51728428815595,-3.,15.6124006771223));
#13563=CARTESIAN_POINT('',(-7.58608586620159,-2.5,15.5705134630097));
#13564=CARTESIAN_POINT('Origin',(-7.504087109435,-2.5,15.5132753298402));
#13565=CARTESIAN_POINT('',(-7.58608586620159,-3.,15.5705134630097));
#13566=CARTESIAN_POINT('Origin',(-7.06454653276759,-3.,15.6726764918902));
#13567=CARTESIAN_POINT('',(-7.06454653276759,-2.5,15.6726764918902));
#13568=CARTESIAN_POINT('Origin',(-7.17952238734425,-3.,16.0547383039774));
#13569=CARTESIAN_POINT('',(-7.27553394610225,-2.5,16.0826986434757));
#13570=CARTESIAN_POINT('',(-7.27553394610225,-3.,16.0826986434757));
#13571=CARTESIAN_POINT('Origin',(-7.17952238734425,-2.5,16.0547383039774));
#13572=CARTESIAN_POINT('Origin',(-7.16753655101203,-3.,16.4535452937837));
#13573=CARTESIAN_POINT('',(-7.20087552292883,-2.5,16.3390643282962));
#13574=CARTESIAN_POINT('',(-7.20087552292883,-3.,16.3390643282962));
#13575=CARTESIAN_POINT('',(-7.16753655101203,-2.5,16.4535452937837));
#13576=CARTESIAN_POINT('Origin',(-7.29688708168683,-3.,16.3670246677945));
#13577=CARTESIAN_POINT('',(-7.28607408828676,-2.5,16.4664383447898));
#13578=CARTESIAN_POINT('Origin',(-7.29688708168683,-2.5,16.3670246677945));
#13579=CARTESIAN_POINT('',(-7.28607408828676,-3.,16.4664383447898));
#13580=CARTESIAN_POINT('Origin',(-7.84929887463513,-2.5,16.0214267959178));
#13581=CARTESIAN_POINT('',(-7.55152395404382,-2.5,16.4953107065536));
#13582=CARTESIAN_POINT('',(-7.59526701883644,-2.5,16.5000685375201));
#13583=CARTESIAN_POINT('',(-7.62131156411746,-2.5,16.5355336518448));
#13584=CARTESIAN_POINT('Origin',(-7.54071096064375,-2.5,16.594724383549));
#13585=CARTESIAN_POINT('',(-7.77651454298559,-2.5,16.7468750797598));
#13586=CARTESIAN_POINT('',(-7.84993700115566,-2.5,16.8468551656052));
#13587=CARTESIAN_POINT('',(-7.93206074487736,-2.5,16.7538897653397));
#13588=CARTESIAN_POINT('Origin',(-7.85711514645931,-2.5,16.6876843480557));
#13589=CARTESIAN_POINT('',(-8.10565680770448,-2.5,16.557376226942));
#13590=CARTESIAN_POINT('',(-8.13478788851157,-2.5,16.524399374394));
#13591=CARTESIAN_POINT('',(-8.17878164746502,-2.5,16.5235982214105));
#13592=CARTESIAN_POINT('Origin',(-8.18060240612254,-2.5,16.623581644226));
#13593=CARTESIAN_POINT('',(-8.42226545617059,-2.5,16.5191642338535));
#13594=CARTESIAN_POINT('',(-8.564969705623,-2.5,16.5165655030806));
#13595=CARTESIAN_POINT('',(-8.51379616821242,-2.5,16.3833269002573));
#13596=CARTESIAN_POINT('Origin',(-8.42044469751307,-2.5,16.419180811038));
#13597=CARTESIAN_POINT('',(-8.42648322664637,-2.5,16.1559934984385));
#13598=CARTESIAN_POINT('',(-8.41070712832922,-2.5,16.1149178682566));
#13599=CARTESIAN_POINT('',(-8.43033308202012,-2.5,16.0755362149815));
#13600=CARTESIAN_POINT('Origin',(-8.51983469734573,-2.5,16.1201395876579));
#13601=CARTESIAN_POINT('',(-8.57112734985237,-2.5,15.793016897642));
#13602=CARTESIAN_POINT('',(-8.63405121650268,-2.5,15.6667531787838));
#13603=CARTESIAN_POINT('',(-8.4940743495442,-2.5,15.6491913904182));
#13604=CARTESIAN_POINT('Origin',(-8.48162573452677,-2.5,15.7484135249656));
#13605=CARTESIAN_POINT('',(-8.18087140214119,-2.5,15.6098962983268));
#13606=CARTESIAN_POINT('',(-8.13721261804276,-2.5,15.6044187766241));
#13607=CARTESIAN_POINT('',(-8.11175562364273,-2.5,15.5685295845313));
#13608=CARTESIAN_POINT('Origin',(-8.19332001715862,-2.5,15.5106741637793));
#13609=CARTESIAN_POINT('',(-7.92973126693102,-2.5,15.3119122085386));
#13610=CARTESIAN_POINT('',(-7.84751106817374,-2.5,15.1959984262304));
#13611=CARTESIAN_POINT('',(-7.76616811664853,-2.5,15.312529496121));
#13612=CARTESIAN_POINT('Origin',(-7.84816687341512,-2.5,15.3697676292906));
#13613=CARTESIAN_POINT('',(-7.56090048483841,-2.5,15.6065937795071));
#13614=CARTESIAN_POINT('Origin',(-7.59526701883644,-3.,16.5000685375201));
#13615=CARTESIAN_POINT('',(-7.55152395404382,-3.,16.4953107065536));
#13616=CARTESIAN_POINT('Origin',(-7.85711514645931,-3.,16.6876843480557));
#13617=CARTESIAN_POINT('',(-7.77651454298559,-3.,16.7468750797598));
#13618=CARTESIAN_POINT('',(-7.93206074487736,-3.,16.7538897653397));
#13619=CARTESIAN_POINT('Origin',(-8.13478788851157,-3.,16.524399374394));
#13620=CARTESIAN_POINT('',(-8.10565680770448,-3.,16.557376226942));
#13621=CARTESIAN_POINT('Origin',(-7.54071096064375,-3.,16.594724383549));
#13622=CARTESIAN_POINT('',(-7.62131156411746,-3.,16.5355336518448));
#13623=CARTESIAN_POINT('Origin',(-7.84993700115566,-3.,16.8468551656052));
#13624=CARTESIAN_POINT('Origin',(-8.18060240612254,-3.,16.623581644226));
#13625=CARTESIAN_POINT('',(-8.17878164746502,-3.,16.5235982214105));
#13626=CARTESIAN_POINT('Origin',(-8.564969705623,-3.,16.5165655030806));
#13627=CARTESIAN_POINT('',(-8.42226545617059,-3.,16.5191642338535));
#13628=CARTESIAN_POINT('Origin',(-8.42044469751307,-3.,16.419180811038));
#13629=CARTESIAN_POINT('',(-8.51379616821242,-3.,16.3833269002573));
#13630=CARTESIAN_POINT('Origin',(-8.41070712832922,-3.,16.1149178682566));
#13631=CARTESIAN_POINT('',(-8.42648322664637,-3.,16.1559934984385));
#13632=CARTESIAN_POINT('Origin',(-8.51983469734573,-3.,16.1201395876579));
#13633=CARTESIAN_POINT('',(-8.43033308202012,-3.,16.0755362149815));
#13634=CARTESIAN_POINT('Origin',(-8.63405121650268,-3.,15.6667531787838));
#13635=CARTESIAN_POINT('',(-8.57112734985237,-3.,15.793016897642));
#13636=CARTESIAN_POINT('Origin',(-8.19332001715862,-3.,15.5106741637793));
#13637=CARTESIAN_POINT('',(-8.11175562364273,-3.,15.5685295845313));
#13638=CARTESIAN_POINT('',(-8.18087140214119,-3.,15.6098962983268));
#13639=CARTESIAN_POINT('Origin',(-8.13721261804276,-3.,15.6044187766241));
#13640=CARTESIAN_POINT('',(-8.4940743495442,-3.,15.6491913904182));
#13641=CARTESIAN_POINT('Origin',(-8.48162573452677,-3.,15.7484135249656));
#13642=CARTESIAN_POINT('Origin',(-7.84816687341512,-3.,15.3697676292906));
#13643=CARTESIAN_POINT('',(-7.92973126693102,-3.,15.3119122085386));
#13644=CARTESIAN_POINT('',(-7.76616811664853,-3.,15.312529496121));
#13645=CARTESIAN_POINT('Origin',(-7.56090048483841,-3.,15.6065937795071));
#13646=CARTESIAN_POINT('Origin',(-7.84751106817374,-3.,15.1959984262304));
#13647=CARTESIAN_POINT('Origin',(-7.85,-2.12,16.05));
#13648=CARTESIAN_POINT('Origin',(16.05,-2.95,7.85));
#13649=CARTESIAN_POINT('',(16.05,-3.,6.725));
#13650=CARTESIAN_POINT('Origin',(16.05,-3.,7.85));
#13651=CARTESIAN_POINT('',(16.05,-2.9,6.625));
#13652=CARTESIAN_POINT('',(16.05,-2.95,6.675));
#13653=CARTESIAN_POINT('Origin',(16.05,-2.9,7.85));
#13654=CARTESIAN_POINT('Origin',(16.05,-3.,7.85));
#13655=CARTESIAN_POINT('',(15.5705134630097,-3.,7.58608586620159));
#13656=CARTESIAN_POINT('',(15.6124006771223,-3.,7.51728428815595));
#13657=CARTESIAN_POINT('Origin',(15.5132753298402,-3.,7.504087109435));
#13658=CARTESIAN_POINT('',(15.312529496121,-3.,7.76616811664853));
#13659=CARTESIAN_POINT('',(15.6878186413343,-3.,7.5042025586591));
#13660=CARTESIAN_POINT('',(15.3119122085386,-3.,7.92973126693102));
#13661=CARTESIAN_POINT('Origin',(15.3697676292906,-3.,7.84816687341512));
#13662=CARTESIAN_POINT('',(15.5685295845313,-3.,8.11175562364273));
#13663=CARTESIAN_POINT('',(15.4806586433763,-3.,8.04942682975058));
#13664=CARTESIAN_POINT('',(15.6098962983268,-3.,8.18087140214119));
#13665=CARTESIAN_POINT('Origin',(15.5106741637793,-3.,8.19332001715862));
#13666=CARTESIAN_POINT('',(15.6491913904182,-3.,8.4940743495442));
#13667=CARTESIAN_POINT('',(15.5901333809578,-3.,8.02335035715021));
#13668=CARTESIAN_POINT('',(15.793016897642,-3.,8.57112734985237));
#13669=CARTESIAN_POINT('Origin',(15.7484135249656,-3.,8.48162573452677));
#13670=CARTESIAN_POINT('',(16.0755362149815,-3.,8.43033308202013));
#13671=CARTESIAN_POINT('',(15.976753381999,-3.,8.47956177468135));
#13672=CARTESIAN_POINT('',(16.1559934984385,-3.,8.42648322664637));
#13673=CARTESIAN_POINT('Origin',(16.1201395876579,-3.,8.51983469734573));
#13674=CARTESIAN_POINT('',(16.3833269002573,-3.,8.51379616821242));
#13675=CARTESIAN_POINT('',(15.9927967726684,-3.,8.36380354092076));
#13676=CARTESIAN_POINT('',(16.5191642338535,-3.,8.42226545617059));
#13677=CARTESIAN_POINT('Origin',(16.419180811038,-3.,8.42044469751307));
#13678=CARTESIAN_POINT('',(16.5235982214105,-3.,8.17878164746502));
#13679=CARTESIAN_POINT('',(16.5229960234757,-3.,8.21185017661127));
#13680=CARTESIAN_POINT('',(16.557376226942,-3.,8.10565680770449));
#13681=CARTESIAN_POINT('Origin',(16.623581644226,-3.,8.18060240612254));
#13682=CARTESIAN_POINT('',(16.7538897653397,-3.,7.93206074487736));
#13683=CARTESIAN_POINT('',(16.4618211337213,-3.,8.1900682335097));
#13684=CARTESIAN_POINT('',(16.7468750797598,-3.,7.7765145429856));
#13685=CARTESIAN_POINT('Origin',(16.6876843480557,-3.,7.85711514645931));
#13686=CARTESIAN_POINT('',(16.5355336518448,-3.,7.62131156411746));
#13687=CARTESIAN_POINT('',(16.5880334162788,-3.,7.65986585946039));
#13688=CARTESIAN_POINT('',(16.4953107065536,-3.,7.55152395404382));
#13689=CARTESIAN_POINT('Origin',(16.594724383549,-3.,7.54071096064375));
#13690=CARTESIAN_POINT('',(16.4664383447898,-3.,7.28607408828676));
#13691=CARTESIAN_POINT('',(16.5111287993087,-3.,7.69695405888613));
#13692=CARTESIAN_POINT('',(16.3390643282962,-3.,7.20087552292883));
#13693=CARTESIAN_POINT('Origin',(16.3670246677945,-3.,7.29688708168683));
#13694=CARTESIAN_POINT('',(16.0826986434757,-3.,7.27553394610225));
#13695=CARTESIAN_POINT('',(16.175942645824,-3.,7.24837957015457));
#13696=CARTESIAN_POINT('',(16.0028408891999,-3.,7.26500138090069));
#13697=CARTESIAN_POINT('Origin',(16.0547383039774,-3.,7.17952238734426));
#13698=CARTESIAN_POINT('',(15.8035011216567,-3.,7.14397493724003));
#13699=CARTESIAN_POINT('',(16.1686322464975,-3.,7.36565936104531));
#13700=CARTESIAN_POINT('',(15.6524783595972,-3.,7.21625675207551));
#13701=CARTESIAN_POINT('Origin',(15.7516037068793,-3.,7.22945393079646));
#13702=CARTESIAN_POINT('',(15.6245868027724,-3.,7.4257530629882));
#13703=CARTESIAN_POINT('Origin',(16.05,-2.12,7.85));
#13704=CARTESIAN_POINT('',(16.05,-2.12,6.625));
#13705=CARTESIAN_POINT('',(16.05,-2.12,6.625));
#13706=CARTESIAN_POINT('Origin',(16.05,-2.12,7.85));
#13707=CARTESIAN_POINT('Origin',(15.7516037068793,-3.,7.22945393079646));
#13708=CARTESIAN_POINT('',(15.6524783595972,-2.5,7.21625675207551));
#13709=CARTESIAN_POINT('',(15.8035011216567,-2.5,7.14397493724003));
#13710=CARTESIAN_POINT('Origin',(15.7516037068793,-2.5,7.22945393079646));
#13711=CARTESIAN_POINT('',(15.6524783595972,-3.,7.21625675207551));
#13712=CARTESIAN_POINT('',(15.8035011216567,-3.,7.14397493724003));
#13713=CARTESIAN_POINT('Origin',(16.0404525465348,-3.,7.28783678992881));
#13714=CARTESIAN_POINT('',(16.0028408891999,-2.5,7.26500138090068));
#13715=CARTESIAN_POINT('',(16.0028408891999,-3.,7.26500138090068));
#13716=CARTESIAN_POINT('',(16.0404525465348,-2.5,7.28783678992881));
#13717=CARTESIAN_POINT('Origin',(15.5132753298402,-3.,7.504087109435));
#13718=CARTESIAN_POINT('',(15.6124006771223,-2.5,7.51728428815595));
#13719=CARTESIAN_POINT('',(15.6124006771223,-3.,7.51728428815595));
#13720=CARTESIAN_POINT('',(15.5705134630097,-2.5,7.58608586620159));
#13721=CARTESIAN_POINT('Origin',(15.5132753298402,-2.5,7.504087109435));
#13722=CARTESIAN_POINT('',(15.5705134630097,-3.,7.58608586620159));
#13723=CARTESIAN_POINT('Origin',(15.6726764918902,-3.,7.06454653276759));
#13724=CARTESIAN_POINT('',(15.6726764918902,-2.5,7.06454653276759));
#13725=CARTESIAN_POINT('Origin',(16.0547383039774,-3.,7.17952238734426));
#13726=CARTESIAN_POINT('',(16.0826986434757,-2.5,7.27553394610225));
#13727=CARTESIAN_POINT('',(16.0826986434757,-3.,7.27553394610225));
#13728=CARTESIAN_POINT('Origin',(16.0547383039774,-2.5,7.17952238734426));
#13729=CARTESIAN_POINT('Origin',(16.4535452937837,-3.,7.16753655101203));
#13730=CARTESIAN_POINT('',(16.3390643282962,-2.5,7.20087552292883));
#13731=CARTESIAN_POINT('',(16.3390643282962,-3.,7.20087552292883));
#13732=CARTESIAN_POINT('',(16.4535452937837,-2.5,7.16753655101203));
#13733=CARTESIAN_POINT('Origin',(16.3670246677945,-3.,7.29688708168683));
#13734=CARTESIAN_POINT('',(16.4664383447898,-2.5,7.28607408828676));
#13735=CARTESIAN_POINT('Origin',(16.3670246677945,-2.5,7.29688708168683));
#13736=CARTESIAN_POINT('',(16.4664383447898,-3.,7.28607408828676));
#13737=CARTESIAN_POINT('Origin',(16.0214267959178,-2.5,7.84929887463513));
#13738=CARTESIAN_POINT('',(16.4953107065536,-2.5,7.55152395404382));
#13739=CARTESIAN_POINT('',(16.5000685375201,-2.5,7.59526701883644));
#13740=CARTESIAN_POINT('',(16.5355336518448,-2.5,7.62131156411746));
#13741=CARTESIAN_POINT('Origin',(16.594724383549,-2.5,7.54071096064375));
#13742=CARTESIAN_POINT('',(16.7468750797598,-2.5,7.7765145429856));
#13743=CARTESIAN_POINT('',(16.8468551656052,-2.5,7.84993700115566));
#13744=CARTESIAN_POINT('',(16.7538897653397,-2.5,7.93206074487736));
#13745=CARTESIAN_POINT('Origin',(16.6876843480557,-2.5,7.85711514645931));
#13746=CARTESIAN_POINT('',(16.557376226942,-2.5,8.10565680770449));
#13747=CARTESIAN_POINT('',(16.524399374394,-2.5,8.13478788851157));
#13748=CARTESIAN_POINT('',(16.5235982214105,-2.5,8.17878164746502));
#13749=CARTESIAN_POINT('Origin',(16.623581644226,-2.5,8.18060240612254));
#13750=CARTESIAN_POINT('',(16.5191642338535,-2.5,8.42226545617059));
#13751=CARTESIAN_POINT('',(16.5165655030806,-2.5,8.564969705623));
#13752=CARTESIAN_POINT('',(16.3833269002573,-2.5,8.51379616821242));
#13753=CARTESIAN_POINT('Origin',(16.419180811038,-2.5,8.42044469751307));
#13754=CARTESIAN_POINT('',(16.1559934984385,-2.5,8.42648322664637));
#13755=CARTESIAN_POINT('',(16.1149178682566,-2.5,8.41070712832922));
#13756=CARTESIAN_POINT('',(16.0755362149815,-2.5,8.43033308202013));
#13757=CARTESIAN_POINT('Origin',(16.1201395876579,-2.5,8.51983469734573));
#13758=CARTESIAN_POINT('',(15.793016897642,-2.5,8.57112734985237));
#13759=CARTESIAN_POINT('',(15.6667531787838,-2.5,8.63405121650268));
#13760=CARTESIAN_POINT('',(15.6491913904182,-2.5,8.4940743495442));
#13761=CARTESIAN_POINT('Origin',(15.7484135249656,-2.5,8.48162573452677));
#13762=CARTESIAN_POINT('',(15.6098962983268,-2.5,8.18087140214119));
#13763=CARTESIAN_POINT('',(15.6044187766241,-2.5,8.13721261804276));
#13764=CARTESIAN_POINT('',(15.5685295845313,-2.5,8.11175562364273));
#13765=CARTESIAN_POINT('Origin',(15.5106741637793,-2.5,8.19332001715862));
#13766=CARTESIAN_POINT('',(15.3119122085386,-2.5,7.92973126693102));
#13767=CARTESIAN_POINT('',(15.1959984262304,-2.5,7.84751106817374));
#13768=CARTESIAN_POINT('',(15.312529496121,-2.5,7.76616811664853));
#13769=CARTESIAN_POINT('Origin',(15.3697676292906,-2.5,7.84816687341512));
#13770=CARTESIAN_POINT('',(15.6065937795071,-2.5,7.56090048483841));
#13771=CARTESIAN_POINT('Origin',(16.5000685375201,-3.,7.59526701883644));
#13772=CARTESIAN_POINT('',(16.4953107065536,-3.,7.55152395404382));
#13773=CARTESIAN_POINT('Origin',(16.6876843480557,-3.,7.85711514645931));
#13774=CARTESIAN_POINT('',(16.7468750797598,-3.,7.7765145429856));
#13775=CARTESIAN_POINT('',(16.7538897653397,-3.,7.93206074487736));
#13776=CARTESIAN_POINT('Origin',(16.524399374394,-3.,8.13478788851157));
#13777=CARTESIAN_POINT('',(16.557376226942,-3.,8.10565680770449));
#13778=CARTESIAN_POINT('Origin',(16.594724383549,-3.,7.54071096064375));
#13779=CARTESIAN_POINT('',(16.5355336518448,-3.,7.62131156411746));
#13780=CARTESIAN_POINT('Origin',(16.8468551656052,-3.,7.84993700115566));
#13781=CARTESIAN_POINT('Origin',(16.623581644226,-3.,8.18060240612254));
#13782=CARTESIAN_POINT('',(16.5235982214105,-3.,8.17878164746502));
#13783=CARTESIAN_POINT('Origin',(16.5165655030806,-3.,8.564969705623));
#13784=CARTESIAN_POINT('',(16.5191642338535,-3.,8.42226545617059));
#13785=CARTESIAN_POINT('Origin',(16.419180811038,-3.,8.42044469751307));
#13786=CARTESIAN_POINT('',(16.3833269002573,-3.,8.51379616821242));
#13787=CARTESIAN_POINT('Origin',(16.1149178682566,-3.,8.41070712832922));
#13788=CARTESIAN_POINT('',(16.1559934984385,-3.,8.42648322664637));
#13789=CARTESIAN_POINT('Origin',(16.1201395876579,-3.,8.51983469734573));
#13790=CARTESIAN_POINT('',(16.0755362149815,-3.,8.43033308202013));
#13791=CARTESIAN_POINT('Origin',(15.6667531787838,-3.,8.63405121650268));
#13792=CARTESIAN_POINT('',(15.793016897642,-3.,8.57112734985237));
#13793=CARTESIAN_POINT('Origin',(15.5106741637793,-3.,8.19332001715862));
#13794=CARTESIAN_POINT('',(15.5685295845313,-3.,8.11175562364273));
#13795=CARTESIAN_POINT('',(15.6098962983268,-3.,8.18087140214119));
#13796=CARTESIAN_POINT('Origin',(15.6044187766241,-3.,8.13721261804276));
#13797=CARTESIAN_POINT('',(15.6491913904182,-3.,8.4940743495442));
#13798=CARTESIAN_POINT('Origin',(15.7484135249656,-3.,8.48162573452677));
#13799=CARTESIAN_POINT('Origin',(15.3697676292906,-3.,7.84816687341512));
#13800=CARTESIAN_POINT('',(15.3119122085386,-3.,7.92973126693102));
#13801=CARTESIAN_POINT('',(15.312529496121,-3.,7.76616811664853));
#13802=CARTESIAN_POINT('Origin',(15.6065937795071,-3.,7.56090048483841));
#13803=CARTESIAN_POINT('Origin',(15.1959984262304,-3.,7.84751106817374));
#13804=CARTESIAN_POINT('Origin',(16.05,-2.12,7.85));
#13805=CARTESIAN_POINT('Origin',(-5.55111512312578E-15,2.34,1.11022302462516E-15));
#13806=CARTESIAN_POINT('',(13.,2.34,19.));
#13807=CARTESIAN_POINT('',(-13.,2.34,19.));
#13808=CARTESIAN_POINT('',(-6.5,2.34,19.));
#13809=CARTESIAN_POINT('',(19.,2.34,13.));
#13810=CARTESIAN_POINT('Origin',(13.,2.34,13.));
#13811=CARTESIAN_POINT('',(19.,2.34,-13.));
#13812=CARTESIAN_POINT('',(19.,2.34,6.5));
#13813=CARTESIAN_POINT('',(13.,2.34,-19.));
#13814=CARTESIAN_POINT('Origin',(13.,2.34,-13.));
#13815=CARTESIAN_POINT('',(-13.,2.34,-19.));
#13816=CARTESIAN_POINT('',(6.5,2.34,-19.));
#13817=CARTESIAN_POINT('',(-19.,2.34,-13.));
#13818=CARTESIAN_POINT('Origin',(-13.,2.34,-13.));
#13819=CARTESIAN_POINT('',(-19.,2.34,13.));
#13820=CARTESIAN_POINT('',(-19.,2.34,-6.5));
#13821=CARTESIAN_POINT('Origin',(-13.,2.34,13.));
#13822=CARTESIAN_POINT('Origin',(13.,0.,-19.));
#13823=CARTESIAN_POINT('',(13.,0.,-19.));
#13824=CARTESIAN_POINT('',(13.,0.,-19.));
#13825=CARTESIAN_POINT('',(-13.,0.,-19.));
#13826=CARTESIAN_POINT('',(-13.,0.,-19.));
#13827=CARTESIAN_POINT('',(-13.,0.,-19.));
#13828=CARTESIAN_POINT('Origin',(13.,0.,-13.));
#13829=CARTESIAN_POINT('',(19.,0.,-13.));
#13830=CARTESIAN_POINT('',(19.,0.,-13.));
#13831=CARTESIAN_POINT('Origin',(13.,0.,-13.));
#13832=CARTESIAN_POINT('Origin',(19.,0.,13.));
#13833=CARTESIAN_POINT('',(19.,0.,13.));
#13834=CARTESIAN_POINT('',(19.,0.,13.));
#13835=CARTESIAN_POINT('',(19.,0.,-13.));
#13836=CARTESIAN_POINT('Origin',(13.,0.,13.));
#13837=CARTESIAN_POINT('',(13.,0.,19.));
#13838=CARTESIAN_POINT('',(13.,0.,19.));
#13839=CARTESIAN_POINT('Origin',(13.,0.,13.));
#13840=CARTESIAN_POINT('Origin',(-19.,0.,-13.));
#13841=CARTESIAN_POINT('',(-19.,0.,-13.));
#13842=CARTESIAN_POINT('',(-19.,0.,-13.));
#13843=CARTESIAN_POINT('',(-19.,0.,13.));
#13844=CARTESIAN_POINT('',(-19.,0.,13.));
#13845=CARTESIAN_POINT('',(-19.,0.,13.));
#13846=CARTESIAN_POINT('Origin',(-13.,0.,-13.));
#13847=CARTESIAN_POINT('Origin',(-13.,0.,-13.));
#13848=CARTESIAN_POINT('Origin',(-13.,0.,19.));
#13849=CARTESIAN_POINT('',(-13.,0.,19.));
#13850=CARTESIAN_POINT('',(-13.,0.,19.));
#13851=CARTESIAN_POINT('',(13.,0.,19.));
#13852=CARTESIAN_POINT('Origin',(-16.05,-3.,7.85));
#13853=CARTESIAN_POINT('',(-16.05,-2.12,6.95));
#13854=CARTESIAN_POINT('Origin',(-16.05,-2.12,7.85));
#13855=CARTESIAN_POINT('',(-16.05,0.,6.95));
#13856=CARTESIAN_POINT('',(-16.05,-3.,6.95));
#13857=CARTESIAN_POINT('Origin',(-16.05,0.,7.85));
#13858=CARTESIAN_POINT('Origin',(-16.05,0.,7.85));
#13859=CARTESIAN_POINT('Origin',(-15.575,-2.12,7.85));
#13860=CARTESIAN_POINT('',(-17.13,-2.12,8.66000000000001));
#13861=CARTESIAN_POINT('',(-17.13,-2.12,7.03999999999999));
#13862=CARTESIAN_POINT('',(-17.13,-2.12,7.175));
#13863=CARTESIAN_POINT('',(-16.05,-2.12,6.5));
#13864=CARTESIAN_POINT('Origin',(-16.05,-2.12,7.85));
#13865=CARTESIAN_POINT('',(-13.75,-2.12,6.5));
#13866=CARTESIAN_POINT('',(-18.980982276908,-2.12,6.5));
#13867=CARTESIAN_POINT('',(-13.75,-2.12,9.2));
#13868=CARTESIAN_POINT('',(-13.75,-2.12,-2.575));
#13869=CARTESIAN_POINT('',(-16.05,-2.12,9.2));
#13870=CARTESIAN_POINT('',(-13.75,-2.12,9.2));
#13871=CARTESIAN_POINT('Origin',(-16.05,-2.12,7.85));
#13872=CARTESIAN_POINT('Origin',(-16.05,-3.,7.85));
#13873=CARTESIAN_POINT('',(-16.25,-3.,9.18510299228187));
#13874=CARTESIAN_POINT('Origin',(-16.05,-3.2,7.85));
#13875=CARTESIAN_POINT('',(-16.05,-3.,9.2));
#13876=CARTESIAN_POINT('',(-16.05,-3.,9.2));
#13877=CARTESIAN_POINT('Origin',(-16.05,-3.,7.85));
#13878=CARTESIAN_POINT('Origin',(-13.75,-3.,9.2));
#13879=CARTESIAN_POINT('',(-13.75,-3.,9.2));
#13880=CARTESIAN_POINT('',(-6.87500000000001,-3.,9.2));
#13881=CARTESIAN_POINT('',(-13.75,-3.,9.2));
#13882=CARTESIAN_POINT('Origin',(-16.05,-3.,6.5));
#13883=CARTESIAN_POINT('',(-16.05,-3.,6.5));
#13884=CARTESIAN_POINT('',(-13.75,-3.,6.5));
#13885=CARTESIAN_POINT('',(-8.02500000000001,-3.,6.5));
#13886=CARTESIAN_POINT('',(-13.75,-3.,6.5));
#13887=CARTESIAN_POINT('',(-16.05,-3.,6.5));
#13888=CARTESIAN_POINT('Origin',(-16.05,-3.,7.85));
#13889=CARTESIAN_POINT('',(-16.25,-3.,6.51489700771813));
#13890=CARTESIAN_POINT('Origin',(-16.05,-3.2,7.85));
#13891=CARTESIAN_POINT('Origin',(-16.05,-3.,7.85));
#13892=CARTESIAN_POINT('Origin',(-17.05,-2.2,6.5));
#13893=CARTESIAN_POINT('',(-16.25,-3.,13.));
#13894=CARTESIAN_POINT('',(-16.25,-3.,6.5));
#13895=CARTESIAN_POINT('',(-17.85,-1.4,13.));
#13896=CARTESIAN_POINT('',(-17.85,-1.4,13.));
#13897=CARTESIAN_POINT('',(-17.85,-1.4,-13.));
#13898=CARTESIAN_POINT('',(-17.85,-1.4,6.5));
#13899=CARTESIAN_POINT('',(-16.25,-3.,-13.));
#13900=CARTESIAN_POINT('',(-17.85,-1.4,-13.));
#13901=CARTESIAN_POINT('',(-16.25,-3.,-9.18510299228188));
#13902=CARTESIAN_POINT('',(-16.25,-3.,6.5));
#13903=CARTESIAN_POINT('',(-17.13,-2.12,-8.66));
#13904=CARTESIAN_POINT('Origin',(-16.05,-3.20000000000001,-7.85000000000001));
#13905=CARTESIAN_POINT('',(-17.13,-2.12,-7.04000000000002));
#13906=CARTESIAN_POINT('',(-17.13,-2.12,-0.675000000000003));
#13907=CARTESIAN_POINT('',(-16.25,-3.,-6.51489700771814));
#13908=CARTESIAN_POINT('Origin',(-16.05,-3.20000000000001,-7.85000000000001));
#13909=CARTESIAN_POINT('',(-16.25,-3.,6.5));
#13910=CARTESIAN_POINT('Origin',(-4.44089209850063E-15,-3.,2.22044604925031E-15));
#13911=CARTESIAN_POINT('',(-13.75,-3.,9.34314575050762));
#13912=CARTESIAN_POINT('',(-13.75,-3.,-6.5));
#13913=CARTESIAN_POINT('',(-13.3838834764832,-3.,10.2270292269908));
#13914=CARTESIAN_POINT('Origin',(-12.5,-3.,9.34314575050762));
#13915=CARTESIAN_POINT('',(-10.2270292269908,-3.,13.3838834764832));
#13916=CARTESIAN_POINT('',(-13.75,-3.,9.86091270347399));
#13917=CARTESIAN_POINT('',(-9.34314575050763,-3.,13.75));
#13918=CARTESIAN_POINT('Origin',(-9.34314575050763,-3.,12.5));
#13919=CARTESIAN_POINT('',(-9.20000000000001,-3.,13.75));
#13920=CARTESIAN_POINT('',(-6.5,-3.,13.75));
#13921=CARTESIAN_POINT('',(-9.20000000000001,-3.,16.05));
#13922=CARTESIAN_POINT('',(-9.20000000000001,-3.,8.025));
#13923=CARTESIAN_POINT('',(-9.18510299228188,-3.,16.25));
#13924=CARTESIAN_POINT('Origin',(-7.85000000000001,-3.,16.05));
#13925=CARTESIAN_POINT('',(-13.,-3.,16.25));
#13926=CARTESIAN_POINT('',(6.50000000000001,-3.,16.25));
#13927=CARTESIAN_POINT('Origin',(-13.,-3.,13.));
#13928=CARTESIAN_POINT('',(-12.6857864376269,-3.,13.75));
#13929=CARTESIAN_POINT('Origin',(-12.3357864376269,-3.,13.75));
#13930=CARTESIAN_POINT('',(-13.3928932188135,-3.,13.0428932188135));
#13931=CARTESIAN_POINT('Origin',(-13.0428932188135,-3.,13.0428932188135));
#13932=CARTESIAN_POINT('',(-14.1,-3.,12.3357864376269));
#13933=CARTESIAN_POINT('Origin',(-13.75,-3.,12.3357864376269));
#13934=CARTESIAN_POINT('',(-12.6857864376269,-3.,12.3357864376269));
#13935=CARTESIAN_POINT('Origin',(-12.3357864376269,-3.,12.3357864376269));
#13936=CARTESIAN_POINT('',(-13.3928932188135,-3.,11.6286796564403));
#13937=CARTESIAN_POINT('Origin',(-13.0428932188135,-3.,11.6286796564403));
#13938=CARTESIAN_POINT('',(-14.1,-3.,10.9215728752538));
#13939=CARTESIAN_POINT('Origin',(-13.75,-3.,10.9215728752538));
#13940=CARTESIAN_POINT('',(-11.9786796564404,-3.,13.0428932188134));
#13941=CARTESIAN_POINT('Origin',(-11.6286796564404,-3.,13.0428932188134));
#13942=CARTESIAN_POINT('',(-11.2715728752539,-3.,13.75));
#13943=CARTESIAN_POINT('Origin',(-10.9215728752539,-3.,13.75));
#13944=CARTESIAN_POINT('Origin',(-16.05,-3.,-7.85000000000001));
#13945=CARTESIAN_POINT('',(-16.05,-2.12,-8.75000000000001));
#13946=CARTESIAN_POINT('Origin',(-16.05,-2.12,-7.85000000000001));
#13947=CARTESIAN_POINT('',(-16.05,0.,-8.75000000000001));
#13948=CARTESIAN_POINT('',(-16.05,-3.,-8.75000000000001));
#13949=CARTESIAN_POINT('Origin',(-16.05,0.,-7.85000000000001));
#13950=CARTESIAN_POINT('Origin',(-16.05,0.,-7.85000000000001));
#13951=CARTESIAN_POINT('Origin',(-15.575,-2.12,-7.85000000000001));
#13952=CARTESIAN_POINT('',(-16.05,-2.12,-9.20000000000001));
#13953=CARTESIAN_POINT('Origin',(-16.05,-2.12,-7.85000000000001));
#13954=CARTESIAN_POINT('',(-13.75,-2.12,-9.20000000000001));
#13955=CARTESIAN_POINT('',(-18.880982276908,-2.12,-9.20000000000001));
#13956=CARTESIAN_POINT('',(-13.75,-2.12,-6.50000000000001));
#13957=CARTESIAN_POINT('',(-13.75,-2.12,-10.425));
#13958=CARTESIAN_POINT('',(-16.05,-2.12,-6.50000000000001));
#13959=CARTESIAN_POINT('',(-13.75,-2.12,-6.50000000000001));
#13960=CARTESIAN_POINT('Origin',(-16.05,-2.12,-7.85000000000001));
#13961=CARTESIAN_POINT('Origin',(-16.05,-3.,-7.85000000000001));
#13962=CARTESIAN_POINT('',(-16.05,-3.,-6.50000000000001));
#13963=CARTESIAN_POINT('',(-16.05,-3.,-6.50000000000001));
#13964=CARTESIAN_POINT('Origin',(-16.05,-3.,-7.85000000000001));
#13965=CARTESIAN_POINT('Origin',(-13.75,-3.,-6.50000000000001));
#13966=CARTESIAN_POINT('',(-13.75,-3.,-6.50000000000001));
#13967=CARTESIAN_POINT('',(-6.875,-3.,-6.50000000000001));
#13968=CARTESIAN_POINT('',(-13.75,-3.,-6.50000000000001));
#13969=CARTESIAN_POINT('Origin',(-16.05,-3.,-9.20000000000001));
#13970=CARTESIAN_POINT('',(-16.05,-3.,-9.20000000000001));
#13971=CARTESIAN_POINT('',(-13.75,-3.,-9.20000000000001));
#13972=CARTESIAN_POINT('',(-8.025,-3.,-9.20000000000001));
#13973=CARTESIAN_POINT('',(-13.75,-3.,-9.20000000000001));
#13974=CARTESIAN_POINT('',(-16.05,-3.,-9.20000000000001));
#13975=CARTESIAN_POINT('Origin',(-16.05,-3.,-7.85000000000001));
#13976=CARTESIAN_POINT('Origin',(-16.05,-3.,-7.85000000000001));
#13977=CARTESIAN_POINT('Origin',(-4.44089209850063E-15,-3.,2.22044604925031E-15));
#13978=CARTESIAN_POINT('',(-13.75,-3.,-6.5));
#13979=CARTESIAN_POINT('Origin',(16.05,-3.,7.85));
#13980=CARTESIAN_POINT('',(16.05,-2.12,6.95));
#13981=CARTESIAN_POINT('Origin',(16.05,-2.12,7.85));
#13982=CARTESIAN_POINT('',(16.05,0.,6.95));
#13983=CARTESIAN_POINT('',(16.05,-3.,6.95));
#13984=CARTESIAN_POINT('Origin',(16.05,0.,7.85));
#13985=CARTESIAN_POINT('Origin',(16.05,0.,7.85));
#13986=CARTESIAN_POINT('Origin',(15.575,-2.12,7.85));
#13987=CARTESIAN_POINT('',(17.13,-2.12,7.04));
#13988=CARTESIAN_POINT('',(17.13,-2.12,8.66));
#13989=CARTESIAN_POINT('',(17.13,-2.12,0.675000000000002));
#13990=CARTESIAN_POINT('',(16.05,-2.12,9.2));
#13991=CARTESIAN_POINT('Origin',(16.05,-2.12,7.85));
#13992=CARTESIAN_POINT('',(13.75,-2.12,9.2));
#13993=CARTESIAN_POINT('',(13.75,-2.12,9.2));
#13994=CARTESIAN_POINT('',(13.75,-2.12,6.5));
#13995=CARTESIAN_POINT('',(13.75,-2.12,10.425));
#13996=CARTESIAN_POINT('',(16.05,-2.12,6.5));
#13997=CARTESIAN_POINT('',(18.980982276908,-2.12,6.5));
#13998=CARTESIAN_POINT('Origin',(16.05,-2.12,7.85));
#13999=CARTESIAN_POINT('Origin',(16.05,-3.,7.85));
#14000=CARTESIAN_POINT('',(16.25,-3.,6.51489700771813));
#14001=CARTESIAN_POINT('Origin',(16.05,-3.19999999999999,7.85));
#14002=CARTESIAN_POINT('',(16.05,-3.,6.5));
#14003=CARTESIAN_POINT('',(16.05,-3.,6.5));
#14004=CARTESIAN_POINT('Origin',(16.05,-3.,7.85));
#14005=CARTESIAN_POINT('Origin',(16.05,-3.,7.85));
#14006=CARTESIAN_POINT('',(16.25,-3.,9.18510299228187));
#14007=CARTESIAN_POINT('Origin',(16.05,-3.19999999999999,7.85));
#14008=CARTESIAN_POINT('',(16.05,-3.,9.2));
#14009=CARTESIAN_POINT('Origin',(16.05,-3.,7.85));
#14010=CARTESIAN_POINT('',(16.05,-3.,9.2));
#14011=CARTESIAN_POINT('Origin',(13.75,-3.,9.2));
#14012=CARTESIAN_POINT('',(13.75,-3.,9.2));
#14013=CARTESIAN_POINT('',(6.875,-3.,9.2));
#14014=CARTESIAN_POINT('',(13.75,-3.,9.2));
#14015=CARTESIAN_POINT('Origin',(16.05,-3.,6.5));
#14016=CARTESIAN_POINT('',(13.75,-3.,6.5));
#14017=CARTESIAN_POINT('',(8.025,-3.,6.5));
#14018=CARTESIAN_POINT('',(13.75,-3.,6.5));
#14019=CARTESIAN_POINT('Origin',(17.05,-2.2,-6.5));
#14020=CARTESIAN_POINT('',(16.25,-3.,-6.51489700771814));
#14021=CARTESIAN_POINT('',(16.25,-3.,-6.5));
#14022=CARTESIAN_POINT('',(17.13,-2.12,-7.04000000000001));
#14023=CARTESIAN_POINT('Origin',(16.05,-3.19999999999999,-7.85));
#14024=CARTESIAN_POINT('',(17.13,-2.12,-8.66));
#14025=CARTESIAN_POINT('',(17.13,-2.12,-7.175));
#14026=CARTESIAN_POINT('',(16.25,-3.,-9.18510299228187));
#14027=CARTESIAN_POINT('Origin',(16.05,-3.19999999999999,-7.85));
#14028=CARTESIAN_POINT('',(16.25,-3.,-13.));
#14029=CARTESIAN_POINT('',(16.25,-3.,-6.5));
#14030=CARTESIAN_POINT('',(17.85,-1.4,-13.));
#14031=CARTESIAN_POINT('',(17.85,-1.4,-13.));
#14032=CARTESIAN_POINT('',(17.85,-1.4,13.));
#14033=CARTESIAN_POINT('',(17.85,-1.4,-6.5));
#14034=CARTESIAN_POINT('',(17.55,-1.7,13.));
#14035=CARTESIAN_POINT('',(17.85,-1.4,13.));
#14036=CARTESIAN_POINT('',(16.25,-3.,13.));
#14037=CARTESIAN_POINT('',(17.85,-1.4,13.));
#14038=CARTESIAN_POINT('',(16.25,-3.,-6.5));
#14039=CARTESIAN_POINT('Origin',(-4.44089209850063E-15,-3.,2.22044604925031E-15));
#14040=CARTESIAN_POINT('',(13.75,-3.,-6.50000000000001));
#14041=CARTESIAN_POINT('',(13.75,-3.,6.5));
#14042=CARTESIAN_POINT('',(16.05,-3.,-6.5));
#14043=CARTESIAN_POINT('',(6.875,-3.,-6.50000000000001));
#14044=CARTESIAN_POINT('Origin',(16.05,-3.,-7.85));
#14045=CARTESIAN_POINT('Origin',(16.05,-3.,-7.85));
#14046=CARTESIAN_POINT('',(16.05,-2.12,-8.75));
#14047=CARTESIAN_POINT('Origin',(16.05,-2.12,-7.85));
#14048=CARTESIAN_POINT('',(16.05,0.,-8.75));
#14049=CARTESIAN_POINT('',(16.05,-3.,-8.75));
#14050=CARTESIAN_POINT('Origin',(16.05,0.,-7.85));
#14051=CARTESIAN_POINT('Origin',(16.05,0.,-7.85));
#14052=CARTESIAN_POINT('Origin',(15.575,-2.12,-7.85));
#14053=CARTESIAN_POINT('',(16.05,-2.12,-6.5));
#14054=CARTESIAN_POINT('Origin',(16.05,-2.12,-7.85));
#14055=CARTESIAN_POINT('',(13.75,-2.12,-6.50000000000001));
#14056=CARTESIAN_POINT('',(13.75,-2.12,-6.50000000000001));
#14057=CARTESIAN_POINT('',(13.75,-2.12,-9.20000000000001));
#14058=CARTESIAN_POINT('',(13.75,-2.12,2.575));
#14059=CARTESIAN_POINT('',(16.05,-2.12,-9.2));
#14060=CARTESIAN_POINT('',(18.880982276908,-2.12,-9.2));
#14061=CARTESIAN_POINT('Origin',(16.05,-2.12,-7.85));
#14062=CARTESIAN_POINT('Origin',(16.05,-3.,-7.85));
#14063=CARTESIAN_POINT('',(16.05,-3.,-9.2));
#14064=CARTESIAN_POINT('',(16.05,-3.,-9.2));
#14065=CARTESIAN_POINT('Origin',(16.05,-3.,-7.85));
#14066=CARTESIAN_POINT('Origin',(16.05,-3.,-7.85));
#14067=CARTESIAN_POINT('',(16.05,-3.,-6.5));
#14068=CARTESIAN_POINT('Origin',(13.75,-3.,-6.50000000000001));
#14069=CARTESIAN_POINT('',(13.75,-3.,-6.50000000000001));
#14070=CARTESIAN_POINT('Origin',(16.05,-3.,-9.2));
#14071=CARTESIAN_POINT('',(13.75,-3.,-9.20000000000001));
#14072=CARTESIAN_POINT('',(8.025,-3.,-9.20000000000001));
#14073=CARTESIAN_POINT('',(13.75,-3.,-9.2));
#14074=CARTESIAN_POINT('Origin',(-4.44089209850063E-15,-3.,2.22044604925031E-15));
#14075=CARTESIAN_POINT('',(13.75,-3.,-13.));
#14076=CARTESIAN_POINT('',(13.75,-3.,6.5));
#14077=CARTESIAN_POINT('',(13.,-3.,-13.75));
#14078=CARTESIAN_POINT('Origin',(13.,-3.,-13.));
#14079=CARTESIAN_POINT('',(9.2,-3.,-13.75));
#14080=CARTESIAN_POINT('',(6.5,-3.,-13.75));
#14081=CARTESIAN_POINT('',(9.2,-3.,-16.05));
#14082=CARTESIAN_POINT('',(9.2,-3.,-6.875));
#14083=CARTESIAN_POINT('',(9.18510299228187,-3.,-16.25));
#14084=CARTESIAN_POINT('Origin',(7.85,-3.,-16.05));
#14085=CARTESIAN_POINT('',(13.,-3.,-16.25));
#14086=CARTESIAN_POINT('',(-6.50000000000001,-3.,-16.25));
#14087=CARTESIAN_POINT('Origin',(13.,-3.,-13.));
#14088=CARTESIAN_POINT('Origin',(7.85,-3.,16.05));
#14089=CARTESIAN_POINT('',(6.95,-2.12,16.05));
#14090=CARTESIAN_POINT('Origin',(7.85,-2.12,16.05));
#14091=CARTESIAN_POINT('',(6.95,0.,16.05));
#14092=CARTESIAN_POINT('',(6.95,-3.,16.05));
#14093=CARTESIAN_POINT('Origin',(7.85,0.,16.05));
#14094=CARTESIAN_POINT('Origin',(7.85,0.,16.05));
#14095=CARTESIAN_POINT('Origin',(-7.85000000000001,-3.,16.05));
#14096=CARTESIAN_POINT('',(-8.75000000000001,-2.12,16.05));
#14097=CARTESIAN_POINT('Origin',(-7.85000000000001,-2.12,16.05));
#14098=CARTESIAN_POINT('',(-8.75000000000001,0.,16.05));
#14099=CARTESIAN_POINT('',(-8.75000000000001,-3.,16.05));
#14100=CARTESIAN_POINT('Origin',(-7.85000000000001,0.,16.05));
#14101=CARTESIAN_POINT('Origin',(-7.85000000000001,0.,16.05));
#14102=CARTESIAN_POINT('Origin',(7.85,-2.12,15.575));
#14103=CARTESIAN_POINT('',(7.03999999999999,-2.12,17.13));
#14104=CARTESIAN_POINT('',(8.66000000000001,-2.12,17.13));
#14105=CARTESIAN_POINT('',(7.175,-2.12,17.13));
#14106=CARTESIAN_POINT('',(6.5,-2.12,16.05));
#14107=CARTESIAN_POINT('Origin',(7.85,-2.12,16.05));
#14108=CARTESIAN_POINT('',(6.5,-2.12,13.75));
#14109=CARTESIAN_POINT('',(6.5,-2.12,18.980982276908));
#14110=CARTESIAN_POINT('',(9.2,-2.12,13.75));
#14111=CARTESIAN_POINT('',(-2.575,-2.12,13.75));
#14112=CARTESIAN_POINT('',(9.2,-2.12,16.05));
#14113=CARTESIAN_POINT('',(9.2,-2.12,13.75));
#14114=CARTESIAN_POINT('Origin',(7.85,-2.12,16.05));
#14115=CARTESIAN_POINT('Origin',(7.85,-3.,16.05));
#14116=CARTESIAN_POINT('',(9.18510299228187,-3.,16.25));
#14117=CARTESIAN_POINT('Origin',(7.85,-3.19999999999999,16.05));
#14118=CARTESIAN_POINT('',(9.2,-3.,16.05));
#14119=CARTESIAN_POINT('',(9.2,-3.,16.05));
#14120=CARTESIAN_POINT('Origin',(7.85,-3.,16.05));
#14121=CARTESIAN_POINT('Origin',(9.2,-3.,13.75));
#14122=CARTESIAN_POINT('',(9.2,-3.,13.75));
#14123=CARTESIAN_POINT('',(9.2,-3.,6.875));
#14124=CARTESIAN_POINT('',(9.2,-3.,13.75));
#14125=CARTESIAN_POINT('Origin',(6.5,-3.,16.05));
#14126=CARTESIAN_POINT('',(6.5,-3.,13.75));
#14127=CARTESIAN_POINT('',(6.5,-3.,16.05));
#14128=CARTESIAN_POINT('',(6.5,-3.,8.025));
#14129=CARTESIAN_POINT('',(6.5,-3.,13.75));
#14130=CARTESIAN_POINT('',(6.5,-3.,16.05));
#14131=CARTESIAN_POINT('Origin',(7.85,-3.,16.05));
#14132=CARTESIAN_POINT('',(6.51489700771813,-3.,16.25));
#14133=CARTESIAN_POINT('Origin',(7.85,-3.19999999999999,16.05));
#14134=CARTESIAN_POINT('Origin',(7.85,-3.,16.05));
#14135=CARTESIAN_POINT('Origin',(-7.85000000000001,-2.12,15.575));
#14136=CARTESIAN_POINT('',(-8.66,-2.12,17.13));
#14137=CARTESIAN_POINT('',(-7.04000000000001,-2.12,17.13));
#14138=CARTESIAN_POINT('',(-0.675000000000001,-2.12,17.13));
#14139=CARTESIAN_POINT('',(-9.20000000000001,-2.12,16.05));
#14140=CARTESIAN_POINT('Origin',(-7.85000000000001,-2.12,16.05));
#14141=CARTESIAN_POINT('',(-9.20000000000001,-2.12,13.75));
#14142=CARTESIAN_POINT('',(-9.20000000000001,-2.12,18.880982276908));
#14143=CARTESIAN_POINT('',(-6.50000000000001,-2.12,13.75));
#14144=CARTESIAN_POINT('',(-10.425,-2.12,13.75));
#14145=CARTESIAN_POINT('',(-6.50000000000001,-2.12,16.05));
#14146=CARTESIAN_POINT('',(-6.50000000000001,-2.12,13.75));
#14147=CARTESIAN_POINT('Origin',(-7.85000000000001,-2.12,16.05));
#14148=CARTESIAN_POINT('Origin',(-7.85000000000001,-3.,16.05));
#14149=CARTESIAN_POINT('',(-6.51489700771814,-3.,16.25));
#14150=CARTESIAN_POINT('Origin',(-7.85000000000001,-3.2,16.05));
#14151=CARTESIAN_POINT('',(-6.50000000000001,-3.,16.05));
#14152=CARTESIAN_POINT('',(-6.50000000000001,-3.,16.05));
#14153=CARTESIAN_POINT('Origin',(-7.85000000000001,-3.,16.05));
#14154=CARTESIAN_POINT('Origin',(-6.50000000000001,-3.,13.75));
#14155=CARTESIAN_POINT('',(-6.50000000000001,-3.,13.75));
#14156=CARTESIAN_POINT('',(-6.50000000000001,-3.,6.875));
#14157=CARTESIAN_POINT('',(-6.50000000000001,-3.,13.75));
#14158=CARTESIAN_POINT('Origin',(-9.20000000000001,-3.,16.05));
#14159=CARTESIAN_POINT('',(-9.20000000000001,-3.,13.75));
#14160=CARTESIAN_POINT('',(-9.20000000000001,-3.,16.05));
#14161=CARTESIAN_POINT('Origin',(-7.85000000000001,-3.,16.05));
#14162=CARTESIAN_POINT('Origin',(-7.85000000000001,-3.2,16.05));
#14163=CARTESIAN_POINT('Origin',(6.50000000000001,-2.2,17.05));
#14164=CARTESIAN_POINT('',(13.,-3.,16.25));
#14165=CARTESIAN_POINT('',(6.50000000000001,-3.,16.25));
#14166=CARTESIAN_POINT('',(13.,-1.7,17.55));
#14167=CARTESIAN_POINT('',(13.,-3.,16.25));
#14168=CARTESIAN_POINT('',(13.,-1.4,17.85));
#14169=CARTESIAN_POINT('',(13.,-3.,16.25));
#14170=CARTESIAN_POINT('',(-13.,-1.4,17.85));
#14171=CARTESIAN_POINT('',(6.50000000000001,-1.4,17.85));
#14172=CARTESIAN_POINT('',(-13.,-1.4,17.85));
#14173=CARTESIAN_POINT('',(6.50000000000001,-3.,16.25));
#14174=CARTESIAN_POINT('Origin',(-4.44089209850063E-15,-3.,2.22044604925031E-15));
#14175=CARTESIAN_POINT('',(15.65,-3.,13.));
#14176=CARTESIAN_POINT('',(8.925,-3.,13.));
#14177=CARTESIAN_POINT('',(13.,-3.,15.65));
#14178=CARTESIAN_POINT('Origin',(13.,-3.,13.));
#14179=CARTESIAN_POINT('',(13.,-3.,7.825));
#14180=CARTESIAN_POINT('',(13.,-3.,13.75));
#14181=CARTESIAN_POINT('',(-6.5,-3.,13.75));
#14182=CARTESIAN_POINT('',(13.75,-3.,13.));
#14183=CARTESIAN_POINT('Origin',(13.,-3.,13.));
#14184=CARTESIAN_POINT('',(13.75,-3.,6.5));
#14185=CARTESIAN_POINT('Origin',(-4.44089209850063E-15,-3.,2.22044604925031E-15));
#14186=CARTESIAN_POINT('',(-13.,-3.,-16.25));
#14187=CARTESIAN_POINT('Origin',(-13.,-3.,-13.));
#14188=CARTESIAN_POINT('',(-9.18510299228188,-3.,-16.25));
#14189=CARTESIAN_POINT('',(-6.50000000000001,-3.,-16.25));
#14190=CARTESIAN_POINT('',(-9.20000000000001,-3.,-16.05));
#14191=CARTESIAN_POINT('Origin',(-7.85000000000001,-3.,-16.05));
#14192=CARTESIAN_POINT('',(-9.20000000000001,-3.,-13.75));
#14193=CARTESIAN_POINT('',(-9.20000000000001,-3.,-8.025));
#14194=CARTESIAN_POINT('',(-13.,-3.,-13.75));
#14195=CARTESIAN_POINT('',(6.5,-3.,-13.75));
#14196=CARTESIAN_POINT('',(-13.75,-3.,-13.));
#14197=CARTESIAN_POINT('Origin',(-13.,-3.,-13.));
#14198=CARTESIAN_POINT('',(-13.75,-3.,-6.5));
#14199=CARTESIAN_POINT('Origin',(7.85,-3.,-16.05));
#14200=CARTESIAN_POINT('',(6.95,-2.12,-16.05));
#14201=CARTESIAN_POINT('Origin',(7.85,-2.12,-16.05));
#14202=CARTESIAN_POINT('',(6.95,0.,-16.05));
#14203=CARTESIAN_POINT('',(6.95,-3.,-16.05));
#14204=CARTESIAN_POINT('Origin',(7.85,0.,-16.05));
#14205=CARTESIAN_POINT('Origin',(7.85,0.,-16.05));
#14206=CARTESIAN_POINT('Origin',(-7.85000000000001,-3.,-16.05));
#14207=CARTESIAN_POINT('',(-8.75000000000001,-2.12,-16.05));
#14208=CARTESIAN_POINT('Origin',(-7.85000000000001,-2.12,-16.05));
#14209=CARTESIAN_POINT('',(-8.75000000000001,0.,-16.05));
#14210=CARTESIAN_POINT('',(-8.75000000000001,-3.,-16.05));
#14211=CARTESIAN_POINT('Origin',(-7.85000000000001,0.,-16.05));
#14212=CARTESIAN_POINT('Origin',(-7.85000000000001,0.,-16.05));
#14213=CARTESIAN_POINT('Origin',(-7.85000000000001,-2.12,-15.575));
#14214=CARTESIAN_POINT('',(-7.04000000000001,-2.12,-17.13));
#14215=CARTESIAN_POINT('',(-8.66000000000001,-2.12,-17.13));
#14216=CARTESIAN_POINT('',(-7.17500000000001,-2.12,-17.13));
#14217=CARTESIAN_POINT('',(-6.50000000000001,-2.12,-16.05));
#14218=CARTESIAN_POINT('Origin',(-7.85000000000001,-2.12,-16.05));
#14219=CARTESIAN_POINT('',(-6.50000000000001,-2.12,-13.75));
#14220=CARTESIAN_POINT('',(-6.50000000000001,-2.12,-13.75));
#14221=CARTESIAN_POINT('',(-9.20000000000001,-2.12,-13.75));
#14222=CARTESIAN_POINT('',(2.57499999999999,-2.12,-13.75));
#14223=CARTESIAN_POINT('',(-9.20000000000001,-2.12,-16.05));
#14224=CARTESIAN_POINT('',(-9.20000000000001,-2.12,-18.880982276908));
#14225=CARTESIAN_POINT('Origin',(-7.85000000000001,-2.12,-16.05));
#14226=CARTESIAN_POINT('Origin',(-7.85000000000001,-3.,-16.05));
#14227=CARTESIAN_POINT('Origin',(-7.85000000000001,-3.2,-16.05));
#14228=CARTESIAN_POINT('',(-9.20000000000001,-3.,-16.05));
#14229=CARTESIAN_POINT('Origin',(-7.85000000000001,-3.,-16.05));
#14230=CARTESIAN_POINT('',(-6.51489700771814,-3.,-16.25));
#14231=CARTESIAN_POINT('Origin',(-7.85000000000001,-3.2,-16.05));
#14232=CARTESIAN_POINT('',(-6.50000000000001,-3.,-16.05));
#14233=CARTESIAN_POINT('Origin',(-7.85000000000001,-3.,-16.05));
#14234=CARTESIAN_POINT('',(-6.50000000000001,-3.,-16.05));
#14235=CARTESIAN_POINT('Origin',(-6.50000000000001,-3.,-13.75));
#14236=CARTESIAN_POINT('',(-6.50000000000001,-3.,-13.75));
#14237=CARTESIAN_POINT('',(-6.50000000000001,-3.,-6.875));
#14238=CARTESIAN_POINT('',(-6.50000000000001,-3.,-13.75));
#14239=CARTESIAN_POINT('Origin',(-9.20000000000001,-3.,-16.05));
#14240=CARTESIAN_POINT('',(-9.20000000000001,-3.,-13.75));
#14241=CARTESIAN_POINT('Origin',(7.85,-2.12,-15.575));
#14242=CARTESIAN_POINT('',(8.66,-2.12,-17.13));
#14243=CARTESIAN_POINT('',(7.04,-2.12,-17.13));
#14244=CARTESIAN_POINT('',(0.674999999999996,-2.12,-17.13));
#14245=CARTESIAN_POINT('',(9.2,-2.12,-16.05));
#14246=CARTESIAN_POINT('Origin',(7.85,-2.12,-16.05));
#14247=CARTESIAN_POINT('',(9.2,-2.12,-13.75));
#14248=CARTESIAN_POINT('',(9.2,-2.12,-13.75));
#14249=CARTESIAN_POINT('',(6.5,-2.12,-13.75));
#14250=CARTESIAN_POINT('',(10.425,-2.12,-13.75));
#14251=CARTESIAN_POINT('',(6.5,-2.12,-16.05));
#14252=CARTESIAN_POINT('',(6.5,-2.12,-18.980982276908));
#14253=CARTESIAN_POINT('Origin',(7.85,-2.12,-16.05));
#14254=CARTESIAN_POINT('Origin',(7.85,-3.,-16.05));
#14255=CARTESIAN_POINT('',(6.51489700771813,-3.,-16.25));
#14256=CARTESIAN_POINT('Origin',(7.85,-3.2,-16.05));
#14257=CARTESIAN_POINT('',(6.5,-3.,-16.05));
#14258=CARTESIAN_POINT('',(6.5,-3.,-16.05));
#14259=CARTESIAN_POINT('Origin',(7.85,-3.,-16.05));
#14260=CARTESIAN_POINT('Origin',(7.85,-3.,-16.05));
#14261=CARTESIAN_POINT('Origin',(7.85,-3.2,-16.05));
#14262=CARTESIAN_POINT('',(9.2,-3.,-16.05));
#14263=CARTESIAN_POINT('Origin',(9.2,-3.,-13.75));
#14264=CARTESIAN_POINT('',(9.2,-3.,-13.75));
#14265=CARTESIAN_POINT('Origin',(6.5,-3.,-16.05));
#14266=CARTESIAN_POINT('',(6.5,-3.,-13.75));
#14267=CARTESIAN_POINT('',(6.5,-3.,-8.025));
#14268=CARTESIAN_POINT('',(6.5,-3.,-13.75));
#14269=CARTESIAN_POINT('Origin',(-4.44089209850063E-15,-3.,2.22044604925031E-15));
#14270=CARTESIAN_POINT('',(-6.5,-3.,13.75));
#14271=CARTESIAN_POINT('Origin',(-4.44089209850063E-15,-3.,2.22044604925031E-15));
#14272=CARTESIAN_POINT('',(-6.50000000000001,-3.,-16.25));
#14273=CARTESIAN_POINT('',(6.5,-3.,-13.75));
#14274=CARTESIAN_POINT('Origin',(-6.50000000000001,-2.2,-17.05));
#14275=CARTESIAN_POINT('',(-13.,-1.4,-17.85));
#14276=CARTESIAN_POINT('',(-13.,-1.4,-17.85));
#14277=CARTESIAN_POINT('',(13.,-1.4,-17.85));
#14278=CARTESIAN_POINT('',(-6.50000000000001,-1.4,-17.85));
#14279=CARTESIAN_POINT('',(13.,-1.4,-17.85));
#14280=CARTESIAN_POINT('Origin',(-9.34314575050763,-2.865,12.5));
#14281=CARTESIAN_POINT('',(-9.34314575050763,-1.73,13.75));
#14282=CARTESIAN_POINT('',(-10.2270292269908,-1.73,13.3838834764832));
#14283=CARTESIAN_POINT('Origin',(-9.34314575050763,-1.73,12.5));
#14284=CARTESIAN_POINT('',(-9.34314575050763,-2.865,13.75));
#14285=CARTESIAN_POINT('',(-10.2270292269908,-2.865,13.3838834764832));
#14286=CARTESIAN_POINT('Origin',(-6.66133814775094E-15,-1.73,-2.22044604925031E-15));
#14287=CARTESIAN_POINT('',(-13.3838834764832,-1.73,10.2270292269908));
#14288=CARTESIAN_POINT('',(-12.7777281758685,-1.73,10.8331845276055));
#14289=CARTESIAN_POINT('',(-13.75,-1.73,9.34314575050762));
#14290=CARTESIAN_POINT('Origin',(-12.5,-1.73,9.34314575050762));
#14291=CARTESIAN_POINT('',(-13.75,-1.73,-13.));
#14292=CARTESIAN_POINT('',(-13.75,-1.73,-6.5));
#14293=CARTESIAN_POINT('',(-13.,-1.73,-13.75));
#14294=CARTESIAN_POINT('Origin',(-13.,-1.73,-13.));
#14295=CARTESIAN_POINT('',(13.,-1.73,-13.75));
#14296=CARTESIAN_POINT('',(6.49999999999999,-1.73,-13.75));
#14297=CARTESIAN_POINT('',(13.75,-1.73,-13.));
#14298=CARTESIAN_POINT('Origin',(13.,-1.73,-13.));
#14299=CARTESIAN_POINT('',(13.75,-1.73,13.));
#14300=CARTESIAN_POINT('',(13.75,-1.73,6.5));
#14301=CARTESIAN_POINT('',(13.,-1.73,13.75));
#14302=CARTESIAN_POINT('Origin',(13.,-1.73,13.));
#14303=CARTESIAN_POINT('',(-6.5,-1.73,13.75));
#14304=CARTESIAN_POINT('',(-11.65,-1.73,-11.65));
#14305=CARTESIAN_POINT('',(-11.65,-1.73,8.9910642224905));
#14306=CARTESIAN_POINT('',(-11.65,-1.73,8.9910642224905));
#14307=CARTESIAN_POINT('',(-8.99106422249049,-1.73,11.65));
#14308=CARTESIAN_POINT('',(-8.99106422249049,-1.73,11.65));
#14309=CARTESIAN_POINT('',(11.65,-1.73,11.65));
#14310=CARTESIAN_POINT('',(11.65,-1.73,11.65));
#14311=CARTESIAN_POINT('',(11.65,-1.73,-11.65));
#14312=CARTESIAN_POINT('',(11.65,-1.73,-11.65));
#14313=CARTESIAN_POINT('',(-11.65,-1.73,-11.65));
#14314=CARTESIAN_POINT('Origin',(-13.75,-2.73,9.86091270347399));
#14315=CARTESIAN_POINT('',(-13.3838834764832,-2.865,10.2270292269908));
#14316=CARTESIAN_POINT('Origin',(-12.5,-2.865,9.34314575050762));
#14317=CARTESIAN_POINT('',(-13.75,-2.865,9.34314575050762));
#14318=CARTESIAN_POINT('Origin',(13.01,-3.,17.8499896907107));
#14319=CARTESIAN_POINT('',(13.01,-1.7,17.5499890109757));
#14320=CARTESIAN_POINT('',(13.01,-3.,16.2499846153482));
#14321=CARTESIAN_POINT('',(13.01,-2.35,16.899986813162));
#14322=CARTESIAN_POINT('',(13.01,-1.7,15.6599812029411));
#14323=CARTESIAN_POINT('',(13.01,-1.7,17.8399896694105));
#14324=CARTESIAN_POINT('',(13.01,-3.,15.6599812029411));
#14325=CARTESIAN_POINT('',(13.01,-3.,15.6599812029411));
#14326=CARTESIAN_POINT('',(13.01,-3.,8.92499484535535));
#14327=CARTESIAN_POINT('Origin',(15.425,-1.7,15.425));
#14328=CARTESIAN_POINT('Origin',(13.,-1.7,13.));
#14329=CARTESIAN_POINT('',(13.,-1.7,15.65));
#14330=CARTESIAN_POINT('',(13.,-1.7,17.85));
#14331=CARTESIAN_POINT('',(15.65,-1.7,13.));
#14332=CARTESIAN_POINT('Origin',(13.,-1.7,13.));
#14333=CARTESIAN_POINT('',(17.85,-1.7,13.));
#14334=CARTESIAN_POINT('',(17.5499890109757,-1.7,13.01));
#14335=CARTESIAN_POINT('Origin',(13.,-1.7,13.));
#14336=CARTESIAN_POINT('',(15.6599812029411,-1.7,13.01));
#14337=CARTESIAN_POINT('',(17.8399896694105,-1.7,13.01));
#14338=CARTESIAN_POINT('Origin',(13.,-1.7,13.));
#14339=CARTESIAN_POINT('Origin',(13.,-3.,15.65));
#14340=CARTESIAN_POINT('',(13.,-3.,15.65));
#14341=CARTESIAN_POINT('Origin',(13.,-3.,13.));
#14342=CARTESIAN_POINT('',(15.65,-3.,13.));
#14343=CARTESIAN_POINT('Origin',(17.85,-3.,13.));
#14344=CARTESIAN_POINT('Origin',(15.6599812029411,-3.,13.01));
#14345=CARTESIAN_POINT('',(16.2499846153482,-3.,13.01));
#14346=CARTESIAN_POINT('',(16.899986813162,-2.35,13.01));
#14347=CARTESIAN_POINT('',(15.6599812029411,-3.,13.01));
#14348=CARTESIAN_POINT('',(7.82999060147055,-3.,13.01));
#14349=CARTESIAN_POINT('',(15.6599812029411,-3.,13.01));
#14350=CARTESIAN_POINT('Origin',(13.,-3.,13.));
#14351=CARTESIAN_POINT('Origin',(13.,-3.,13.));
#14352=CARTESIAN_POINT('Origin',(-4.44089209850063E-15,-3.,2.22044604925031E-15));
#14353=CARTESIAN_POINT('Origin',(13.,-3.,13.));
#14354=CARTESIAN_POINT('Origin',(13.,-2.2,13.));
#14355=CARTESIAN_POINT('Origin',(13.,-1.4,13.));
#14356=CARTESIAN_POINT('Origin',(-11.6286796564404,-3.,13.0428932188134));
#14357=CARTESIAN_POINT('',(-11.9786796564404,-1.,13.0428932188134));
#14358=CARTESIAN_POINT('',(-11.9786796564404,-3.,13.0428932188134));
#14359=CARTESIAN_POINT('Origin',(-11.6286796564404,-1.,13.0428932188134));
#14360=CARTESIAN_POINT('Origin',(-11.6286796564404,-1.,13.0428932188134));
#14361=CARTESIAN_POINT('Origin',(-13.75,-3.,10.9215728752538));
#14362=CARTESIAN_POINT('',(-14.1,-1.,10.9215728752538));
#14363=CARTESIAN_POINT('',(-14.1,-3.,10.9215728752538));
#14364=CARTESIAN_POINT('Origin',(-13.75,-1.,10.9215728752538));
#14365=CARTESIAN_POINT('Origin',(-13.75,-1.,10.9215728752538));
#14366=CARTESIAN_POINT('Origin',(-13.0428932188135,-3.,11.6286796564403));
#14367=CARTESIAN_POINT('',(-13.3928932188135,-1.,11.6286796564403));
#14368=CARTESIAN_POINT('',(-13.3928932188135,-3.,11.6286796564403));
#14369=CARTESIAN_POINT('Origin',(-13.0428932188135,-1.,11.6286796564403));
#14370=CARTESIAN_POINT('Origin',(-13.0428932188135,-1.,11.6286796564403));
#14371=CARTESIAN_POINT('Origin',(-12.3357864376269,-3.,13.75));
#14372=CARTESIAN_POINT('',(-12.6857864376269,-1.,13.75));
#14373=CARTESIAN_POINT('',(-12.6857864376269,-3.,13.75));
#14374=CARTESIAN_POINT('Origin',(-12.3357864376269,-1.,13.75));
#14375=CARTESIAN_POINT('Origin',(-12.3357864376269,-1.,13.75));
#14376=CARTESIAN_POINT('Origin',(-12.3357864376269,-3.,12.3357864376269));
#14377=CARTESIAN_POINT('',(-12.6857864376269,-1.,12.3357864376269));
#14378=CARTESIAN_POINT('',(-12.6857864376269,-3.,12.3357864376269));
#14379=CARTESIAN_POINT('Origin',(-12.3357864376269,-1.,12.3357864376269));
#14380=CARTESIAN_POINT('Origin',(-12.3357864376269,-1.,12.3357864376269));
#14381=CARTESIAN_POINT('Origin',(-13.75,-3.,12.3357864376269));
#14382=CARTESIAN_POINT('',(-14.1,-1.,12.3357864376269));
#14383=CARTESIAN_POINT('',(-14.1,-3.,12.3357864376269));
#14384=CARTESIAN_POINT('Origin',(-13.75,-1.,12.3357864376269));
#14385=CARTESIAN_POINT('Origin',(-13.75,-1.,12.3357864376269));
#14386=CARTESIAN_POINT('Origin',(-13.0428932188135,-3.,13.0428932188135));
#14387=CARTESIAN_POINT('',(-13.3928932188135,-1.,13.0428932188135));
#14388=CARTESIAN_POINT('',(-13.3928932188135,-3.,13.0428932188135));
#14389=CARTESIAN_POINT('Origin',(-13.0428932188135,-1.,13.0428932188135));
#14390=CARTESIAN_POINT('Origin',(-13.0428932188135,-1.,13.0428932188135));
#14391=CARTESIAN_POINT('Origin',(-10.9215728752539,-3.,13.75));
#14392=CARTESIAN_POINT('',(-11.2715728752539,-1.,13.75));
#14393=CARTESIAN_POINT('',(-11.2715728752539,-3.,13.75));
#14394=CARTESIAN_POINT('Origin',(-10.9215728752539,-1.,13.75));
#14395=CARTESIAN_POINT('Origin',(-10.9215728752539,-1.,13.75));
#14396=CARTESIAN_POINT('Origin',(-8.99106422249049,-1.73,11.65));
#14397=CARTESIAN_POINT('',(-11.65,-0.73,8.9910642224905));
#14398=CARTESIAN_POINT('',(-11.65,-1.73,8.9910642224905));
#14399=CARTESIAN_POINT('',(-8.99106422249049,-0.73,11.65));
#14400=CARTESIAN_POINT('',(-9.65579816686787,-0.73,10.9852660556226));
#14401=CARTESIAN_POINT('',(-8.99106422249049,-1.73,11.65));
#14402=CARTESIAN_POINT('Origin',(11.65,-1.73,11.65));
#14403=CARTESIAN_POINT('',(11.65,-0.73,11.65));
#14404=CARTESIAN_POINT('',(5.825,-0.73,11.65));
#14405=CARTESIAN_POINT('',(11.65,-1.73,11.65));
#14406=CARTESIAN_POINT('Origin',(11.65,-1.73,-11.65));
#14407=CARTESIAN_POINT('',(11.65,-0.73,-11.65));
#14408=CARTESIAN_POINT('',(11.65,-0.73,-5.825));
#14409=CARTESIAN_POINT('',(11.65,-1.73,-11.65));
#14410=CARTESIAN_POINT('Origin',(-11.65,-1.73,-11.65));
#14411=CARTESIAN_POINT('',(-11.65,-0.73,-11.65));
#14412=CARTESIAN_POINT('',(-5.825,-0.73,-11.65));
#14413=CARTESIAN_POINT('',(-11.65,-1.73,-11.65));
#14414=CARTESIAN_POINT('Origin',(-11.65,-1.73,8.9910642224905));
#14415=CARTESIAN_POINT('',(-11.65,-0.73,4.49553211124525));
#14416=CARTESIAN_POINT('Origin',(13.,-3.,-13.75));
#14417=CARTESIAN_POINT('',(13.,-3.,-13.75));
#14418=CARTESIAN_POINT('',(-13.,-3.,-13.75));
#14419=CARTESIAN_POINT('Origin',(-13.,-3.,-13.));
#14420=CARTESIAN_POINT('',(-13.75,-3.,-13.));
#14421=CARTESIAN_POINT('Origin',(-13.75,-3.,-13.));
#14422=CARTESIAN_POINT('Ctrl Pts',(0.,0.270000000000006,6.2));
#14423=CARTESIAN_POINT('Ctrl Pts',(-6.2,0.270000000000006,6.2));
#14424=CARTESIAN_POINT('Ctrl Pts',(-6.2,0.270000000000006,0.));
#14425=CARTESIAN_POINT('Ctrl Pts',(-6.2,0.270000000000006,-6.2));
#14426=CARTESIAN_POINT('Ctrl Pts',(0.,0.270000000000006,-6.2));
#14427=CARTESIAN_POINT('Ctrl Pts',(6.2,0.270000000000006,-6.2));
#14428=CARTESIAN_POINT('Ctrl Pts',(6.2,0.270000000000006,0.));
#14429=CARTESIAN_POINT('Ctrl Pts',(6.2,0.270000000000006,6.2));
#14430=CARTESIAN_POINT('Ctrl Pts',(0.,0.270000000000006,6.2));
#14431=CARTESIAN_POINT('Ctrl Pts',(0.,-1.5794870826104,3.3758158175725));
#14432=CARTESIAN_POINT('Ctrl Pts',(-3.3758158175725,-1.5794870826104,3.3758158175725));
#14433=CARTESIAN_POINT('Ctrl Pts',(-3.3758158175725,-1.5794870826104,0.));
#14434=CARTESIAN_POINT('Ctrl Pts',(-3.3758158175725,-1.5794870826104,-3.3758158175725));
#14435=CARTESIAN_POINT('Ctrl Pts',(0.,-1.5794870826104,-3.3758158175725));
#14436=CARTESIAN_POINT('Ctrl Pts',(3.3758158175725,-1.5794870826104,-3.3758158175725));
#14437=CARTESIAN_POINT('Ctrl Pts',(3.3758158175725,-1.5794870826104,0.));
#14438=CARTESIAN_POINT('Ctrl Pts',(3.3758158175725,-1.5794870826104,3.3758158175725));
#14439=CARTESIAN_POINT('Ctrl Pts',(0.,-1.5794870826104,3.3758158175725));
#14440=CARTESIAN_POINT('Ctrl Pts',(0.,-1.55743417251321,-5.98479599211998E-16));
#14441=CARTESIAN_POINT('Ctrl Pts',(5.98479599211998E-16,-1.55743417251321,
-5.98479599211998E-16));
#14442=CARTESIAN_POINT('Ctrl Pts',(5.98479599211998E-16,-1.55743417251321,
0.));
#14443=CARTESIAN_POINT('Ctrl Pts',(5.98479599211998E-16,-1.55743417251321,
5.98479599211998E-16));
#14444=CARTESIAN_POINT('Ctrl Pts',(0.,-1.55743417251321,5.98479599211998E-16));
#14445=CARTESIAN_POINT('Ctrl Pts',(-5.98479599211998E-16,-1.55743417251321,
5.98479599211998E-16));
#14446=CARTESIAN_POINT('Ctrl Pts',(-5.98479599211998E-16,-1.55743417251321,
0.));
#14447=CARTESIAN_POINT('Ctrl Pts',(-5.98479599211998E-16,-1.55743417251321,
-5.98479599211998E-16));
#14448=CARTESIAN_POINT('Ctrl Pts',(0.,-1.55743417251321,-5.98479599211998E-16));
#14449=CARTESIAN_POINT('',(0.,-1.55743417251322,0.));
#14450=CARTESIAN_POINT('',(-7.59281015471359E-16,0.27,6.2));
#14451=CARTESIAN_POINT('Origin',(-8.94683310959884E-18,9.62590048798179,
0.073056436482976));
#14452=CARTESIAN_POINT('',(-6.2,0.27,-7.59281015471359E-16));
#14453=CARTESIAN_POINT('Origin',(0.,0.27,0.));
#14454=CARTESIAN_POINT('Origin',(0.,0.27,0.));
#14455=CARTESIAN_POINT('Origin',(-6.66133814775094E-15,-1.23,-2.22044604925031E-15));
#14456=CARTESIAN_POINT('',(-11.5,-1.23,-1.40834381901946E-15));
#14457=CARTESIAN_POINT('Origin',(0.,-1.23,0.));
#14458=CARTESIAN_POINT('',(-6.2,-1.23,7.59281015471359E-16));
#14459=CARTESIAN_POINT('Origin',(0.,-1.23,0.));
#14460=CARTESIAN_POINT('Origin',(0.,-2.73,0.));
#14461=CARTESIAN_POINT('',(-11.5,-0.73,-1.40834381901946E-15));
#14462=CARTESIAN_POINT('',(-11.5,-2.73,1.40834381901946E-15));
#14463=CARTESIAN_POINT('Origin',(0.,-0.73,0.));
#14464=CARTESIAN_POINT('Origin',(0.,-0.73,0.));
#14465=CARTESIAN_POINT('Origin',(0.,-2.73,0.));
#14466=CARTESIAN_POINT('',(-6.2,-2.73,7.59281015471359E-16));
#14467=CARTESIAN_POINT('Origin',(13.,-3.,-13.));
#14468=CARTESIAN_POINT('',(13.75,-3.,-13.));
#14469=CARTESIAN_POINT('Origin',(13.75,-3.,13.));
#14470=CARTESIAN_POINT('',(13.75,-3.,13.));
#14471=CARTESIAN_POINT('Origin',(13.,-3.,13.));
#14472=CARTESIAN_POINT('',(13.,-3.,13.75));
#14473=CARTESIAN_POINT('Origin',(-13.,-3.,13.75));
#14474=CARTESIAN_POINT('Origin',(-13.,-2.2,13.));
#14475=CARTESIAN_POINT('Origin',(-13.,-1.4,13.));
#14476=CARTESIAN_POINT('Origin',(-13.,-2.2,-13.));
#14477=CARTESIAN_POINT('Origin',(-13.,-1.4,-13.));
#14478=CARTESIAN_POINT('Origin',(13.,-2.2,-13.));
#14479=CARTESIAN_POINT('Origin',(13.,-1.4,-13.));
#14480=CARTESIAN_POINT('Origin',(-13.,0.,-13.));
#14481=CARTESIAN_POINT('',(-17.85,0.,-13.));
#14482=CARTESIAN_POINT('',(-17.85,0.,-13.));
#14483=CARTESIAN_POINT('',(-13.,0.,-17.85));
#14484=CARTESIAN_POINT('Origin',(-13.,0.,-13.));
#14485=CARTESIAN_POINT('',(-13.,0.,-17.85));
#14486=CARTESIAN_POINT('Origin',(-17.85,0.,13.));
#14487=CARTESIAN_POINT('',(-17.85,0.,13.));
#14488=CARTESIAN_POINT('',(-17.85,0.,13.));
#14489=CARTESIAN_POINT('',(-17.85,0.,6.5));
#14490=CARTESIAN_POINT('Origin',(-13.,0.,13.));
#14491=CARTESIAN_POINT('',(-13.,0.,17.85));
#14492=CARTESIAN_POINT('',(-13.,0.,17.85));
#14493=CARTESIAN_POINT('Origin',(-13.,0.,13.));
#14494=CARTESIAN_POINT('Origin',(13.,0.,17.85));
#14495=CARTESIAN_POINT('',(13.,0.,17.85));
#14496=CARTESIAN_POINT('',(13.,0.,17.85));
#14497=CARTESIAN_POINT('',(6.50000000000001,0.,17.85));
#14498=CARTESIAN_POINT('Origin',(13.,0.,13.));
#14499=CARTESIAN_POINT('',(17.85,0.,13.));
#14500=CARTESIAN_POINT('',(17.85,0.,13.));
#14501=CARTESIAN_POINT('Origin',(13.,0.,13.));
#14502=CARTESIAN_POINT('Origin',(17.85,0.,-13.));
#14503=CARTESIAN_POINT('',(17.85,0.,-13.));
#14504=CARTESIAN_POINT('',(17.85,0.,-13.));
#14505=CARTESIAN_POINT('',(17.85,0.,-6.5));
#14506=CARTESIAN_POINT('Origin',(13.,0.,-13.));
#14507=CARTESIAN_POINT('',(13.,0.,-17.85));
#14508=CARTESIAN_POINT('',(13.,0.,-17.85));
#14509=CARTESIAN_POINT('Origin',(13.,0.,-13.));
#14510=CARTESIAN_POINT('Origin',(-13.,0.,-17.85));
#14511=CARTESIAN_POINT('',(-6.50000000000001,0.,-17.85));
#14512=CARTESIAN_POINT('Origin',(-13.,0.,13.));
#14513=CARTESIAN_POINT('Origin',(-13.,0.,13.));
#14514=CARTESIAN_POINT('Origin',(-4.44089209850063E-15,0.,2.22044604925031E-15));
#14515=CARTESIAN_POINT('Origin',(19.,5.535,-7.165));
#14516=CARTESIAN_POINT('',(19.,5.535,-7.165));
#14517=CARTESIAN_POINT('',(19.,2.465,-7.165));
#14518=CARTESIAN_POINT('',(19.,7.8675,-7.16500000000001));
#14519=CARTESIAN_POINT('',(17.2,2.465,-7.165));
#14520=CARTESIAN_POINT('',(19.,2.465,-7.165));
#14521=CARTESIAN_POINT('',(17.2,5.535,-7.165));
#14522=CARTESIAN_POINT('',(17.2,7.8675,-7.16500000000001));
#14523=CARTESIAN_POINT('',(19.,5.535,-7.165));
#14524=CARTESIAN_POINT('Origin',(19.,5.535,-8.9));
#14525=CARTESIAN_POINT('',(19.,5.535,-8.9));
#14526=CARTESIAN_POINT('',(19.,5.53500000000001,-3.58249999999999));
#14527=CARTESIAN_POINT('',(17.2,5.535,-8.9));
#14528=CARTESIAN_POINT('',(17.2,5.53500000000001,-3.58249999999999));
#14529=CARTESIAN_POINT('',(19.,5.535,-8.9));
#14530=CARTESIAN_POINT('Origin',(19.,24.075,-8.9));
#14531=CARTESIAN_POINT('',(19.,24.075,-8.9));
#14532=CARTESIAN_POINT('',(19.,9.4025,-8.9));
#14533=CARTESIAN_POINT('',(17.2,24.075,-8.9));
#14534=CARTESIAN_POINT('',(17.2,9.4025,-8.9));
#14535=CARTESIAN_POINT('',(19.,24.075,-8.9));
#14536=CARTESIAN_POINT('Origin',(19.,24.075,8.90000000000001));
#14537=CARTESIAN_POINT('',(19.,24.075,8.90000000000001));
#14538=CARTESIAN_POINT('',(19.,24.075,-4.45));
#14539=CARTESIAN_POINT('',(17.2,24.075,8.90000000000001));
#14540=CARTESIAN_POINT('',(17.2,24.075,-4.45));
#14541=CARTESIAN_POINT('',(19.,24.075,8.90000000000001));
#14542=CARTESIAN_POINT('Origin',(19.,5.535,8.9));
#14543=CARTESIAN_POINT('',(19.,5.535,8.9));
#14544=CARTESIAN_POINT('',(19.,18.6725,8.9));
#14545=CARTESIAN_POINT('',(17.2,5.535,8.9));
#14546=CARTESIAN_POINT('',(17.2,18.6725,8.9));
#14547=CARTESIAN_POINT('',(19.,5.535,8.9));
#14548=CARTESIAN_POINT('Origin',(19.,5.535,7.165));
#14549=CARTESIAN_POINT('',(19.,5.535,7.165));
#14550=CARTESIAN_POINT('',(19.,5.535,4.45));
#14551=CARTESIAN_POINT('',(17.2,5.535,7.165));
#14552=CARTESIAN_POINT('',(17.2,5.535,4.45));
#14553=CARTESIAN_POINT('',(19.,5.535,7.165));
#14554=CARTESIAN_POINT('Origin',(19.,2.465,7.165));
#14555=CARTESIAN_POINT('',(19.,2.465,7.165));
#14556=CARTESIAN_POINT('',(19.,9.4025,7.16499999999999));
#14557=CARTESIAN_POINT('',(17.2,2.465,7.165));
#14558=CARTESIAN_POINT('',(17.2,9.4025,7.16499999999999));
#14559=CARTESIAN_POINT('',(19.,2.465,7.165));
#14560=CARTESIAN_POINT('Origin',(19.,2.465,-7.165));
#14561=CARTESIAN_POINT('',(19.,2.465,3.5825));
#14562=CARTESIAN_POINT('',(17.2,2.465,3.5825));
#14563=CARTESIAN_POINT('Origin',(19.,13.27,1.66533453693773E-15));
#14564=CARTESIAN_POINT('Origin',(17.2,13.27,1.11022302462516E-15));
#14565=CARTESIAN_POINT('Origin',(-6.5,31.65,18.2));
#14566=CARTESIAN_POINT('',(13.,30.85,19.));
#14567=CARTESIAN_POINT('',(13.,32.45,17.4));
#14568=CARTESIAN_POINT('',(13.,30.85,19.));
#14569=CARTESIAN_POINT('',(-13.,32.45,17.4));
#14570=CARTESIAN_POINT('',(-6.5,32.45,17.4));
#14571=CARTESIAN_POINT('',(-13.,30.85,19.));
#14572=CARTESIAN_POINT('',(-13.,32.45,17.4));
#14573=CARTESIAN_POINT('',(-6.5,30.85,19.));
#14574=CARTESIAN_POINT('Origin',(13.,31.65,13.));
#14575=CARTESIAN_POINT('',(19.,30.85,13.));
#14576=CARTESIAN_POINT('',(17.4,32.45,13.));
#14577=CARTESIAN_POINT('',(19.,30.85,13.));
#14578=CARTESIAN_POINT('Origin',(13.,32.45,13.));
#14579=CARTESIAN_POINT('Origin',(13.,30.85,13.));
#14580=CARTESIAN_POINT('Origin',(18.2,31.65,6.5));
#14581=CARTESIAN_POINT('',(19.,30.85,-13.));
#14582=CARTESIAN_POINT('',(17.4,32.45,-13.));
#14583=CARTESIAN_POINT('',(19.,30.85,-13.));
#14584=CARTESIAN_POINT('',(17.4,32.45,6.5));
#14585=CARTESIAN_POINT('',(19.,30.85,6.5));
#14586=CARTESIAN_POINT('Origin',(13.,31.65,-13.));
#14587=CARTESIAN_POINT('',(13.,30.85,-19.));
#14588=CARTESIAN_POINT('',(13.,32.45,-17.4));
#14589=CARTESIAN_POINT('',(13.,30.85,-19.));
#14590=CARTESIAN_POINT('Origin',(13.,32.45,-13.));
#14591=CARTESIAN_POINT('Origin',(13.,30.85,-13.));
#14592=CARTESIAN_POINT('Origin',(6.5,31.65,-18.2));
#14593=CARTESIAN_POINT('',(-13.,30.85,-19.));
#14594=CARTESIAN_POINT('',(-13.,32.45,-17.4));
#14595=CARTESIAN_POINT('',(-13.,30.85,-19.));
#14596=CARTESIAN_POINT('',(6.5,32.45,-17.4));
#14597=CARTESIAN_POINT('',(6.5,30.85,-19.));
#14598=CARTESIAN_POINT('Origin',(-13.,31.65,-13.));
#14599=CARTESIAN_POINT('',(-19.,30.85,-13.));
#14600=CARTESIAN_POINT('',(-17.4,32.45,-13.));
#14601=CARTESIAN_POINT('',(-19.,30.85,-13.));
#14602=CARTESIAN_POINT('Origin',(-13.,32.45,-13.));
#14603=CARTESIAN_POINT('Origin',(-13.,30.85,-13.));
#14604=CARTESIAN_POINT('Origin',(-18.2,31.65,-6.5));
#14605=CARTESIAN_POINT('',(-19.,30.85,13.));
#14606=CARTESIAN_POINT('',(-17.4,32.45,13.));
#14607=CARTESIAN_POINT('',(-19.,30.85,13.));
#14608=CARTESIAN_POINT('',(-17.4,32.45,-6.5));
#14609=CARTESIAN_POINT('',(-19.,30.85,-6.5));
#14610=CARTESIAN_POINT('Origin',(-13.,31.65,13.));
#14611=CARTESIAN_POINT('Origin',(-13.,32.45,13.));
#14612=CARTESIAN_POINT('Origin',(-13.,30.85,13.));
#14613=CARTESIAN_POINT('Origin',(13.,29.9,-13.));
#14614=CARTESIAN_POINT('',(19.,29.9,-13.));
#14615=CARTESIAN_POINT('',(19.,29.9,-13.));
#14616=CARTESIAN_POINT('',(13.,29.9,-19.));
#14617=CARTESIAN_POINT('Origin',(13.,29.9,-13.));
#14618=CARTESIAN_POINT('',(13.,29.9,-19.));
#14619=CARTESIAN_POINT('Origin',(19.,29.9,13.));
#14620=CARTESIAN_POINT('',(19.,29.9,13.));
#14621=CARTESIAN_POINT('',(19.,29.9,13.));
#14622=CARTESIAN_POINT('',(19.,29.9,6.5));
#14623=CARTESIAN_POINT('Origin',(13.,29.9,13.));
#14624=CARTESIAN_POINT('',(13.,29.9,19.));
#14625=CARTESIAN_POINT('',(13.,29.9,19.));
#14626=CARTESIAN_POINT('Origin',(13.,29.9,13.));
#14627=CARTESIAN_POINT('Origin',(-13.,29.9,19.));
#14628=CARTESIAN_POINT('',(-13.,29.9,19.));
#14629=CARTESIAN_POINT('',(-13.,29.9,19.));
#14630=CARTESIAN_POINT('',(-6.5,29.9,19.));
#14631=CARTESIAN_POINT('Origin',(-4.44089209850063E-15,32.45,2.22044604925031E-15));
#14632=CARTESIAN_POINT('Origin',(-13.,29.9,13.));
#14633=CARTESIAN_POINT('',(-19.,29.9,13.));
#14634=CARTESIAN_POINT('',(-19.,29.9,13.));
#14635=CARTESIAN_POINT('Origin',(-13.,29.9,13.));
#14636=CARTESIAN_POINT('Origin',(-19.,29.9,-13.));
#14637=CARTESIAN_POINT('',(-19.,29.9,-13.));
#14638=CARTESIAN_POINT('',(-19.,29.9,-13.));
#14639=CARTESIAN_POINT('',(-19.,29.9,-6.5));
#14640=CARTESIAN_POINT('Origin',(-13.,29.9,-13.));
#14641=CARTESIAN_POINT('',(-13.,29.9,-19.));
#14642=CARTESIAN_POINT('',(-13.,29.9,-19.));
#14643=CARTESIAN_POINT('Origin',(-13.,29.9,-13.));
#14644=CARTESIAN_POINT('Origin',(13.,29.9,-19.));
#14645=CARTESIAN_POINT('',(6.5,29.9,-19.));
#14646=CARTESIAN_POINT('Origin',(-4.44089209850063E-15,29.9,2.22044604925031E-15));
#14647=UNCERTAINTY_MEASURE_WITH_UNIT(LENGTH_MEASURE(0.01),#14651,
'DISTANCE_ACCURACY_VALUE',
'Maximum model space distance between geometric entities at asserted c
onnectivities');
#14648=UNCERTAINTY_MEASURE_WITH_UNIT(LENGTH_MEASURE(0.01),#14651,
'DISTANCE_ACCURACY_VALUE',
'Maximum model space distance between geometric entities at asserted c
onnectivities');
#14649=(
GEOMETRIC_REPRESENTATION_CONTEXT(3)
GLOBAL_UNCERTAINTY_ASSIGNED_CONTEXT((#14647))
GLOBAL_UNIT_ASSIGNED_CONTEXT((#14651,#14653,#14654))
REPRESENTATION_CONTEXT('','3D')
);
#14650=(
GEOMETRIC_REPRESENTATION_CONTEXT(3)
GLOBAL_UNCERTAINTY_ASSIGNED_CONTEXT((#14648))
GLOBAL_UNIT_ASSIGNED_CONTEXT((#14651,#14653,#14654))
REPRESENTATION_CONTEXT('','3D')
);
#14651=(
LENGTH_UNIT()
NAMED_UNIT(*)
SI_UNIT(.MILLI.,.METRE.)
);
#14652=(
LENGTH_UNIT()
NAMED_UNIT(*)
SI_UNIT($,.METRE.)
);
#14653=(
NAMED_UNIT(*)
PLANE_ANGLE_UNIT()
SI_UNIT($,.RADIAN.)
);
#14654=(
NAMED_UNIT(*)
SI_UNIT($,.STERADIAN.)
SOLID_ANGLE_UNIT()
);
#14655=SHAPE_DEFINITION_REPRESENTATION(#14656,#14657);
#14656=PRODUCT_DEFINITION_SHAPE('',$,#14659);
#14657=SHAPE_REPRESENTATION('',(#8652),#14649);
#14658=PRODUCT_DEFINITION_CONTEXT('part definition',#14663,'design');
#14659=PRODUCT_DEFINITION('GoPro_Hero_5_Session',
'GoPro_Hero_5_Session v3',#14660,#14658);
#14660=PRODUCT_DEFINITION_FORMATION('',$,#14665);
#14661=PRODUCT_RELATED_PRODUCT_CATEGORY('GoPro_Hero_5_Session v3',
'GoPro_Hero_5_Session v3',(#14665));
#14662=APPLICATION_PROTOCOL_DEFINITION('international standard',
'automotive_design',2009,#14663);
#14663=APPLICATION_CONTEXT(
'Core Data for Automotive Mechanical Design Process');
#14664=PRODUCT_CONTEXT('part definition',#14663,'mechanical');
#14665=PRODUCT('GoPro_Hero_5_Session','GoPro_Hero_5_Session v3',$,(#14664));
#14666=PRESENTATION_STYLE_ASSIGNMENT((#14673));
#14667=PRESENTATION_STYLE_ASSIGNMENT((#14674));
#14668=PRESENTATION_STYLE_ASSIGNMENT((#14675));
#14669=PRESENTATION_STYLE_ASSIGNMENT((#14676));
#14670=PRESENTATION_STYLE_ASSIGNMENT((#14677));
#14671=PRESENTATION_STYLE_ASSIGNMENT((#14678));
#14672=PRESENTATION_STYLE_ASSIGNMENT((#14679));
#14673=SURFACE_STYLE_USAGE(.BOTH.,#14680);
#14674=SURFACE_STYLE_USAGE(.BOTH.,#14681);
#14675=SURFACE_STYLE_USAGE(.BOTH.,#14682);
#14676=SURFACE_STYLE_USAGE(.BOTH.,#14683);
#14677=SURFACE_STYLE_USAGE(.BOTH.,#14684);
#14678=SURFACE_STYLE_USAGE(.BOTH.,#14685);
#14679=SURFACE_STYLE_USAGE(.BOTH.,#14686);
#14680=SURFACE_SIDE_STYLE('',(#14687));
#14681=SURFACE_SIDE_STYLE('',(#14688));
#14682=SURFACE_SIDE_STYLE('',(#14689));
#14683=SURFACE_SIDE_STYLE('',(#14690));
#14684=SURFACE_SIDE_STYLE('',(#14691));
#14685=SURFACE_SIDE_STYLE('',(#14692));
#14686=SURFACE_SIDE_STYLE('',(#14693));
#14687=SURFACE_STYLE_FILL_AREA(#14694);
#14688=SURFACE_STYLE_FILL_AREA(#14695);
#14689=SURFACE_STYLE_FILL_AREA(#14696);
#14690=SURFACE_STYLE_FILL_AREA(#14697);
#14691=SURFACE_STYLE_FILL_AREA(#14698);
#14692=SURFACE_STYLE_FILL_AREA(#14699);
#14693=SURFACE_STYLE_FILL_AREA(#14700);
#14694=FILL_AREA_STYLE('Stahl - satiniert',(#14701));
#14695=FILL_AREA_STYLE('Kunststoff - matt (Schwarz)',(#14702));
#14696=FILL_AREA_STYLE('Farbe - Metallic (Dunkelgrau)',(#14703));
#14697=FILL_AREA_STYLE('Gummi - weich',(#14704));
#14698=FILL_AREA_STYLE('Kunststoff - matt (Rot)',(#14705));
#14699=FILL_AREA_STYLE('Glas (Grau)',(#14706));
#14700=FILL_AREA_STYLE('Farbe - Emaille gl\X\E4nzend (Schwarz)',(#14707));
#14701=FILL_AREA_STYLE_COLOUR('Stahl - satiniert',#14708);
#14702=FILL_AREA_STYLE_COLOUR('Kunststoff - matt (Schwarz)',#14709);
#14703=FILL_AREA_STYLE_COLOUR('Farbe - Metallic (Dunkelgrau)',#14710);
#14704=FILL_AREA_STYLE_COLOUR('Gummi - weich',#14711);
#14705=FILL_AREA_STYLE_COLOUR('Kunststoff - matt (Rot)',#14712);
#14706=FILL_AREA_STYLE_COLOUR('Glas (Grau)',#14713);
#14707=FILL_AREA_STYLE_COLOUR('Farbe - Emaille gl\X\E4nzend (Schwarz)',
#14714);
#14708=COLOUR_RGB('Stahl - satiniert',0.627450980392157,0.627450980392157,
0.627450980392157);
#14709=COLOUR_RGB('Kunststoff - matt (Schwarz)',0.0980392156862745,0.0980392156862745,
0.0980392156862745);
#14710=COLOUR_RGB('Farbe - Metallic (Dunkelgrau)',0.349019607843137,0.349019607843137,
0.349019607843137);
#14711=COLOUR_RGB('Gummi - weich',0.152941176470588,0.152941176470588,0.152941176470588);
#14712=COLOUR_RGB('Kunststoff - matt (Rot)',0.768627450980392,0.207843137254902,
0.152941176470588);
#14713=COLOUR_RGB('Glas (Grau)',0.701960784313725,0.701960784313725,0.701960784313725);
#14714=COLOUR_RGB('Farbe - Emaille gl\X\E4nzend (Schwarz)',0.0980392156862745,
0.0980392156862745,0.0980392156862745);
ENDSEC;
END-ISO-10303-21;
